entity_id,state,last_changed
sensor.air_quality_monitor_humidity,unavailable,2026-08-22T04:00:00.000Z
sensor.air_quality_monitor_humidity,unknown,2026-08-22T04:19:33.379Z
sensor.air_quality_monitor_humidity,59.7976684570312,2026-08-22T04:19:39.291Z
sensor.air_quality_monitor_humidity,61.9003295898438,2026-08-22T04:19:49.292Z
sensor.air_quality_monitor_humidity,63.7771606445312,2026-08-22T04:19:59.292Z
sensor.air_quality_monitor_humidity,65.350341796875,2026-08-22T04:20:09.292Z
sensor.air_quality_monitor_humidity,67.510986328125,2026-08-22T04:20:19.292Z
sensor.air_quality_monitor_humidity,68.7271118164062,2026-08-22T04:20:29.293Z
sensor.air_quality_monitor_humidity,69.7601318359375,2026-08-22T04:20:39.296Z
sensor.air_quality_monitor_humidity,70.7305908203125,2026-08-22T04:20:49.296Z
sensor.air_quality_monitor_humidity,71.5057373046875,2026-08-22T04:20:59.298Z
sensor.air_quality_monitor_humidity,72.1786499023438,2026-08-22T04:21:09.298Z
sensor.air_quality_monitor_humidity,72.784423828125,2026-08-22T04:21:19.299Z
sensor.air_quality_monitor_humidity,73.54736328125,2026-08-22T04:21:29.296Z
sensor.air_quality_monitor_humidity,73.9364624023438,2026-08-22T04:21:39.299Z
sensor.air_quality_monitor_humidity,74.2507934570312,2026-08-22T04:21:49.299Z
sensor.air_quality_monitor_humidity,74.5025634765625,2026-08-22T04:21:59.300Z
sensor.air_quality_monitor_humidity,74.7650146484375,2026-08-22T04:22:09.300Z
sensor.air_quality_monitor_humidity,75.0030517578125,2026-08-22T04:22:19.300Z
sensor.air_quality_monitor_humidity,75.0762939453125,2026-08-22T04:22:29.308Z
sensor.air_quality_monitor_humidity,75.3753662109375,2026-08-22T04:22:39.305Z
sensor.air_quality_monitor_humidity,75.372314453125,2026-08-22T04:22:49.305Z
sensor.air_quality_monitor_humidity,75.4119873046875,2026-08-22T04:22:59.305Z
sensor.air_quality_monitor_humidity,75.5035400390625,2026-08-22T04:23:09.305Z
sensor.air_quality_monitor_humidity,75.531005859375,2026-08-22T04:23:19.306Z
sensor.air_quality_monitor_humidity,75.5905151367188,2026-08-22T04:23:29.309Z
sensor.air_quality_monitor_humidity,75.5767822265625,2026-08-22T04:23:39.311Z
sensor.air_quality_monitor_humidity,75.5630493164062,2026-08-22T04:23:49.315Z
sensor.air_quality_monitor_humidity,75.5401611328125,2026-08-22T04:23:59.318Z
sensor.air_quality_monitor_humidity,75.5584716796875,2026-08-22T04:24:09.317Z
sensor.air_quality_monitor_humidity,75.506591796875,2026-08-22T04:24:19.318Z
sensor.air_quality_monitor_humidity,75.5157470703125,2026-08-22T04:24:29.316Z
sensor.air_quality_monitor_humidity,75.45166015625,2026-08-22T04:24:39.316Z
sensor.air_quality_monitor_humidity,75.4302978515625,2026-08-22T04:24:49.316Z
sensor.air_quality_monitor_humidity,75.3997802734375,2026-08-22T04:24:59.320Z
sensor.air_quality_monitor_humidity,75.3387451171875,2026-08-22T04:25:09.321Z
sensor.air_quality_monitor_humidity,75.299072265625,2026-08-22T04:25:19.326Z
sensor.air_quality_monitor_humidity,75.1785278320312,2026-08-22T04:25:29.326Z
sensor.air_quality_monitor_humidity,75.0991821289062,2026-08-22T04:25:49.328Z
sensor.air_quality_monitor_humidity,75.0625610351562,2026-08-22T04:25:59.330Z
sensor.air_quality_monitor_humidity,74.9649047851562,2026-08-22T04:26:09.329Z
sensor.air_quality_monitor_humidity,74.896240234375,2026-08-22T04:26:19.329Z
sensor.air_quality_monitor_humidity,74.8580932617188,2026-08-22T04:26:29.334Z
sensor.air_quality_monitor_humidity,74.79248046875,2026-08-22T04:26:39.333Z
sensor.air_quality_monitor_humidity,74.7543334960938,2026-08-22T04:26:49.324Z
sensor.air_quality_monitor_humidity,74.7085571289062,2026-08-22T04:26:59.332Z
sensor.air_quality_monitor_humidity,74.603271484375,2026-08-22T04:27:09.334Z
sensor.air_quality_monitor_humidity,74.5574951171875,2026-08-22T04:27:19.334Z
sensor.air_quality_monitor_humidity,74.51171875,2026-08-22T04:27:29.331Z
sensor.air_quality_monitor_humidity,74.49951171875,2026-08-22T04:27:39.331Z
sensor.air_quality_monitor_humidity,74.40185546875,2026-08-22T04:27:49.332Z
sensor.air_quality_monitor_humidity,74.3438720703125,2026-08-22T04:27:59.334Z
sensor.air_quality_monitor_humidity,74.2630004882812,2026-08-22T04:28:09.332Z
sensor.air_quality_monitor_humidity,74.1546630859375,2026-08-22T04:28:19.333Z
sensor.air_quality_monitor_humidity,74.10888671875,2026-08-22T04:28:29.338Z
sensor.air_quality_monitor_humidity,74.0615844726562,2026-08-22T04:28:39.341Z
sensor.air_quality_monitor_humidity,74.017333984375,2026-08-22T04:28:49.342Z
sensor.air_quality_monitor_humidity,73.944091796875,2026-08-22T04:28:59.350Z
sensor.air_quality_monitor_humidity,73.8967895507812,2026-08-22T04:29:09.348Z
sensor.air_quality_monitor_humidity,73.779296875,2026-08-22T04:29:19.347Z
sensor.air_quality_monitor_humidity,73.7442016601562,2026-08-22T04:29:29.348Z
sensor.air_quality_monitor_humidity,73.6801147460938,2026-08-22T04:29:39.351Z
sensor.air_quality_monitor_humidity,73.6190795898438,2026-08-22T04:29:49.351Z
sensor.air_quality_monitor_humidity,73.5275268554688,2026-08-22T04:29:59.351Z
sensor.air_quality_monitor_humidity,73.4848022460938,2026-08-22T04:30:09.349Z
sensor.air_quality_monitor_humidity,73.4024047851562,2026-08-22T04:30:19.351Z
sensor.air_quality_monitor_humidity,73.4100341796875,2026-08-22T04:30:29.352Z
sensor.air_quality_monitor_humidity,73.3154296875,2026-08-22T04:30:39.345Z
sensor.air_quality_monitor_humidity,73.2681274414062,2026-08-22T04:30:49.346Z
sensor.air_quality_monitor_humidity,73.1307983398438,2026-08-22T04:30:59.346Z
sensor.air_quality_monitor_humidity,73.1430053710938,2026-08-22T04:31:09.346Z
sensor.air_quality_monitor_humidity,73.0361938476562,2026-08-22T04:31:19.347Z
sensor.air_quality_monitor_humidity,73.0072021484375,2026-08-22T04:31:29.350Z
sensor.air_quality_monitor_humidity,72.9385375976562,2026-08-22T04:31:39.353Z
sensor.air_quality_monitor_humidity,72.882080078125,2026-08-22T04:31:49.355Z
sensor.air_quality_monitor_humidity,72.7935791015625,2026-08-22T04:31:59.356Z
sensor.air_quality_monitor_humidity,72.7188110351562,2026-08-22T04:32:09.344Z
sensor.air_quality_monitor_humidity,72.7081298828125,2026-08-22T04:32:19.346Z
sensor.air_quality_monitor_humidity,72.6333618164062,2026-08-22T04:32:29.354Z
sensor.air_quality_monitor_humidity,72.6318359375,2026-08-22T04:32:39.356Z
sensor.air_quality_monitor_humidity,72.5112915039062,2026-08-22T04:32:49.345Z
sensor.air_quality_monitor_humidity,72.4578857421875,2026-08-22T04:32:59.345Z
sensor.air_quality_monitor_humidity,72.3922729492188,2026-08-22T04:33:09.346Z
sensor.air_quality_monitor_humidity,72.3190307617188,2026-08-22T04:33:19.346Z
sensor.air_quality_monitor_humidity,72.2732543945312,2026-08-22T04:33:29.352Z
sensor.air_quality_monitor_humidity,72.25341796875,2026-08-22T04:33:39.350Z
sensor.air_quality_monitor_humidity,72.1923828125,2026-08-22T04:33:49.352Z
sensor.air_quality_monitor_humidity,72.1466064453125,2026-08-22T04:33:59.353Z
sensor.air_quality_monitor_humidity,72.0382690429688,2026-08-22T04:34:09.353Z
sensor.air_quality_monitor_humidity,72.0367431640625,2026-08-22T04:34:19.354Z
sensor.air_quality_monitor_humidity,71.9863891601562,2026-08-22T04:34:29.355Z
sensor.air_quality_monitor_humidity,71.8856811523438,2026-08-22T04:34:39.358Z
sensor.air_quality_monitor_humidity,71.881103515625,2026-08-22T04:34:49.362Z
sensor.air_quality_monitor_humidity,71.8353271484375,2026-08-22T04:34:59.366Z
sensor.air_quality_monitor_humidity,71.7514038085938,2026-08-22T04:35:09.366Z
sensor.air_quality_monitor_humidity,71.6842651367188,2026-08-22T04:35:19.367Z
sensor.air_quality_monitor_humidity,71.64306640625,2026-08-22T04:35:29.370Z
sensor.air_quality_monitor_humidity,71.5866088867188,2026-08-22T04:35:39.371Z
sensor.air_quality_monitor_humidity,71.5911865234375,2026-08-22T04:35:49.377Z
sensor.air_quality_monitor_humidity,71.5072631835938,2026-08-22T04:35:59.371Z
sensor.air_quality_monitor_humidity,71.4553833007812,2026-08-22T04:36:09.372Z
sensor.air_quality_monitor_humidity,71.4202880859375,2026-08-22T04:36:19.374Z
sensor.air_quality_monitor_humidity,71.3485717773438,2026-08-22T04:36:29.372Z
sensor.air_quality_monitor_humidity,71.3027954101562,2026-08-22T04:36:39.377Z
sensor.air_quality_monitor_humidity,71.270751953125,2026-08-22T04:36:49.380Z
sensor.air_quality_monitor_humidity,71.1990356445312,2026-08-22T04:36:59.375Z
sensor.air_quality_monitor_humidity,71.15478515625,2026-08-22T04:37:09.377Z
sensor.air_quality_monitor_humidity,71.0983276367188,2026-08-22T04:37:19.382Z
sensor.air_quality_monitor_humidity,71.0723876953125,2026-08-22T04:37:29.378Z
sensor.air_quality_monitor_humidity,71.0235595703125,2026-08-22T04:37:39.382Z
sensor.air_quality_monitor_humidity,70.947265625,2026-08-22T04:37:49.383Z
sensor.air_quality_monitor_humidity,70.9625244140625,2026-08-22T04:37:59.384Z
sensor.air_quality_monitor_humidity,70.892333984375,2026-08-22T04:38:09.384Z
sensor.air_quality_monitor_humidity,70.8358764648438,2026-08-22T04:38:19.383Z
sensor.air_quality_monitor_humidity,70.7763671875,2026-08-22T04:38:29.389Z
sensor.air_quality_monitor_humidity,70.7839965820312,2026-08-22T04:38:39.382Z
sensor.air_quality_monitor_humidity,70.7046508789062,2026-08-22T04:38:49.384Z
sensor.air_quality_monitor_humidity,70.6588745117188,2026-08-22T04:38:59.384Z
sensor.air_quality_monitor_humidity,70.6512451171875,2026-08-22T04:39:09.383Z
sensor.air_quality_monitor_humidity,70.5795288085938,2026-08-22T04:39:19.383Z
sensor.air_quality_monitor_humidity,70.5459594726562,2026-08-22T04:39:29.390Z
sensor.air_quality_monitor_humidity,70.5368041992188,2026-08-22T04:39:39.387Z
sensor.air_quality_monitor_humidity,70.4574584960938,2026-08-22T04:39:49.393Z
sensor.air_quality_monitor_humidity,70.4330444335938,2026-08-22T04:39:59.393Z
sensor.air_quality_monitor_humidity,70.3948974609375,2026-08-22T04:40:09.395Z
sensor.air_quality_monitor_humidity,70.3887939453125,2026-08-22T04:40:19.396Z
sensor.air_quality_monitor_humidity,70.3292846679688,2026-08-22T04:40:29.395Z
sensor.air_quality_monitor_humidity,70.2774047851562,2026-08-22T04:40:39.400Z
sensor.air_quality_monitor_humidity,70.32470703125,2026-08-22T04:40:49.401Z
sensor.air_quality_monitor_humidity,70.1934814453125,2026-08-22T04:40:59.402Z
sensor.air_quality_monitor_humidity,70.166015625,2026-08-22T04:41:09.397Z
sensor.air_quality_monitor_humidity,70.1522827148438,2026-08-22T04:41:19.403Z
sensor.air_quality_monitor_humidity,70.062255859375,2026-08-22T04:41:29.409Z
sensor.air_quality_monitor_humidity,70.0531005859375,2026-08-22T04:41:39.406Z
sensor.air_quality_monitor_humidity,70.0469970703125,2026-08-22T04:41:49.408Z
sensor.air_quality_monitor_humidity,69.9691772460938,2026-08-22T04:41:59.411Z
sensor.air_quality_monitor_humidity,69.891357421875,2026-08-22T04:42:09.408Z
sensor.air_quality_monitor_humidity,69.8989868164062,2026-08-22T04:42:19.403Z
sensor.air_quality_monitor_humidity,69.873046875,2026-08-22T04:42:29.409Z
sensor.air_quality_monitor_humidity,69.879150390625,2026-08-22T04:42:39.414Z
sensor.air_quality_monitor_humidity,69.818115234375,2026-08-22T04:42:49.419Z
sensor.air_quality_monitor_humidity,69.7616577148438,2026-08-22T04:42:59.419Z
sensor.air_quality_monitor_humidity,69.744873046875,2026-08-22T04:43:09.428Z
sensor.air_quality_monitor_humidity,69.6853637695312,2026-08-22T04:43:19.430Z
sensor.air_quality_monitor_humidity,69.6685791015625,2026-08-22T04:43:29.446Z
sensor.air_quality_monitor_humidity,69.6380615234375,2026-08-22T04:43:39.439Z
sensor.air_quality_monitor_humidity,69.598388671875,2026-08-22T04:43:49.444Z
sensor.air_quality_monitor_humidity,69.5297241210938,2026-08-22T04:43:59.454Z
sensor.air_quality_monitor_humidity,69.5388793945312,2026-08-22T04:44:09.450Z
sensor.air_quality_monitor_humidity,69.4793701171875,2026-08-22T04:44:19.452Z
sensor.air_quality_monitor_humidity,69.4610595703125,2026-08-22T04:44:29.464Z
sensor.air_quality_monitor_humidity,69.3954467773438,2026-08-22T04:44:39.455Z
sensor.air_quality_monitor_humidity,69.378662109375,2026-08-22T04:44:49.459Z
sensor.air_quality_monitor_humidity,69.3695068359375,2026-08-22T04:44:59.460Z
sensor.air_quality_monitor_humidity,69.3206787109375,2026-08-22T04:45:09.465Z
sensor.air_quality_monitor_humidity,69.2581176757812,2026-08-22T04:45:19.475Z
sensor.air_quality_monitor_humidity,69.2092895507812,2026-08-22T04:45:29.478Z
sensor.air_quality_monitor_humidity,69.2138671875,2026-08-22T04:45:39.489Z
sensor.air_quality_monitor_humidity,69.1909790039062,2026-08-22T04:45:49.491Z
sensor.air_quality_monitor_humidity,69.1436767578125,2026-08-22T04:45:59.492Z
sensor.air_quality_monitor_humidity,69.1513061523438,2026-08-22T04:46:09.502Z
sensor.air_quality_monitor_humidity,69.0628051757812,2026-08-22T04:46:19.509Z
sensor.air_quality_monitor_humidity,69.0155029296875,2026-08-22T04:46:29.512Z
sensor.air_quality_monitor_humidity,69.0216064453125,2026-08-22T04:46:39.513Z
sensor.air_quality_monitor_humidity,68.9834594726562,2026-08-22T04:46:49.516Z
sensor.air_quality_monitor_humidity,68.9300537109375,2026-08-22T04:46:59.518Z
sensor.air_quality_monitor_humidity,68.963623046875,2026-08-22T04:47:09.520Z
sensor.air_quality_monitor_humidity,68.8644409179688,2026-08-22T04:47:19.519Z
sensor.air_quality_monitor_humidity,68.8629150390625,2026-08-22T04:47:29.514Z
sensor.air_quality_monitor_humidity,68.8034057617188,2026-08-22T04:47:39.523Z
sensor.air_quality_monitor_humidity,68.865966796875,2026-08-22T04:47:49.522Z
sensor.air_quality_monitor_humidity,68.7774658203125,2026-08-22T04:47:59.523Z
sensor.air_quality_monitor_humidity,68.792724609375,2026-08-22T04:48:09.524Z
sensor.air_quality_monitor_humidity,68.768310546875,2026-08-22T04:48:19.527Z
sensor.air_quality_monitor_humidity,68.7042236328125,2026-08-22T04:48:29.529Z
sensor.air_quality_monitor_humidity,68.6752319335938,2026-08-22T04:48:39.540Z
sensor.air_quality_monitor_humidity,68.6599731445312,2026-08-22T04:48:49.545Z
sensor.air_quality_monitor_humidity,68.5989379882812,2026-08-22T04:48:59.545Z
sensor.air_quality_monitor_humidity,68.5577392578125,2026-08-22T04:49:09.546Z
sensor.air_quality_monitor_humidity,68.5592651367188,2026-08-22T04:49:19.546Z
sensor.air_quality_monitor_humidity,68.5287475585938,2026-08-22T04:49:29.541Z
sensor.air_quality_monitor_humidity,68.5226440429688,2026-08-22T04:49:39.546Z
sensor.air_quality_monitor_humidity,68.4783935546875,2026-08-22T04:49:49.542Z
sensor.air_quality_monitor_humidity,68.4661865234375,2026-08-22T04:49:59.559Z
sensor.air_quality_monitor_humidity,68.4478759765625,2026-08-22T04:50:09.561Z
sensor.air_quality_monitor_humidity,68.4234619140625,2026-08-22T04:50:19.561Z
sensor.air_quality_monitor_humidity,68.4249877929688,2026-08-22T04:50:29.564Z
sensor.air_quality_monitor_humidity,68.3944702148438,2026-08-22T04:50:39.571Z
sensor.air_quality_monitor_humidity,68.341064453125,2026-08-22T04:50:49.584Z
sensor.air_quality_monitor_humidity,68.3395385742188,2026-08-22T04:50:59.584Z
sensor.air_quality_monitor_humidity,68.3197021484375,2026-08-22T04:51:09.584Z
sensor.air_quality_monitor_humidity,68.2907104492188,2026-08-22T04:51:19.585Z
sensor.air_quality_monitor_humidity,68.2266235351562,2026-08-22T04:51:29.579Z
sensor.air_quality_monitor_humidity,68.212890625,2026-08-22T04:51:39.585Z
sensor.air_quality_monitor_humidity,68.1991577148438,2026-08-22T04:51:49.585Z
sensor.air_quality_monitor_humidity,68.1564331054688,2026-08-22T04:51:59.589Z
sensor.air_quality_monitor_humidity,68.1533813476562,2026-08-22T04:52:09.591Z
sensor.air_quality_monitor_humidity,68.1671142578125,2026-08-22T04:52:19.591Z
sensor.air_quality_monitor_humidity,68.1243896484375,2026-08-22T04:52:29.586Z
sensor.air_quality_monitor_humidity,68.1320190429688,2026-08-22T04:52:39.596Z
sensor.air_quality_monitor_humidity,68.060302734375,2026-08-22T04:52:49.604Z
sensor.air_quality_monitor_humidity,68.0618286132812,2026-08-22T04:52:59.623Z
sensor.air_quality_monitor_humidity,68.0511474609375,2026-08-22T04:53:09.608Z
sensor.air_quality_monitor_humidity,68.0328369140625,2026-08-22T04:53:19.609Z
sensor.air_quality_monitor_humidity,67.9656982421875,2026-08-22T04:53:29.627Z
sensor.air_quality_monitor_humidity,67.9580688476562,2026-08-22T04:53:39.624Z
sensor.air_quality_monitor_humidity,67.9733276367188,2026-08-22T04:53:49.623Z
sensor.air_quality_monitor_humidity,67.9351806640625,2026-08-22T04:53:59.624Z
sensor.air_quality_monitor_humidity,67.8817749023438,2026-08-22T04:54:09.624Z
sensor.air_quality_monitor_humidity,67.8726196289062,2026-08-22T04:54:19.624Z
sensor.air_quality_monitor_humidity,67.8192138671875,2026-08-22T04:54:29.627Z
sensor.air_quality_monitor_humidity,67.8619384765625,2026-08-22T04:54:39.641Z
sensor.air_quality_monitor_humidity,67.7932739257812,2026-08-22T04:54:49.642Z
sensor.air_quality_monitor_humidity,67.7459716796875,2026-08-22T04:55:09.644Z
sensor.air_quality_monitor_humidity,67.7383422851562,2026-08-22T04:55:19.645Z
sensor.air_quality_monitor_humidity,67.7017211914062,2026-08-22T04:55:29.657Z
sensor.air_quality_monitor_humidity,67.7291870117188,2026-08-22T04:55:39.648Z
sensor.air_quality_monitor_humidity,67.6834106445312,2026-08-22T04:55:49.651Z
sensor.air_quality_monitor_humidity,67.6788330078125,2026-08-22T04:55:59.651Z
sensor.air_quality_monitor_humidity,67.6361083984375,2026-08-22T04:56:09.657Z
sensor.air_quality_monitor_humidity,67.596435546875,2026-08-22T04:56:19.659Z
sensor.air_quality_monitor_humidity,67.584228515625,2026-08-22T04:56:29.659Z
sensor.air_quality_monitor_humidity,67.523193359375,2026-08-22T04:56:39.655Z
sensor.air_quality_monitor_humidity,67.5201416015625,2026-08-22T04:56:49.658Z
sensor.air_quality_monitor_humidity,67.5323486328125,2026-08-22T04:56:59.659Z
sensor.air_quality_monitor_humidity,67.510986328125,2026-08-22T04:57:09.660Z
sensor.air_quality_monitor_humidity,67.5003051757812,2026-08-22T04:57:19.662Z
sensor.air_quality_monitor_humidity,67.48046875,2026-08-22T04:57:29.677Z
sensor.air_quality_monitor_humidity,67.4545288085938,2026-08-22T04:57:39.664Z
sensor.air_quality_monitor_humidity,67.4667358398438,2026-08-22T04:57:49.667Z
sensor.air_quality_monitor_humidity,67.4423217773438,2026-08-22T04:57:59.672Z
sensor.air_quality_monitor_humidity,67.3980712890625,2026-08-22T04:58:09.673Z
sensor.air_quality_monitor_humidity,67.4072265625,2026-08-22T04:58:19.674Z
sensor.air_quality_monitor_humidity,67.32177734375,2026-08-22T04:58:29.674Z
sensor.air_quality_monitor_humidity,67.3370361328125,2026-08-22T04:58:39.687Z
sensor.air_quality_monitor_humidity,67.3355102539062,2026-08-22T04:58:49.687Z
sensor.air_quality_monitor_humidity,67.3370361328125,2026-08-22T04:58:59.689Z
sensor.air_quality_monitor_humidity,67.24853515625,2026-08-22T04:59:09.692Z
sensor.air_quality_monitor_humidity,67.2698974609375,2026-08-22T04:59:19.692Z
sensor.air_quality_monitor_humidity,67.2271728515625,2026-08-22T04:59:29.705Z
sensor.air_quality_monitor_humidity,67.1981811523438,2026-08-22T04:59:39.710Z
sensor.air_quality_monitor_humidity,67.2210693359375,2026-08-22T04:59:49.710Z
sensor.air_quality_monitor_humidity,67.1478271484375,2026-08-22T04:59:59.712Z
sensor.air_quality_monitor_humidity,67.1127319335938,2026-08-22T05:00:09.713Z
sensor.air_quality_monitor_humidity,67.15087890625,2026-08-22T05:00:19.726Z
sensor.air_quality_monitor_humidity,67.0761108398438,2026-08-22T05:00:29.720Z
sensor.air_quality_monitor_humidity,67.1279907226562,2026-08-22T05:00:39.727Z
sensor.air_quality_monitor_humidity,67.0578002929688,2026-08-22T05:00:49.731Z
sensor.air_quality_monitor_humidity,67.0761108398438,2026-08-22T05:00:59.731Z
sensor.air_quality_monitor_humidity,67.0852661132812,2026-08-22T05:01:09.733Z
sensor.air_quality_monitor_humidity,67.059326171875,2026-08-22T05:01:19.734Z
sensor.air_quality_monitor_humidity,67.0578002929688,2026-08-22T05:01:29.745Z
sensor.air_quality_monitor_humidity,67.0150756835938,2026-08-22T05:01:39.737Z
sensor.air_quality_monitor_humidity,66.9876098632812,2026-08-22T05:01:49.738Z
sensor.air_quality_monitor_humidity,67.0333862304688,2026-08-22T05:01:59.743Z
sensor.air_quality_monitor_humidity,67.0257568359375,2026-08-22T05:02:09.750Z
sensor.air_quality_monitor_humidity,66.9464111328125,2026-08-22T05:02:19.746Z
sensor.air_quality_monitor_humidity,66.9479370117188,2026-08-22T05:02:29.750Z
sensor.air_quality_monitor_humidity,66.949462890625,2026-08-22T05:02:39.747Z
sensor.air_quality_monitor_humidity,66.9342041015625,2026-08-22T05:02:49.754Z
sensor.air_quality_monitor_humidity,66.9219970703125,2026-08-22T05:02:59.751Z
sensor.air_quality_monitor_humidity,66.8609619140625,2026-08-22T05:03:09.752Z
sensor.air_quality_monitor_humidity,66.9036865234375,2026-08-22T05:03:19.754Z
sensor.air_quality_monitor_humidity,66.8304443359375,2026-08-22T05:03:29.766Z
sensor.air_quality_monitor_humidity,66.8075561523438,2026-08-22T05:03:39.761Z
sensor.air_quality_monitor_humidity,66.8228149414062,2026-08-22T05:03:49.772Z
sensor.air_quality_monitor_humidity,66.8121337890625,2026-08-22T05:03:59.778Z
sensor.air_quality_monitor_humidity,66.7999267578125,2026-08-22T05:04:09.784Z
sensor.air_quality_monitor_humidity,66.7755126953125,2026-08-22T05:04:19.787Z
sensor.air_quality_monitor_humidity,66.7495727539062,2026-08-22T05:04:29.787Z
sensor.air_quality_monitor_humidity,66.7739868164062,2026-08-22T05:04:39.806Z
sensor.air_quality_monitor_humidity,66.748046875,2026-08-22T05:04:49.807Z
sensor.air_quality_monitor_humidity,66.7037963867188,2026-08-22T05:04:59.810Z
sensor.air_quality_monitor_humidity,66.7282104492188,2026-08-22T05:05:09.815Z
sensor.air_quality_monitor_humidity,66.71142578125,2026-08-22T05:05:19.823Z
sensor.air_quality_monitor_humidity,66.68701171875,2026-08-22T05:05:29.805Z
sensor.air_quality_monitor_humidity,66.6534423828125,2026-08-22T05:05:39.830Z
sensor.air_quality_monitor_humidity,66.61376953125,2026-08-22T05:05:49.821Z
sensor.air_quality_monitor_humidity,66.6580200195312,2026-08-22T05:05:59.825Z
sensor.air_quality_monitor_humidity,66.607666015625,2026-08-22T05:06:09.822Z
sensor.air_quality_monitor_humidity,66.6015625,2026-08-22T05:06:19.827Z
sensor.air_quality_monitor_humidity,66.595458984375,2026-08-22T05:06:29.814Z
sensor.air_quality_monitor_humidity,66.5771484375,2026-08-22T05:06:39.836Z
sensor.air_quality_monitor_humidity,66.5603637695312,2026-08-22T05:06:49.841Z
sensor.air_quality_monitor_humidity,66.5435791015625,2026-08-22T05:06:59.856Z
sensor.air_quality_monitor_humidity,66.5267944335938,2026-08-22T05:07:09.859Z
sensor.air_quality_monitor_humidity,66.4947509765625,2026-08-22T05:07:29.859Z
sensor.air_quality_monitor_humidity,66.5145874023438,2026-08-22T05:07:39.868Z
sensor.air_quality_monitor_humidity,66.5069580078125,2026-08-22T05:07:49.874Z
sensor.air_quality_monitor_humidity,66.4886474609375,2026-08-22T05:07:59.887Z
sensor.air_quality_monitor_humidity,66.46728515625,2026-08-22T05:08:09.890Z
sensor.air_quality_monitor_humidity,66.424560546875,2026-08-22T05:08:19.890Z
sensor.air_quality_monitor_humidity,66.4199829101562,2026-08-22T05:08:29.892Z
sensor.air_quality_monitor_humidity,66.3894653320312,2026-08-22T05:08:39.903Z
sensor.air_quality_monitor_humidity,66.4108276367188,2026-08-22T05:08:49.907Z
sensor.air_quality_monitor_humidity,66.3986206054688,2026-08-22T05:08:59.908Z
sensor.air_quality_monitor_humidity,66.3742065429688,2026-08-22T05:09:09.909Z
sensor.air_quality_monitor_humidity,66.3803100585938,2026-08-22T05:09:19.910Z
sensor.air_quality_monitor_humidity,66.3650512695312,2026-08-22T05:09:29.917Z
sensor.air_quality_monitor_humidity,66.3482666015625,2026-08-22T05:09:39.919Z
sensor.air_quality_monitor_humidity,66.302490234375,2026-08-22T05:09:49.919Z
sensor.air_quality_monitor_humidity,66.278076171875,2026-08-22T05:09:59.926Z
sensor.air_quality_monitor_humidity,66.3192749023438,2026-08-22T05:10:09.927Z
sensor.air_quality_monitor_humidity,66.3009643554688,2026-08-22T05:10:19.916Z
sensor.air_quality_monitor_humidity,66.2887573242188,2026-08-22T05:10:29.934Z
sensor.air_quality_monitor_humidity,66.2704467773438,2026-08-22T05:10:39.934Z
sensor.air_quality_monitor_humidity,66.241455078125,2026-08-22T05:10:49.938Z
sensor.air_quality_monitor_humidity,66.2567138671875,2026-08-22T05:10:59.938Z
sensor.air_quality_monitor_humidity,66.2368774414062,2026-08-22T05:11:09.936Z
sensor.air_quality_monitor_humidity,66.2078857421875,2026-08-22T05:11:19.938Z
sensor.air_quality_monitor_humidity,66.2002563476562,2026-08-22T05:11:29.930Z
sensor.air_quality_monitor_humidity,66.162109375,2026-08-22T05:11:39.947Z
sensor.air_quality_monitor_humidity,66.2033081054688,2026-08-22T05:11:49.949Z
sensor.air_quality_monitor_humidity,66.2094116210938,2026-08-22T05:11:59.956Z
sensor.air_quality_monitor_humidity,66.1392211914062,2026-08-22T05:12:09.954Z
sensor.air_quality_monitor_humidity,66.1422729492188,2026-08-22T05:12:19.956Z
sensor.air_quality_monitor_humidity,66.1712646484375,2026-08-22T05:12:29.942Z
sensor.air_quality_monitor_humidity,66.1148071289062,2026-08-22T05:12:39.960Z
sensor.air_quality_monitor_humidity,66.1346435546875,2026-08-22T05:12:49.962Z
sensor.air_quality_monitor_humidity,66.0980224609375,2026-08-22T05:12:59.967Z
sensor.air_quality_monitor_humidity,66.1117553710938,2026-08-22T05:13:09.969Z
sensor.air_quality_monitor_humidity,66.0964965820312,2026-08-22T05:13:19.970Z
sensor.air_quality_monitor_humidity,66.1026000976562,2026-08-22T05:13:29.961Z
sensor.air_quality_monitor_humidity,66.0430908203125,2026-08-22T05:13:39.980Z
sensor.air_quality_monitor_humidity,66.0598754882812,2026-08-22T05:13:49.982Z
sensor.air_quality_monitor_humidity,66.015625,2026-08-22T05:13:59.984Z
sensor.air_quality_monitor_humidity,66.0049438476562,2026-08-22T05:14:09.993Z
sensor.air_quality_monitor_humidity,66.0171508789062,2026-08-22T05:14:19.995Z
sensor.air_quality_monitor_humidity,65.9896850585938,2026-08-22T05:14:29.976Z
sensor.air_quality_monitor_humidity,66.0003662109375,2026-08-22T05:14:39.991Z
sensor.air_quality_monitor_humidity,65.966796875,2026-08-22T05:14:49.999Z
sensor.air_quality_monitor_humidity,65.9408569335938,2026-08-22T05:14:59.994Z
sensor.air_quality_monitor_humidity,65.936279296875,2026-08-22T05:15:10.002Z
sensor.air_quality_monitor_humidity,65.924072265625,2026-08-22T05:15:20.005Z
sensor.air_quality_monitor_humidity,65.8843994140625,2026-08-22T05:15:29.991Z
sensor.air_quality_monitor_humidity,65.9027099609375,2026-08-22T05:15:40.010Z
sensor.air_quality_monitor_humidity,65.9088134765625,2026-08-22T05:15:50.011Z
sensor.air_quality_monitor_humidity,65.8905029296875,2026-08-22T05:16:00.011Z
sensor.air_quality_monitor_humidity,65.8645629882812,2026-08-22T05:16:10.005Z
sensor.air_quality_monitor_humidity,65.85693359375,2026-08-22T05:16:20.012Z
sensor.air_quality_monitor_humidity,65.869140625,2026-08-22T05:16:30.026Z
sensor.air_quality_monitor_humidity,65.838623046875,2026-08-22T05:16:40.028Z
sensor.air_quality_monitor_humidity,65.8615112304688,2026-08-22T05:16:50.029Z
sensor.air_quality_monitor_humidity,65.7821655273438,2026-08-22T05:17:00.029Z
sensor.air_quality_monitor_humidity,65.8172607421875,2026-08-22T05:17:10.032Z
sensor.air_quality_monitor_humidity,65.8203125,2026-08-22T05:17:20.037Z
sensor.air_quality_monitor_humidity,65.7852172851562,2026-08-22T05:17:30.038Z
sensor.air_quality_monitor_humidity,65.8050537109375,2026-08-22T05:17:40.045Z
sensor.air_quality_monitor_humidity,65.7638549804688,2026-08-22T05:17:50.047Z
sensor.air_quality_monitor_humidity,65.8203125,2026-08-22T05:18:00.050Z
sensor.air_quality_monitor_humidity,65.7745361328125,2026-08-22T05:18:10.056Z
sensor.air_quality_monitor_humidity,65.765380859375,2026-08-22T05:18:20.056Z
sensor.air_quality_monitor_humidity,65.8172607421875,2026-08-22T05:18:30.061Z
sensor.air_quality_monitor_humidity,65.7302856445312,2026-08-22T05:18:40.071Z
sensor.air_quality_monitor_humidity,65.7333374023438,2026-08-22T05:18:50.074Z
sensor.air_quality_monitor_humidity,65.7241821289062,2026-08-22T05:19:00.081Z
sensor.air_quality_monitor_humidity,65.7363891601562,2026-08-22T05:19:10.081Z
sensor.air_quality_monitor_humidity,65.6692504882812,2026-08-22T05:19:20.082Z
sensor.air_quality_monitor_humidity,65.704345703125,2026-08-22T05:19:30.085Z
sensor.air_quality_monitor_humidity,65.6478881835938,2026-08-22T05:19:40.100Z
sensor.air_quality_monitor_humidity,65.679931640625,2026-08-22T05:19:50.105Z
sensor.air_quality_monitor_humidity,65.6707763671875,2026-08-22T05:20:00.112Z
sensor.air_quality_monitor_humidity,65.6768798828125,2026-08-22T05:20:10.113Z
sensor.air_quality_monitor_humidity,65.6890869140625,2026-08-22T05:20:20.114Z
sensor.air_quality_monitor_humidity,65.6982421875,2026-08-22T05:20:30.119Z
sensor.air_quality_monitor_humidity,65.6295776367188,2026-08-22T05:20:40.127Z
sensor.air_quality_monitor_humidity,65.6539916992188,2026-08-22T05:20:50.131Z
sensor.air_quality_monitor_humidity,65.5914306640625,2026-08-22T05:21:00.134Z
sensor.air_quality_monitor_humidity,65.6539916992188,2026-08-22T05:21:10.137Z
sensor.air_quality_monitor_humidity,65.6295776367188,2026-08-22T05:21:20.142Z
sensor.air_quality_monitor_humidity,65.5685424804688,2026-08-22T05:21:30.147Z
sensor.air_quality_monitor_humidity,65.5853271484375,2026-08-22T05:21:40.146Z
sensor.air_quality_monitor_humidity,65.61279296875,2026-08-22T05:21:50.154Z
sensor.air_quality_monitor_humidity,65.6005859375,2026-08-22T05:22:00.158Z
sensor.air_quality_monitor_humidity,65.53955078125,2026-08-22T05:22:10.162Z
sensor.air_quality_monitor_humidity,65.5685424804688,2026-08-22T05:22:20.164Z
sensor.air_quality_monitor_humidity,65.5029296875,2026-08-22T05:22:30.171Z
sensor.air_quality_monitor_humidity,65.5410766601562,2026-08-22T05:22:40.180Z
sensor.air_quality_monitor_humidity,65.533447265625,2026-08-22T05:22:50.200Z
sensor.air_quality_monitor_humidity,65.4937744140625,2026-08-22T05:23:00.199Z
sensor.air_quality_monitor_humidity,65.4678344726562,2026-08-22T05:23:10.207Z
sensor.air_quality_monitor_humidity,65.4708862304688,2026-08-22T05:23:20.209Z
sensor.air_quality_monitor_humidity,65.4739379882812,2026-08-22T05:23:30.217Z
sensor.air_quality_monitor_humidity,65.484619140625,2026-08-22T05:23:40.220Z
sensor.air_quality_monitor_humidity,65.4495239257812,2026-08-22T05:23:50.224Z
sensor.air_quality_monitor_humidity,65.447998046875,2026-08-22T05:24:00.227Z
sensor.air_quality_monitor_humidity,65.4342651367188,2026-08-22T05:24:10.229Z
sensor.air_quality_monitor_humidity,65.4251098632812,2026-08-22T05:24:20.234Z
sensor.air_quality_monitor_humidity,65.4678344726562,2026-08-22T05:24:30.240Z
sensor.air_quality_monitor_humidity,65.411376953125,2026-08-22T05:24:40.242Z
sensor.air_quality_monitor_humidity,65.4281616210938,2026-08-22T05:24:50.250Z
sensor.air_quality_monitor_humidity,65.3961181640625,2026-08-22T05:25:00.257Z
sensor.air_quality_monitor_humidity,65.3427124023438,2026-08-22T05:25:20.258Z
sensor.air_quality_monitor_humidity,65.3396606445312,2026-08-22T05:25:30.266Z
sensor.air_quality_monitor_humidity,65.3305053710938,2026-08-22T05:25:40.267Z
sensor.air_quality_monitor_humidity,65.3594970703125,2026-08-22T05:25:50.278Z
sensor.air_quality_monitor_humidity,65.39306640625,2026-08-22T05:26:00.280Z
sensor.air_quality_monitor_humidity,65.3335571289062,2026-08-22T05:26:10.282Z
sensor.air_quality_monitor_humidity,65.3549194335938,2026-08-22T05:26:20.282Z
sensor.air_quality_monitor_humidity,65.301513671875,2026-08-22T05:26:30.284Z
sensor.air_quality_monitor_humidity,65.2603149414062,2026-08-22T05:26:40.290Z
sensor.air_quality_monitor_humidity,65.3228759765625,2026-08-22T05:26:50.301Z
sensor.air_quality_monitor_humidity,65.3213500976562,2026-08-22T05:27:00.305Z
sensor.air_quality_monitor_humidity,65.338134765625,2026-08-22T05:27:10.307Z
sensor.air_quality_monitor_humidity,65.2435302734375,2026-08-22T05:27:20.309Z
sensor.air_quality_monitor_humidity,65.2877807617188,2026-08-22T05:27:30.315Z
sensor.air_quality_monitor_humidity,65.2587890625,2026-08-22T05:27:40.315Z
sensor.air_quality_monitor_humidity,65.3076171875,2026-08-22T05:27:50.319Z
sensor.air_quality_monitor_humidity,65.2862548828125,2026-08-22T05:28:00.324Z
sensor.air_quality_monitor_humidity,65.2984619140625,2026-08-22T05:28:10.326Z
sensor.air_quality_monitor_humidity,65.2420043945312,2026-08-22T05:28:20.330Z
sensor.air_quality_monitor_humidity,65.2587890625,2026-08-22T05:28:30.340Z
sensor.air_quality_monitor_humidity,65.2145385742188,2026-08-22T05:28:40.347Z
sensor.air_quality_monitor_humidity,65.2313232421875,2026-08-22T05:28:50.354Z
sensor.air_quality_monitor_humidity,65.2297973632812,2026-08-22T05:29:00.353Z
sensor.air_quality_monitor_humidity,65.2587890625,2026-08-22T05:29:10.356Z
sensor.air_quality_monitor_humidity,65.1947021484375,2026-08-22T05:29:20.359Z
sensor.air_quality_monitor_humidity,65.2313232421875,2026-08-22T05:29:30.362Z
sensor.air_quality_monitor_humidity,65.228271484375,2026-08-22T05:29:40.370Z
sensor.air_quality_monitor_humidity,65.1763916015625,2026-08-22T05:29:50.369Z
sensor.air_quality_monitor_humidity,65.2023315429688,2026-08-22T05:30:00.371Z
sensor.air_quality_monitor_humidity,65.1519775390625,2026-08-22T05:30:10.372Z
sensor.air_quality_monitor_humidity,65.1535034179688,2026-08-22T05:30:20.376Z
sensor.air_quality_monitor_humidity,65.1687622070312,2026-08-22T05:30:30.367Z
sensor.air_quality_monitor_humidity,65.2023315429688,2026-08-22T05:30:40.382Z
sensor.air_quality_monitor_humidity,65.1687622070312,2026-08-22T05:30:50.385Z
sensor.air_quality_monitor_humidity,65.1397705078125,2026-08-22T05:31:00.389Z
sensor.air_quality_monitor_humidity,65.1580810546875,2026-08-22T05:31:10.389Z
sensor.air_quality_monitor_humidity,65.106201171875,2026-08-22T05:31:20.391Z
sensor.air_quality_monitor_humidity,65.0985717773438,2026-08-22T05:31:30.380Z
sensor.air_quality_monitor_humidity,65.1458740234375,2026-08-22T05:31:40.399Z
sensor.air_quality_monitor_humidity,65.1611328125,2026-08-22T05:31:50.401Z
sensor.air_quality_monitor_humidity,65.0863647460938,2026-08-22T05:32:00.402Z
sensor.air_quality_monitor_humidity,65.0680541992188,2026-08-22T05:32:10.404Z
sensor.air_quality_monitor_humidity,65.0711059570312,2026-08-22T05:32:20.407Z
sensor.air_quality_monitor_humidity,65.0970458984375,2026-08-22T05:32:30.398Z
sensor.air_quality_monitor_humidity,65.0604248046875,2026-08-22T05:32:50.417Z
sensor.air_quality_monitor_humidity,65.1336669921875,2026-08-22T05:33:00.418Z
sensor.air_quality_monitor_humidity,65.07568359375,2026-08-22T05:33:10.422Z
sensor.air_quality_monitor_humidity,65.0054931640625,2026-08-22T05:33:20.427Z
sensor.air_quality_monitor_humidity,65.0894165039062,2026-08-22T05:33:30.419Z
sensor.air_quality_monitor_humidity,65.0238037109375,2026-08-22T05:33:40.437Z
sensor.air_quality_monitor_humidity,65.0650024414062,2026-08-22T05:33:50.439Z
sensor.air_quality_monitor_humidity,65.0482177734375,2026-08-22T05:34:00.440Z
sensor.air_quality_monitor_humidity,65.0039672851562,2026-08-22T05:34:10.443Z
sensor.air_quality_monitor_humidity,65.0421142578125,2026-08-22T05:34:20.444Z
sensor.air_quality_monitor_humidity,65.045166015625,2026-08-22T05:34:30.433Z
sensor.air_quality_monitor_humidity,65.0421142578125,2026-08-22T05:34:40.450Z
sensor.air_quality_monitor_humidity,64.9856567382812,2026-08-22T05:34:50.451Z
sensor.air_quality_monitor_humidity,65.0146484375,2026-08-22T05:35:00.452Z
sensor.air_quality_monitor_humidity,64.9978637695312,2026-08-22T05:35:10.461Z
sensor.air_quality_monitor_humidity,65.0161743164062,2026-08-22T05:35:20.454Z
sensor.air_quality_monitor_humidity,65.0344848632812,2026-08-22T05:35:30.467Z
sensor.air_quality_monitor_humidity,64.9688720703125,2026-08-22T05:35:40.473Z
sensor.air_quality_monitor_humidity,64.9978637695312,2026-08-22T05:35:50.471Z
sensor.air_quality_monitor_humidity,65.0161743164062,2026-08-22T05:36:00.475Z
sensor.air_quality_monitor_humidity,65.0146484375,2026-08-22T05:36:10.478Z
sensor.air_quality_monitor_humidity,64.923095703125,2026-08-22T05:36:20.482Z
sensor.air_quality_monitor_humidity,65.0039672851562,2026-08-22T05:36:30.485Z
sensor.air_quality_monitor_humidity,64.9917602539062,2026-08-22T05:36:40.491Z
sensor.air_quality_monitor_humidity,64.959716796875,2026-08-22T05:36:50.497Z
sensor.air_quality_monitor_humidity,64.9673461914062,2026-08-22T05:37:00.505Z
sensor.air_quality_monitor_humidity,64.9505615234375,2026-08-22T05:37:10.507Z
sensor.air_quality_monitor_humidity,64.92919921875,2026-08-22T05:37:20.508Z
sensor.air_quality_monitor_humidity,64.9673461914062,2026-08-22T05:37:30.513Z
sensor.air_quality_monitor_humidity,64.9520874023438,2026-08-22T05:37:40.527Z
sensor.air_quality_monitor_humidity,64.9673461914062,2026-08-22T05:37:50.529Z
sensor.air_quality_monitor_humidity,64.9383544921875,2026-08-22T05:38:00.528Z
sensor.air_quality_monitor_humidity,64.9581909179688,2026-08-22T05:38:10.531Z
sensor.air_quality_monitor_humidity,64.9398803710938,2026-08-22T05:38:20.534Z
sensor.air_quality_monitor_humidity,64.923095703125,2026-08-22T05:38:30.544Z
sensor.air_quality_monitor_humidity,64.9063110351562,2026-08-22T05:38:40.542Z
sensor.air_quality_monitor_humidity,64.9139404296875,2026-08-22T05:38:50.542Z
sensor.air_quality_monitor_humidity,64.8956298828125,2026-08-22T05:39:00.547Z
sensor.air_quality_monitor_humidity,64.84375,2026-08-22T05:39:10.544Z
sensor.air_quality_monitor_humidity,64.8696899414062,2026-08-22T05:39:20.548Z
sensor.air_quality_monitor_humidity,64.8971557617188,2026-08-22T05:39:30.553Z
sensor.air_quality_monitor_humidity,64.8941040039062,2026-08-22T05:39:40.559Z
sensor.air_quality_monitor_humidity,64.8544311523438,2026-08-22T05:39:50.564Z
sensor.air_quality_monitor_humidity,64.8391723632812,2026-08-22T05:40:00.579Z
sensor.air_quality_monitor_humidity,64.8483276367188,2026-08-22T05:40:10.578Z
sensor.air_quality_monitor_humidity,64.8345947265625,2026-08-22T05:40:20.579Z
sensor.air_quality_monitor_humidity,64.8452758789062,2026-08-22T05:40:30.591Z
sensor.air_quality_monitor_humidity,64.8513793945312,2026-08-22T05:40:40.594Z
sensor.air_quality_monitor_humidity,64.8239135742188,2026-08-22T05:40:50.596Z
sensor.air_quality_monitor_humidity,64.8284912109375,2026-08-22T05:41:00.598Z
sensor.air_quality_monitor_humidity,64.8056030273438,2026-08-22T05:41:10.601Z
sensor.air_quality_monitor_humidity,64.8147583007812,2026-08-22T05:41:20.605Z
sensor.air_quality_monitor_humidity,64.80712890625,2026-08-22T05:41:30.613Z
sensor.air_quality_monitor_humidity,64.7811889648438,2026-08-22T05:41:40.614Z
sensor.air_quality_monitor_humidity,64.7964477539062,2026-08-22T05:41:50.617Z
sensor.air_quality_monitor_humidity,64.80712890625,2026-08-22T05:42:00.622Z
sensor.air_quality_monitor_humidity,64.7674560546875,2026-08-22T05:42:10.625Z
sensor.air_quality_monitor_humidity,64.7247314453125,2026-08-22T05:42:20.632Z
sensor.air_quality_monitor_humidity,64.752197265625,2026-08-22T05:42:30.640Z
sensor.air_quality_monitor_humidity,64.7796630859375,2026-08-22T05:42:40.642Z
sensor.air_quality_monitor_humidity,64.7979736328125,2026-08-22T05:42:50.646Z
sensor.air_quality_monitor_humidity,64.7430419921875,2026-08-22T05:43:00.648Z
sensor.air_quality_monitor_humidity,64.752197265625,2026-08-22T05:43:10.652Z
sensor.air_quality_monitor_humidity,64.7506713867188,2026-08-22T05:43:20.653Z
sensor.air_quality_monitor_humidity,64.7628784179688,2026-08-22T05:43:30.663Z
sensor.air_quality_monitor_humidity,64.7506713867188,2026-08-22T05:43:40.665Z
sensor.air_quality_monitor_humidity,64.7613525390625,2026-08-22T05:43:50.671Z
sensor.air_quality_monitor_humidity,64.7674560546875,2026-08-22T05:44:00.673Z
sensor.air_quality_monitor_humidity,64.7445678710938,2026-08-22T05:44:20.677Z
sensor.air_quality_monitor_humidity,64.7537231445312,2026-08-22T05:44:30.685Z
sensor.air_quality_monitor_humidity,64.6957397460938,2026-08-22T05:44:40.687Z
sensor.air_quality_monitor_humidity,64.7048950195312,2026-08-22T05:44:50.687Z
sensor.air_quality_monitor_humidity,64.6957397460938,2026-08-22T05:45:00.688Z
sensor.air_quality_monitor_humidity,64.7048950195312,2026-08-22T05:45:10.690Z
sensor.air_quality_monitor_humidity,64.752197265625,2026-08-22T05:45:20.693Z
sensor.air_quality_monitor_humidity,64.7567749023438,2026-08-22T05:45:30.681Z
sensor.air_quality_monitor_humidity,64.7109985351562,2026-08-22T05:45:40.702Z
sensor.air_quality_monitor_humidity,64.697265625,2026-08-22T05:45:50.704Z
sensor.air_quality_monitor_humidity,64.7415161132812,2026-08-22T05:46:00.707Z
sensor.air_quality_monitor_humidity,64.6957397460938,2026-08-22T05:46:10.707Z
sensor.air_quality_monitor_humidity,64.6713256835938,2026-08-22T05:46:20.710Z
sensor.air_quality_monitor_humidity,64.7216796875,2026-08-22T05:46:30.700Z
sensor.air_quality_monitor_humidity,64.66064453125,2026-08-22T05:46:40.714Z
sensor.air_quality_monitor_humidity,64.68505859375,2026-08-22T05:46:50.715Z
sensor.air_quality_monitor_humidity,64.6774291992188,2026-08-22T05:47:00.720Z
sensor.air_quality_monitor_humidity,64.6469116210938,2026-08-22T05:47:10.718Z
sensor.air_quality_monitor_humidity,64.6514892578125,2026-08-22T05:47:20.720Z
sensor.air_quality_monitor_humidity,64.63623046875,2026-08-22T05:47:30.708Z
sensor.air_quality_monitor_humidity,64.642333984375,2026-08-22T05:47:40.728Z
sensor.air_quality_monitor_humidity,64.6865844726562,2026-08-22T05:47:50.734Z
sensor.air_quality_monitor_humidity,64.630126953125,2026-08-22T05:48:00.736Z
sensor.air_quality_monitor_humidity,64.5858764648438,2026-08-22T05:48:10.738Z
sensor.air_quality_monitor_humidity,64.605712890625,2026-08-22T05:48:20.739Z
sensor.air_quality_monitor_humidity,64.6560668945312,2026-08-22T05:48:30.748Z
sensor.air_quality_monitor_humidity,64.6255493164062,2026-08-22T05:48:40.750Z
sensor.air_quality_monitor_humidity,64.63623046875,2026-08-22T05:48:50.757Z
sensor.air_quality_monitor_humidity,64.6591186523438,2026-08-22T05:49:00.755Z
sensor.air_quality_monitor_humidity,64.6133422851562,2026-08-22T05:49:10.773Z
sensor.air_quality_monitor_humidity,64.5660400390625,2026-08-22T05:49:20.775Z
sensor.air_quality_monitor_humidity,64.5965576171875,2026-08-22T05:49:30.799Z
sensor.air_quality_monitor_humidity,64.599609375,2026-08-22T05:49:40.796Z
sensor.air_quality_monitor_humidity,64.6270751953125,2026-08-22T05:49:50.800Z
sensor.air_quality_monitor_humidity,64.5950317382812,2026-08-22T05:50:00.803Z
sensor.air_quality_monitor_humidity,64.5843505859375,2026-08-22T05:50:10.805Z
sensor.air_quality_monitor_humidity,64.581298828125,2026-08-22T05:50:20.810Z
sensor.air_quality_monitor_humidity,64.5721435546875,2026-08-22T05:50:30.819Z
sensor.air_quality_monitor_humidity,64.5736694335938,2026-08-22T05:50:40.833Z
sensor.air_quality_monitor_humidity,64.581298828125,2026-08-22T05:50:50.840Z
sensor.air_quality_monitor_humidity,64.5660400390625,2026-08-22T05:51:00.843Z
sensor.air_quality_monitor_humidity,64.5721435546875,2026-08-22T05:51:10.844Z
sensor.air_quality_monitor_humidity,64.5370483398438,2026-08-22T05:51:20.856Z
sensor.air_quality_monitor_humidity,64.5339965820312,2026-08-22T05:51:30.859Z
sensor.air_quality_monitor_humidity,64.4927978515625,2026-08-22T05:51:40.859Z
sensor.air_quality_monitor_humidity,64.5278930664062,2026-08-22T05:51:50.863Z
sensor.air_quality_monitor_humidity,64.4821166992188,2026-08-22T05:52:00.868Z
sensor.air_quality_monitor_humidity,64.5645141601562,2026-08-22T05:52:10.872Z
sensor.air_quality_monitor_humidity,64.5721435546875,2026-08-22T05:52:20.881Z
sensor.air_quality_monitor_humidity,64.5523071289062,2026-08-22T05:52:30.889Z
sensor.air_quality_monitor_humidity,64.4607543945312,2026-08-22T05:52:40.894Z
sensor.air_quality_monitor_humidity,64.4729614257812,2026-08-22T05:53:00.894Z
sensor.air_quality_monitor_humidity,64.471435546875,2026-08-22T05:53:10.898Z
sensor.air_quality_monitor_humidity,64.4882202148438,2026-08-22T05:53:20.900Z
sensor.air_quality_monitor_humidity,64.4973754882812,2026-08-22T05:53:30.905Z
sensor.air_quality_monitor_humidity,64.4515991210938,2026-08-22T05:53:40.912Z
sensor.air_quality_monitor_humidity,64.4805908203125,2026-08-22T05:53:50.910Z
sensor.air_quality_monitor_humidity,64.4699096679688,2026-08-22T05:54:00.915Z
sensor.air_quality_monitor_humidity,64.4973754882812,2026-08-22T05:54:10.919Z
sensor.air_quality_monitor_humidity,64.4577026367188,2026-08-22T05:54:20.923Z
sensor.air_quality_monitor_humidity,64.453125,2026-08-22T05:54:30.930Z
sensor.air_quality_monitor_humidity,64.4515991210938,2026-08-22T05:54:40.931Z
sensor.air_quality_monitor_humidity,64.4699096679688,2026-08-22T05:54:50.935Z
sensor.air_quality_monitor_humidity,64.41650390625,2026-08-22T05:55:00.940Z
sensor.air_quality_monitor_humidity,64.4638061523438,2026-08-22T05:55:10.946Z
sensor.air_quality_monitor_humidity,64.4866943359375,2026-08-22T05:55:20.950Z
sensor.air_quality_monitor_humidity,64.453125,2026-08-22T05:55:30.963Z
sensor.air_quality_monitor_humidity,64.3997192382812,2026-08-22T05:55:40.961Z
sensor.air_quality_monitor_humidity,64.4241333007812,2026-08-22T05:55:50.963Z
sensor.air_quality_monitor_humidity,64.4287109375,2026-08-22T05:56:00.965Z
sensor.air_quality_monitor_humidity,64.3951416015625,2026-08-22T05:56:10.967Z
sensor.air_quality_monitor_humidity,64.3936157226562,2026-08-22T05:56:20.970Z
sensor.air_quality_monitor_humidity,64.3997192382812,2026-08-22T05:56:30.980Z
sensor.air_quality_monitor_humidity,64.3936157226562,2026-08-22T05:56:40.980Z
sensor.air_quality_monitor_humidity,64.41650390625,2026-08-22T05:56:50.984Z
sensor.air_quality_monitor_humidity,64.3844604492188,2026-08-22T05:57:00.985Z
sensor.air_quality_monitor_humidity,64.3936157226562,2026-08-22T05:57:10.991Z
sensor.air_quality_monitor_humidity,64.4271850585938,2026-08-22T05:57:20.997Z
sensor.air_quality_monitor_humidity,64.422607421875,2026-08-22T05:57:31.004Z
sensor.air_quality_monitor_humidity,64.434814453125,2026-08-22T05:57:41.011Z
sensor.air_quality_monitor_humidity,64.3768310546875,2026-08-22T05:57:51.013Z
sensor.air_quality_monitor_humidity,64.4012451171875,2026-08-22T05:58:01.013Z
sensor.air_quality_monitor_humidity,64.3417358398438,2026-08-22T05:58:11.019Z
sensor.air_quality_monitor_humidity,64.3753051757812,2026-08-22T05:58:21.022Z
sensor.air_quality_monitor_humidity,64.349365234375,2026-08-22T05:58:31.033Z
sensor.air_quality_monitor_humidity,64.3600463867188,2026-08-22T05:58:41.037Z
sensor.air_quality_monitor_humidity,64.3661499023438,2026-08-22T05:58:51.038Z
sensor.air_quality_monitor_humidity,64.3951416015625,2026-08-22T05:59:01.044Z
sensor.air_quality_monitor_humidity,64.306640625,2026-08-22T05:59:11.043Z
sensor.air_quality_monitor_humidity,64.410400390625,2026-08-22T05:59:21.052Z
sensor.air_quality_monitor_humidity,64.3844604492188,2026-08-22T05:59:31.060Z
sensor.air_quality_monitor_humidity,64.3463134765625,2026-08-22T05:59:41.060Z
sensor.air_quality_monitor_humidity,64.39208984375,2026-08-22T05:59:51.072Z
sensor.air_quality_monitor_humidity,64.3661499023438,2026-08-22T06:00:01.070Z
sensor.air_quality_monitor_humidity,64.3310546875,2026-08-22T06:00:11.073Z
sensor.air_quality_monitor_humidity,64.3234252929688,2026-08-22T06:00:21.081Z
sensor.air_quality_monitor_humidity,64.34326171875,2026-08-22T06:00:31.088Z
sensor.air_quality_monitor_humidity,64.3310546875,2026-08-22T06:00:41.090Z
sensor.air_quality_monitor_humidity,64.349365234375,2026-08-22T06:01:01.094Z
sensor.air_quality_monitor_humidity,64.306640625,2026-08-22T06:01:11.098Z
sensor.air_quality_monitor_humidity,64.3218994140625,2026-08-22T06:01:21.105Z
sensor.air_quality_monitor_humidity,64.3035888671875,2026-08-22T06:01:31.105Z
sensor.air_quality_monitor_humidity,64.3600463867188,2026-08-22T06:01:41.110Z
sensor.air_quality_monitor_humidity,64.276123046875,2026-08-22T06:01:51.111Z
sensor.air_quality_monitor_humidity,64.3203735351562,2026-08-22T06:02:01.115Z
sensor.air_quality_monitor_humidity,64.3112182617188,2026-08-22T06:02:11.115Z
sensor.air_quality_monitor_humidity,64.2852783203125,2026-08-22T06:02:21.116Z
sensor.air_quality_monitor_humidity,64.2715454101562,2026-08-22T06:02:31.122Z
sensor.air_quality_monitor_humidity,64.2913818359375,2026-08-22T06:02:41.131Z
sensor.air_quality_monitor_humidity,64.2791748046875,2026-08-22T06:02:51.138Z
sensor.air_quality_monitor_humidity,64.27001953125,2026-08-22T06:03:01.139Z
sensor.air_quality_monitor_humidity,64.2425537109375,2026-08-22T06:03:11.146Z
sensor.air_quality_monitor_humidity,64.2471313476562,2026-08-22T06:03:21.152Z
sensor.air_quality_monitor_humidity,64.2898559570312,2026-08-22T06:03:31.158Z
sensor.air_quality_monitor_humidity,64.2578125,2026-08-22T06:03:41.171Z
sensor.air_quality_monitor_humidity,64.2501831054688,2026-08-22T06:03:51.173Z
sensor.air_quality_monitor_humidity,64.2745971679688,2026-08-22T06:04:01.178Z
sensor.air_quality_monitor_humidity,64.2303466796875,2026-08-22T06:04:11.180Z
sensor.air_quality_monitor_humidity,64.2578125,2026-08-22T06:04:21.187Z
sensor.air_quality_monitor_humidity,64.2486572265625,2026-08-22T06:04:31.194Z
sensor.air_quality_monitor_humidity,64.227294921875,2026-08-22T06:04:41.195Z
sensor.air_quality_monitor_humidity,64.2105102539062,2026-08-22T06:04:51.199Z
sensor.air_quality_monitor_humidity,64.306640625,2026-08-22T06:05:01.203Z
sensor.air_quality_monitor_humidity,64.2440795898438,2026-08-22T06:05:11.208Z
sensor.air_quality_monitor_humidity,64.227294921875,2026-08-22T06:05:21.210Z
sensor.air_quality_monitor_humidity,64.2425537109375,2026-08-22T06:05:31.213Z
sensor.air_quality_monitor_humidity,64.1921997070312,2026-08-22T06:05:41.214Z
sensor.air_quality_monitor_humidity,64.2364501953125,2026-08-22T06:05:51.220Z
sensor.air_quality_monitor_humidity,64.2608642578125,2026-08-22T06:06:01.218Z
sensor.air_quality_monitor_humidity,64.27001953125,2026-08-22T06:06:11.224Z
sensor.air_quality_monitor_humidity,64.2333984375,2026-08-22T06:06:21.226Z
sensor.air_quality_monitor_humidity,64.2364501953125,2026-08-22T06:06:31.235Z
sensor.air_quality_monitor_humidity,64.1998291015625,2026-08-22T06:06:41.235Z
sensor.air_quality_monitor_humidity,64.1830444335938,2026-08-22T06:06:51.237Z
sensor.air_quality_monitor_humidity,64.19677734375,2026-08-22T06:07:01.237Z
sensor.air_quality_monitor_humidity,64.2166137695312,2026-08-22T06:07:11.242Z
sensor.air_quality_monitor_humidity,64.1830444335938,2026-08-22T06:07:21.251Z
sensor.air_quality_monitor_humidity,64.190673828125,2026-08-22T06:07:31.255Z
sensor.air_quality_monitor_humidity,64.2166137695312,2026-08-22T06:07:41.257Z
sensor.air_quality_monitor_humidity,64.208984375,2026-08-22T06:07:51.256Z
sensor.air_quality_monitor_humidity,64.2410278320312,2026-08-22T06:08:01.264Z
sensor.air_quality_monitor_humidity,64.2242431640625,2026-08-22T06:08:11.266Z
sensor.air_quality_monitor_humidity,64.1921997070312,2026-08-22T06:08:21.272Z
sensor.air_quality_monitor_humidity,64.166259765625,2026-08-22T06:08:31.266Z
sensor.air_quality_monitor_humidity,64.202880859375,2026-08-22T06:08:41.281Z
sensor.air_quality_monitor_humidity,64.2120361328125,2026-08-22T06:08:51.282Z
sensor.air_quality_monitor_humidity,64.1998291015625,2026-08-22T06:09:01.289Z
sensor.air_quality_monitor_humidity,64.2379760742188,2026-08-22T06:09:11.297Z
sensor.air_quality_monitor_humidity,64.2013549804688,2026-08-22T06:09:21.301Z
sensor.air_quality_monitor_humidity,64.166259765625,2026-08-22T06:09:31.304Z
sensor.air_quality_monitor_humidity,64.2288208007812,2026-08-22T06:09:41.306Z
sensor.air_quality_monitor_humidity,64.1571044921875,2026-08-22T06:09:51.312Z
sensor.air_quality_monitor_humidity,64.1921997070312,2026-08-22T06:10:01.316Z
sensor.air_quality_monitor_humidity,64.1494750976562,2026-08-22T06:10:11.324Z
sensor.air_quality_monitor_humidity,64.2013549804688,2026-08-22T06:10:21.335Z
sensor.air_quality_monitor_humidity,64.1616821289062,2026-08-22T06:10:31.335Z
sensor.air_quality_monitor_humidity,64.1632080078125,2026-08-22T06:10:51.337Z
sensor.air_quality_monitor_humidity,64.1616821289062,2026-08-22T06:11:01.341Z
sensor.air_quality_monitor_humidity,64.1693115234375,2026-08-22T06:11:11.344Z
sensor.air_quality_monitor_humidity,64.16015625,2026-08-22T06:11:21.343Z
sensor.air_quality_monitor_humidity,64.2074584960938,2026-08-22T06:11:31.348Z
sensor.air_quality_monitor_humidity,64.1799926757812,2026-08-22T06:11:41.352Z
sensor.air_quality_monitor_humidity,64.1464233398438,2026-08-22T06:11:51.356Z
sensor.air_quality_monitor_humidity,64.1876220703125,2026-08-22T06:12:01.362Z
sensor.air_quality_monitor_humidity,64.1616821289062,2026-08-22T06:12:11.363Z
sensor.air_quality_monitor_humidity,64.1571044921875,2026-08-22T06:12:21.369Z
sensor.air_quality_monitor_humidity,64.1983032226562,2026-08-22T06:12:31.373Z
sensor.air_quality_monitor_humidity,64.1387939453125,2026-08-22T06:12:41.378Z
sensor.air_quality_monitor_humidity,64.2288208007812,2026-08-22T06:12:51.379Z
sensor.air_quality_monitor_humidity,64.1510009765625,2026-08-22T06:13:01.386Z
sensor.air_quality_monitor_humidity,64.1754150390625,2026-08-22T06:13:11.389Z
sensor.air_quality_monitor_humidity,64.2227172851562,2026-08-22T06:13:21.397Z
sensor.air_quality_monitor_humidity,64.1876220703125,2026-08-22T06:13:31.397Z
sensor.air_quality_monitor_humidity,64.17236328125,2026-08-22T06:13:41.397Z
sensor.air_quality_monitor_humidity,64.1876220703125,2026-08-22T06:13:51.400Z
sensor.air_quality_monitor_humidity,64.17236328125,2026-08-22T06:14:01.403Z
sensor.air_quality_monitor_humidity,64.22119140625,2026-08-22T06:14:11.409Z
sensor.air_quality_monitor_humidity,64.17236328125,2026-08-22T06:14:21.415Z
sensor.air_quality_monitor_humidity,64.1830444335938,2026-08-22T06:14:31.420Z
sensor.air_quality_monitor_humidity,64.1815185546875,2026-08-22T06:14:41.419Z
sensor.air_quality_monitor_humidity,64.1525268554688,2026-08-22T06:14:51.422Z
sensor.air_quality_monitor_humidity,64.1494750976562,2026-08-22T06:15:01.423Z
sensor.air_quality_monitor_humidity,64.1998291015625,2026-08-22T06:15:11.428Z
sensor.air_quality_monitor_humidity,64.2166137695312,2026-08-22T06:15:21.431Z
sensor.air_quality_monitor_humidity,64.202880859375,2026-08-22T06:15:31.434Z
sensor.air_quality_monitor_humidity,64.1677856445312,2026-08-22T06:15:41.434Z
sensor.air_quality_monitor_humidity,64.1754150390625,2026-08-22T06:15:51.438Z
sensor.air_quality_monitor_humidity,64.1876220703125,2026-08-22T06:16:01.442Z
sensor.air_quality_monitor_humidity,64.2105102539062,2026-08-22T06:16:11.448Z
sensor.air_quality_monitor_humidity,64.202880859375,2026-08-22T06:16:21.449Z
sensor.air_quality_monitor_humidity,64.1403198242188,2026-08-22T06:16:31.453Z
sensor.air_quality_monitor_humidity,64.1952514648438,2026-08-22T06:16:41.454Z
sensor.air_quality_monitor_humidity,64.1342163085938,2026-08-22T06:16:51.458Z
sensor.air_quality_monitor_humidity,64.239501953125,2026-08-22T06:17:01.460Z
sensor.air_quality_monitor_humidity,64.202880859375,2026-08-22T06:17:11.461Z
sensor.air_quality_monitor_humidity,64.1677856445312,2026-08-22T06:17:21.462Z
sensor.air_quality_monitor_humidity,64.2059326171875,2026-08-22T06:17:31.467Z
sensor.air_quality_monitor_humidity,64.215087890625,2026-08-22T06:17:41.479Z
sensor.air_quality_monitor_humidity,64.1845703125,2026-08-22T06:17:51.478Z
sensor.air_quality_monitor_humidity,64.1754150390625,2026-08-22T06:18:01.481Z
sensor.air_quality_monitor_humidity,64.215087890625,2026-08-22T06:18:11.485Z
sensor.air_quality_monitor_humidity,64.17236328125,2026-08-22T06:18:21.490Z
sensor.air_quality_monitor_humidity,64.1738891601562,2026-08-22T06:18:31.497Z
sensor.air_quality_monitor_humidity,64.1799926757812,2026-08-22T06:18:41.500Z
sensor.air_quality_monitor_humidity,64.2181396484375,2026-08-22T06:18:51.504Z
sensor.air_quality_monitor_humidity,64.1952514648438,2026-08-22T06:19:01.504Z
sensor.air_quality_monitor_humidity,64.1921997070312,2026-08-22T06:19:11.506Z
sensor.air_quality_monitor_humidity,64.2196655273438,2026-08-22T06:19:21.516Z
sensor.air_quality_monitor_humidity,64.1860961914062,2026-08-22T06:19:51.524Z
sensor.air_quality_monitor_humidity,64.178466796875,2026-08-22T06:20:01.523Z
sensor.air_quality_monitor_humidity,64.2196655273438,2026-08-22T06:20:11.524Z
sensor.air_quality_monitor_humidity,64.2135620117188,2026-08-22T06:20:21.529Z
sensor.air_quality_monitor_humidity,64.2044067382812,2026-08-22T06:20:31.533Z
sensor.air_quality_monitor_humidity,64.263916015625,2026-08-22T06:20:41.534Z
sensor.air_quality_monitor_humidity,64.2120361328125,2026-08-22T06:20:51.539Z
sensor.air_quality_monitor_humidity,64.22119140625,2026-08-22T06:21:01.543Z
sensor.air_quality_monitor_humidity,64.2425537109375,2026-08-22T06:21:11.540Z
sensor.air_quality_monitor_humidity,64.2242431640625,2026-08-22T06:21:21.544Z
sensor.air_quality_monitor_humidity,64.2166137695312,2026-08-22T06:21:31.550Z
sensor.air_quality_monitor_humidity,64.2059326171875,2026-08-22T06:21:41.550Z
sensor.air_quality_monitor_humidity,64.190673828125,2026-08-22T06:21:51.557Z
sensor.air_quality_monitor_humidity,64.2593383789062,2026-08-22T06:22:01.556Z
sensor.air_quality_monitor_humidity,64.2181396484375,2026-08-22T06:22:11.564Z
sensor.air_quality_monitor_humidity,64.2501831054688,2026-08-22T06:22:21.568Z
sensor.air_quality_monitor_humidity,64.2074584960938,2026-08-22T06:22:31.574Z
sensor.air_quality_monitor_humidity,64.2807006835938,2026-08-22T06:22:41.580Z
sensor.air_quality_monitor_humidity,64.2440795898438,2026-08-22T06:22:51.582Z
sensor.air_quality_monitor_humidity,64.2684936523438,2026-08-22T06:23:01.586Z
sensor.air_quality_monitor_humidity,64.1815185546875,2026-08-22T06:23:11.594Z
sensor.air_quality_monitor_humidity,64.2486572265625,2026-08-22T06:23:21.587Z
sensor.air_quality_monitor_humidity,64.2257690429688,2026-08-22T06:23:31.591Z
sensor.air_quality_monitor_humidity,64.2532348632812,2026-08-22T06:23:41.595Z
sensor.air_quality_monitor_humidity,64.2547607421875,2026-08-22T06:23:51.595Z
sensor.air_quality_monitor_humidity,64.1830444335938,2026-08-22T06:24:01.597Z
sensor.air_quality_monitor_humidity,64.2730712890625,2026-08-22T06:24:11.601Z
sensor.air_quality_monitor_humidity,64.2379760742188,2026-08-22T06:24:21.606Z
sensor.air_quality_monitor_humidity,64.2364501953125,2026-08-22T06:24:31.613Z
sensor.air_quality_monitor_humidity,64.2379760742188,2026-08-22T06:24:41.615Z
sensor.air_quality_monitor_humidity,64.24560546875,2026-08-22T06:24:51.619Z
sensor.air_quality_monitor_humidity,64.2547607421875,2026-08-22T06:25:01.620Z
sensor.air_quality_monitor_humidity,64.2440795898438,2026-08-22T06:25:11.624Z
sensor.air_quality_monitor_humidity,64.2547607421875,2026-08-22T06:25:21.626Z
sensor.air_quality_monitor_humidity,64.2471313476562,2026-08-22T06:25:31.630Z
sensor.air_quality_monitor_humidity,64.2974853515625,2026-08-22T06:25:41.635Z
sensor.air_quality_monitor_humidity,64.2532348632812,2026-08-22T06:25:51.636Z
sensor.air_quality_monitor_humidity,64.22119140625,2026-08-22T06:26:11.642Z
sensor.air_quality_monitor_humidity,64.2730712890625,2026-08-22T06:26:21.647Z
sensor.air_quality_monitor_humidity,64.2257690429688,2026-08-22T06:26:31.650Z
sensor.air_quality_monitor_humidity,64.2745971679688,2026-08-22T06:26:41.654Z
sensor.air_quality_monitor_humidity,64.2623901367188,2026-08-22T06:26:51.663Z
sensor.air_quality_monitor_humidity,64.239501953125,2026-08-22T06:27:01.667Z
sensor.air_quality_monitor_humidity,64.2822265625,2026-08-22T06:27:11.668Z
sensor.air_quality_monitor_humidity,64.2730712890625,2026-08-22T06:27:21.669Z
sensor.air_quality_monitor_humidity,64.2440795898438,2026-08-22T06:27:31.674Z
sensor.air_quality_monitor_humidity,64.2929077148438,2026-08-22T06:27:41.675Z
sensor.air_quality_monitor_humidity,64.2379760742188,2026-08-22T06:27:51.680Z
sensor.air_quality_monitor_humidity,64.2745971679688,2026-08-22T06:28:01.681Z
sensor.air_quality_monitor_humidity,64.2837524414062,2026-08-22T06:28:11.684Z
sensor.air_quality_monitor_humidity,64.2822265625,2026-08-22T06:28:21.671Z
sensor.air_quality_monitor_humidity,64.2868041992188,2026-08-22T06:28:31.690Z
sensor.air_quality_monitor_humidity,64.2776489257812,2026-08-22T06:28:41.692Z
sensor.air_quality_monitor_humidity,64.2578125,2026-08-22T06:28:51.693Z
sensor.air_quality_monitor_humidity,64.239501953125,2026-08-22T06:29:01.699Z
sensor.air_quality_monitor_humidity,64.2959594726562,2026-08-22T06:29:11.700Z
sensor.air_quality_monitor_humidity,64.2868041992188,2026-08-22T06:29:21.702Z
sensor.air_quality_monitor_humidity,64.312744140625,2026-08-22T06:29:31.705Z
sensor.air_quality_monitor_humidity,64.3051147460938,2026-08-22T06:29:41.705Z
sensor.air_quality_monitor_humidity,64.276123046875,2026-08-22T06:29:51.709Z
sensor.air_quality_monitor_humidity,64.3234252929688,2026-08-22T06:30:01.711Z
sensor.air_quality_monitor_humidity,64.312744140625,2026-08-22T06:30:11.712Z
sensor.air_quality_monitor_humidity,64.2776489257812,2026-08-22T06:30:21.713Z
sensor.air_quality_monitor_humidity,64.2684936523438,2026-08-22T06:30:31.716Z
sensor.air_quality_monitor_humidity,64.2898559570312,2026-08-22T06:30:41.720Z
sensor.air_quality_monitor_humidity,64.27001953125,2026-08-22T06:30:51.724Z
sensor.air_quality_monitor_humidity,64.2898559570312,2026-08-22T06:31:01.728Z
sensor.air_quality_monitor_humidity,64.2791748046875,2026-08-22T06:31:11.729Z
sensor.air_quality_monitor_humidity,64.2532348632812,2026-08-22T06:31:21.734Z
sensor.air_quality_monitor_humidity,64.3234252929688,2026-08-22T06:31:31.737Z
sensor.air_quality_monitor_humidity,64.2608642578125,2026-08-22T06:31:41.741Z
sensor.air_quality_monitor_humidity,64.2974853515625,2026-08-22T06:31:51.743Z
sensor.air_quality_monitor_humidity,64.3035888671875,2026-08-22T06:32:01.745Z
sensor.air_quality_monitor_humidity,64.2990112304688,2026-08-22T06:32:11.747Z
sensor.air_quality_monitor_humidity,64.2822265625,2026-08-22T06:32:21.751Z
sensor.air_quality_monitor_humidity,64.2547607421875,2026-08-22T06:32:31.757Z
sensor.air_quality_monitor_humidity,64.3341064453125,2026-08-22T06:32:41.762Z
sensor.air_quality_monitor_humidity,64.3081665039062,2026-08-22T06:32:51.765Z
sensor.air_quality_monitor_humidity,64.24560546875,2026-08-22T06:33:01.767Z
sensor.air_quality_monitor_humidity,64.2471313476562,2026-08-22T06:33:11.775Z
sensor.air_quality_monitor_humidity,64.3264770507812,2026-08-22T06:33:21.776Z
sensor.air_quality_monitor_humidity,64.31884765625,2026-08-22T06:33:31.780Z
sensor.air_quality_monitor_humidity,64.3096923828125,2026-08-22T06:33:41.784Z
sensor.air_quality_monitor_humidity,64.3157958984375,2026-08-22T06:33:51.783Z
sensor.air_quality_monitor_humidity,64.3341064453125,2026-08-22T06:34:01.784Z
sensor.air_quality_monitor_humidity,64.3264770507812,2026-08-22T06:34:11.790Z
sensor.air_quality_monitor_humidity,64.3173217773438,2026-08-22T06:34:21.795Z
sensor.air_quality_monitor_humidity,64.2730712890625,2026-08-22T06:34:41.804Z
sensor.air_quality_monitor_humidity,64.3173217773438,2026-08-22T06:34:51.807Z
sensor.air_quality_monitor_humidity,64.300537109375,2026-08-22T06:35:01.809Z
sensor.air_quality_monitor_humidity,64.3035888671875,2026-08-22T06:35:11.810Z
sensor.air_quality_monitor_humidity,64.31884765625,2026-08-22T06:35:21.815Z
sensor.air_quality_monitor_humidity,64.300537109375,2026-08-22T06:35:41.827Z
sensor.air_quality_monitor_humidity,64.3524169921875,2026-08-22T06:35:51.832Z
sensor.air_quality_monitor_humidity,64.2913818359375,2026-08-22T06:36:01.838Z
sensor.air_quality_monitor_humidity,64.3096923828125,2026-08-22T06:36:11.840Z
sensor.air_quality_monitor_humidity,64.2745971679688,2026-08-22T06:36:21.843Z
sensor.air_quality_monitor_humidity,64.263916015625,2026-08-22T06:36:31.852Z
sensor.air_quality_monitor_humidity,64.2929077148438,2026-08-22T06:36:41.858Z
sensor.air_quality_monitor_humidity,64.29443359375,2026-08-22T06:36:51.860Z
sensor.air_quality_monitor_humidity,64.337158203125,2026-08-22T06:37:01.861Z
sensor.air_quality_monitor_humidity,64.3203735351562,2026-08-22T06:37:11.866Z
sensor.air_quality_monitor_humidity,64.3020629882812,2026-08-22T06:37:21.867Z
sensor.air_quality_monitor_humidity,64.300537109375,2026-08-22T06:37:31.871Z
sensor.air_quality_monitor_humidity,64.3463134765625,2026-08-22T06:37:41.877Z
sensor.air_quality_monitor_humidity,64.3203735351562,2026-08-22T06:37:51.879Z
sensor.air_quality_monitor_humidity,64.2898559570312,2026-08-22T06:38:01.881Z
sensor.air_quality_monitor_humidity,64.3280029296875,2026-08-22T06:38:11.882Z
sensor.air_quality_monitor_humidity,64.2578125,2026-08-22T06:38:21.885Z
sensor.air_quality_monitor_humidity,64.2898559570312,2026-08-22T06:38:31.887Z
sensor.air_quality_monitor_humidity,64.2654418945312,2026-08-22T06:38:41.888Z
sensor.air_quality_monitor_humidity,64.2547607421875,2026-08-22T06:38:51.890Z
sensor.air_quality_monitor_humidity,64.3157958984375,2026-08-22T06:39:01.893Z
sensor.air_quality_monitor_humidity,64.337158203125,2026-08-22T06:39:11.898Z
sensor.air_quality_monitor_humidity,64.2990112304688,2026-08-22T06:39:21.902Z
sensor.air_quality_monitor_humidity,64.2898559570312,2026-08-22T06:39:31.907Z
sensor.air_quality_monitor_humidity,64.2913818359375,2026-08-22T06:39:51.908Z
sensor.air_quality_monitor_humidity,64.2532348632812,2026-08-22T06:40:01.911Z
sensor.air_quality_monitor_humidity,64.2547607421875,2026-08-22T06:40:11.914Z
sensor.air_quality_monitor_humidity,64.2807006835938,2026-08-22T06:40:21.915Z
sensor.air_quality_monitor_humidity,64.2990112304688,2026-08-22T06:40:31.919Z
sensor.air_quality_monitor_humidity,64.263916015625,2026-08-22T06:40:41.921Z
sensor.air_quality_monitor_humidity,64.324951171875,2026-08-22T06:40:51.927Z
sensor.air_quality_monitor_humidity,64.263916015625,2026-08-22T06:41:01.930Z
sensor.air_quality_monitor_humidity,64.3173217773438,2026-08-22T06:41:11.931Z
sensor.air_quality_monitor_humidity,64.2730712890625,2026-08-22T06:41:21.933Z
sensor.air_quality_monitor_humidity,64.2822265625,2026-08-22T06:41:31.921Z
sensor.air_quality_monitor_humidity,64.3081665039062,2026-08-22T06:41:41.940Z
sensor.air_quality_monitor_humidity,64.2822265625,2026-08-22T06:41:51.939Z
sensor.air_quality_monitor_humidity,64.2623901367188,2026-08-22T06:42:01.944Z
sensor.air_quality_monitor_humidity,64.337158203125,2026-08-22T06:42:11.948Z
sensor.air_quality_monitor_humidity,64.3264770507812,2026-08-22T06:42:21.954Z
sensor.air_quality_monitor_humidity,64.300537109375,2026-08-22T06:42:31.958Z
sensor.air_quality_monitor_humidity,64.2807006835938,2026-08-22T06:42:51.965Z
sensor.air_quality_monitor_humidity,64.2471313476562,2026-08-22T06:43:01.974Z
sensor.air_quality_monitor_humidity,64.2654418945312,2026-08-22T06:43:21.975Z
sensor.air_quality_monitor_humidity,64.2471313476562,2026-08-22T06:43:31.989Z
sensor.air_quality_monitor_humidity,64.3096923828125,2026-08-22T06:43:41.990Z
sensor.air_quality_monitor_humidity,64.3081665039062,2026-08-22T06:43:51.992Z
sensor.air_quality_monitor_humidity,64.2822265625,2026-08-22T06:44:01.992Z
sensor.air_quality_monitor_humidity,64.3264770507812,2026-08-22T06:44:11.996Z
sensor.air_quality_monitor_humidity,64.263916015625,2026-08-22T06:44:22.001Z
sensor.air_quality_monitor_humidity,64.2547607421875,2026-08-22T06:44:32.010Z
sensor.air_quality_monitor_humidity,64.306640625,2026-08-22T06:44:42.013Z
sensor.air_quality_monitor_humidity,64.2898559570312,2026-08-22T06:44:52.016Z
sensor.air_quality_monitor_humidity,64.263916015625,2026-08-22T06:45:02.018Z
sensor.air_quality_monitor_humidity,64.2715454101562,2026-08-22T06:45:12.020Z
sensor.air_quality_monitor_humidity,64.2364501953125,2026-08-22T06:45:22.024Z
sensor.air_quality_monitor_humidity,64.2807006835938,2026-08-22T06:45:32.027Z
sensor.air_quality_monitor_humidity,64.263916015625,2026-08-22T06:45:42.027Z
sensor.air_quality_monitor_humidity,64.2822265625,2026-08-22T06:45:52.033Z
sensor.air_quality_monitor_humidity,64.3051147460938,2026-08-22T06:46:02.038Z
sensor.air_quality_monitor_humidity,64.2898559570312,2026-08-22T06:46:12.040Z
sensor.air_quality_monitor_humidity,64.2364501953125,2026-08-22T06:46:22.046Z
sensor.air_quality_monitor_humidity,64.2715454101562,2026-08-22T06:46:32.052Z
sensor.air_quality_monitor_humidity,64.2547607421875,2026-08-22T06:46:42.057Z
sensor.air_quality_monitor_humidity,64.2364501953125,2026-08-22T06:46:52.058Z
sensor.air_quality_monitor_humidity,64.2349243164062,2026-08-22T06:47:02.067Z
sensor.air_quality_monitor_humidity,64.2730712890625,2026-08-22T06:47:12.073Z
sensor.air_quality_monitor_humidity,64.2547607421875,2026-08-22T06:47:22.078Z
sensor.air_quality_monitor_humidity,64.2684936523438,2026-08-22T06:47:32.083Z
sensor.air_quality_monitor_humidity,64.2547607421875,2026-08-22T06:47:42.087Z
sensor.air_quality_monitor_humidity,64.27001953125,2026-08-22T06:47:52.090Z
sensor.air_quality_monitor_humidity,64.2333984375,2026-08-22T06:48:12.093Z
sensor.air_quality_monitor_humidity,64.2807006835938,2026-08-22T06:48:22.096Z
sensor.air_quality_monitor_humidity,64.2608642578125,2026-08-22T06:48:32.101Z
sensor.air_quality_monitor_humidity,64.2974853515625,2026-08-22T06:48:42.100Z
sensor.air_quality_monitor_humidity,64.2959594726562,2026-08-22T06:48:52.107Z
sensor.air_quality_monitor_humidity,64.2608642578125,2026-08-22T06:49:02.111Z
sensor.air_quality_monitor_humidity,64.2425537109375,2026-08-22T06:49:12.098Z
sensor.air_quality_monitor_humidity,64.2669677734375,2026-08-22T06:49:22.120Z
sensor.air_quality_monitor_humidity,64.2410278320312,2026-08-22T06:49:32.127Z
sensor.air_quality_monitor_humidity,64.2791748046875,2026-08-22T06:49:42.134Z
sensor.air_quality_monitor_humidity,64.2501831054688,2026-08-22T06:49:52.135Z
sensor.air_quality_monitor_humidity,64.2425537109375,2026-08-22T06:50:02.140Z
sensor.air_quality_monitor_humidity,64.2852783203125,2026-08-22T06:50:12.146Z
sensor.air_quality_monitor_humidity,64.2425537109375,2026-08-22T06:50:22.149Z
sensor.air_quality_monitor_humidity,64.2593383789062,2026-08-22T06:50:32.154Z
sensor.air_quality_monitor_humidity,64.215087890625,2026-08-22T06:50:52.162Z
sensor.air_quality_monitor_humidity,64.2501831054688,2026-08-22T06:51:02.164Z
sensor.air_quality_monitor_humidity,64.239501953125,2026-08-22T06:51:12.169Z
sensor.air_quality_monitor_humidity,64.2044067382812,2026-08-22T06:51:32.179Z
sensor.air_quality_monitor_humidity,64.2593383789062,2026-08-22T06:51:42.181Z
sensor.air_quality_monitor_humidity,64.2501831054688,2026-08-22T06:51:52.188Z
sensor.air_quality_monitor_humidity,64.2227172851562,2026-08-22T06:52:02.189Z
sensor.air_quality_monitor_humidity,64.2059326171875,2026-08-22T06:52:12.197Z
sensor.air_quality_monitor_humidity,64.2120361328125,2026-08-22T06:52:22.202Z
sensor.air_quality_monitor_humidity,64.2410278320312,2026-08-22T06:52:32.209Z
sensor.air_quality_monitor_humidity,64.2227172851562,2026-08-22T06:52:42.211Z
sensor.air_quality_monitor_humidity,64.2288208007812,2026-08-22T06:52:52.213Z
sensor.air_quality_monitor_humidity,64.2745971679688,2026-08-22T06:53:02.214Z
sensor.air_quality_monitor_humidity,64.2379760742188,2026-08-22T06:53:12.217Z
sensor.air_quality_monitor_humidity,64.2669677734375,2026-08-22T06:53:22.224Z
sensor.air_quality_monitor_humidity,64.2044067382812,2026-08-22T06:53:32.230Z
sensor.air_quality_monitor_humidity,64.2471313476562,2026-08-22T06:53:42.243Z
sensor.air_quality_monitor_humidity,64.2547607421875,2026-08-22T06:53:52.247Z
sensor.air_quality_monitor_humidity,64.22119140625,2026-08-22T06:54:02.248Z
sensor.air_quality_monitor_humidity,64.2105102539062,2026-08-22T06:54:12.253Z
sensor.air_quality_monitor_humidity,64.2196655273438,2026-08-22T06:54:22.257Z
sensor.air_quality_monitor_humidity,64.24560546875,2026-08-22T06:54:32.266Z
sensor.air_quality_monitor_humidity,64.2364501953125,2026-08-22T06:54:42.271Z
sensor.air_quality_monitor_humidity,64.2303466796875,2026-08-22T06:54:52.273Z
sensor.air_quality_monitor_humidity,64.2196655273438,2026-08-22T06:55:02.275Z
sensor.air_quality_monitor_humidity,64.22119140625,2026-08-22T06:55:12.279Z
sensor.air_quality_monitor_humidity,64.239501953125,2026-08-22T06:55:22.283Z
sensor.air_quality_monitor_humidity,64.2547607421875,2026-08-22T06:55:32.288Z
sensor.air_quality_monitor_humidity,64.1830444335938,2026-08-22T06:55:42.288Z
sensor.air_quality_monitor_humidity,64.27001953125,2026-08-22T06:55:52.290Z
sensor.air_quality_monitor_humidity,64.24560546875,2026-08-22T06:56:02.290Z
sensor.air_quality_monitor_humidity,64.190673828125,2026-08-22T06:56:12.292Z
sensor.air_quality_monitor_humidity,64.2013549804688,2026-08-22T06:56:22.294Z
sensor.air_quality_monitor_humidity,64.227294921875,2026-08-22T06:56:32.299Z
sensor.air_quality_monitor_humidity,64.2349243164062,2026-08-22T06:56:42.304Z
sensor.air_quality_monitor_humidity,64.2257690429688,2026-08-22T06:56:52.307Z
sensor.air_quality_monitor_humidity,64.227294921875,2026-08-22T06:57:02.308Z
sensor.air_quality_monitor_humidity,64.2791748046875,2026-08-22T06:57:12.314Z
sensor.air_quality_monitor_humidity,64.202880859375,2026-08-22T06:57:22.316Z
sensor.air_quality_monitor_humidity,64.208984375,2026-08-22T06:57:32.324Z
sensor.air_quality_monitor_humidity,64.2074584960938,2026-08-22T06:57:42.325Z
sensor.air_quality_monitor_humidity,64.208984375,2026-08-22T06:57:52.330Z
sensor.air_quality_monitor_humidity,64.2196655273438,2026-08-22T06:58:02.331Z
sensor.air_quality_monitor_humidity,64.2242431640625,2026-08-22T06:58:12.336Z
sensor.air_quality_monitor_humidity,64.2135620117188,2026-08-22T06:58:22.338Z
sensor.air_quality_monitor_humidity,64.2364501953125,2026-08-22T06:58:32.342Z
sensor.air_quality_monitor_humidity,64.2196655273438,2026-08-22T06:58:42.352Z
sensor.air_quality_monitor_humidity,64.2471313476562,2026-08-22T06:58:52.357Z
sensor.air_quality_monitor_humidity,64.1845703125,2026-08-22T06:59:02.359Z
sensor.air_quality_monitor_humidity,64.2181396484375,2026-08-22T06:59:12.361Z
sensor.air_quality_monitor_humidity,64.1860961914062,2026-08-22T06:59:22.364Z
sensor.air_quality_monitor_humidity,64.2196655273438,2026-08-22T06:59:32.369Z
sensor.air_quality_monitor_humidity,64.239501953125,2026-08-22T06:59:42.379Z
sensor.air_quality_monitor_humidity,64.227294921875,2026-08-22T06:59:52.384Z
sensor.air_quality_monitor_humidity,64.251708984375,2026-08-22T07:00:02.389Z
sensor.air_quality_monitor_humidity,64.2105102539062,2026-08-22T07:00:12.388Z
sensor.air_quality_monitor_humidity,64.2196655273438,2026-08-22T07:00:22.391Z
sensor.air_quality_monitor_humidity,64.2654418945312,2026-08-22T07:00:32.398Z
sensor.air_quality_monitor_humidity,64.2547607421875,2026-08-22T07:00:42.399Z
sensor.air_quality_monitor_humidity,64.202880859375,2026-08-22T07:00:52.401Z
sensor.air_quality_monitor_humidity,64.22119140625,2026-08-22T07:01:02.410Z
sensor.air_quality_monitor_humidity,64.2288208007812,2026-08-22T07:01:12.415Z
sensor.air_quality_monitor_humidity,64.2227172851562,2026-08-22T07:01:22.419Z
sensor.air_quality_monitor_humidity,64.2623901367188,2026-08-22T07:01:32.407Z
sensor.air_quality_monitor_humidity,64.2288208007812,2026-08-22T07:01:42.427Z
sensor.air_quality_monitor_humidity,64.2181396484375,2026-08-22T07:01:52.433Z
sensor.air_quality_monitor_humidity,64.2288208007812,2026-08-22T07:02:02.427Z
sensor.air_quality_monitor_humidity,64.2578125,2026-08-22T07:02:12.427Z
sensor.air_quality_monitor_humidity,64.239501953125,2026-08-22T07:02:22.437Z
sensor.air_quality_monitor_humidity,64.2044067382812,2026-08-22T07:02:32.421Z
sensor.air_quality_monitor_humidity,64.2303466796875,2026-08-22T07:02:42.436Z
sensor.air_quality_monitor_humidity,64.1952514648438,2026-08-22T07:02:52.443Z
sensor.air_quality_monitor_humidity,64.208984375,2026-08-22T07:03:02.449Z
sensor.air_quality_monitor_humidity,64.22119140625,2026-08-22T07:03:12.454Z
sensor.air_quality_monitor_humidity,64.1937255859375,2026-08-22T07:03:22.455Z
sensor.air_quality_monitor_humidity,64.2196655273438,2026-08-22T07:03:32.448Z
sensor.air_quality_monitor_humidity,64.2135620117188,2026-08-22T07:03:42.470Z
sensor.air_quality_monitor_humidity,64.1845703125,2026-08-22T07:03:52.482Z
sensor.air_quality_monitor_humidity,64.2120361328125,2026-08-22T07:04:02.484Z
sensor.air_quality_monitor_humidity,64.239501953125,2026-08-22T07:04:12.489Z
sensor.air_quality_monitor_humidity,64.1921997070312,2026-08-22T07:04:22.493Z
sensor.air_quality_monitor_humidity,64.2303466796875,2026-08-22T07:04:32.497Z
sensor.air_quality_monitor_humidity,64.2227172851562,2026-08-22T07:04:42.500Z
sensor.air_quality_monitor_humidity,64.1693115234375,2026-08-22T07:04:52.504Z
sensor.air_quality_monitor_humidity,64.2105102539062,2026-08-22T07:05:02.508Z
sensor.air_quality_monitor_humidity,64.2135620117188,2026-08-22T07:05:12.514Z
sensor.air_quality_monitor_humidity,64.2654418945312,2026-08-22T07:05:22.519Z
sensor.air_quality_monitor_humidity,64.202880859375,2026-08-22T07:05:32.525Z
sensor.air_quality_monitor_humidity,64.2105102539062,2026-08-22T07:05:42.523Z
sensor.air_quality_monitor_humidity,64.2288208007812,2026-08-22T07:05:52.525Z
sensor.air_quality_monitor_humidity,64.2135620117188,2026-08-22T07:06:02.530Z
sensor.air_quality_monitor_humidity,64.2379760742188,2026-08-22T07:06:12.534Z
sensor.air_quality_monitor_humidity,64.239501953125,2026-08-22T07:06:22.539Z
sensor.air_quality_monitor_humidity,64.2120361328125,2026-08-22T07:06:32.544Z
sensor.air_quality_monitor_humidity,64.1860961914062,2026-08-22T07:06:42.552Z
sensor.air_quality_monitor_humidity,64.2318725585938,2026-08-22T07:06:52.560Z
sensor.air_quality_monitor_humidity,64.2044067382812,2026-08-22T07:07:02.559Z
sensor.air_quality_monitor_humidity,64.2059326171875,2026-08-22T07:07:12.565Z
sensor.air_quality_monitor_humidity,64.215087890625,2026-08-22T07:07:22.566Z
sensor.air_quality_monitor_humidity,64.2227172851562,2026-08-22T07:07:32.563Z
sensor.air_quality_monitor_humidity,64.2471313476562,2026-08-22T07:07:42.580Z
sensor.air_quality_monitor_humidity,64.215087890625,2026-08-22T07:07:52.578Z
sensor.air_quality_monitor_humidity,64.2318725585938,2026-08-22T07:08:02.583Z
sensor.air_quality_monitor_humidity,64.2440795898438,2026-08-22T07:08:12.587Z
sensor.air_quality_monitor_humidity,64.2135620117188,2026-08-22T07:08:22.588Z
sensor.air_quality_monitor_humidity,64.2425537109375,2026-08-22T07:08:32.595Z
sensor.air_quality_monitor_humidity,64.2257690429688,2026-08-22T07:08:42.605Z
sensor.air_quality_monitor_humidity,64.2059326171875,2026-08-22T07:08:52.608Z
sensor.air_quality_monitor_humidity,64.27001953125,2026-08-22T07:09:02.615Z
sensor.air_quality_monitor_humidity,64.2532348632812,2026-08-22T07:09:12.616Z
sensor.air_quality_monitor_humidity,64.1983032226562,2026-08-22T07:09:22.617Z
sensor.air_quality_monitor_humidity,64.251708984375,2026-08-22T07:09:32.627Z
sensor.air_quality_monitor_humidity,64.2242431640625,2026-08-22T07:09:42.629Z
sensor.air_quality_monitor_humidity,64.2333984375,2026-08-22T07:09:52.631Z
sensor.air_quality_monitor_humidity,64.2425537109375,2026-08-22T07:10:02.632Z
sensor.air_quality_monitor_humidity,64.2074584960938,2026-08-22T07:10:12.638Z
sensor.air_quality_monitor_humidity,64.2257690429688,2026-08-22T07:10:22.642Z
sensor.air_quality_monitor_humidity,64.19677734375,2026-08-22T07:10:32.645Z
sensor.air_quality_monitor_humidity,64.2349243164062,2026-08-22T07:10:42.650Z
sensor.air_quality_monitor_humidity,64.2059326171875,2026-08-22T07:10:52.652Z
sensor.air_quality_monitor_humidity,64.2074584960938,2026-08-22T07:11:02.658Z
sensor.air_quality_monitor_humidity,64.2425537109375,2026-08-22T07:11:12.666Z
sensor.air_quality_monitor_humidity,64.2074584960938,2026-08-22T07:11:22.666Z
sensor.air_quality_monitor_humidity,64.2166137695312,2026-08-22T07:11:32.669Z
sensor.air_quality_monitor_humidity,64.1708374023438,2026-08-22T07:11:42.674Z
sensor.air_quality_monitor_humidity,64.2410278320312,2026-08-22T07:11:52.679Z
sensor.air_quality_monitor_humidity,64.1876220703125,2026-08-22T07:12:02.683Z
sensor.air_quality_monitor_humidity,64.2227172851562,2026-08-22T07:12:12.684Z
sensor.air_quality_monitor_humidity,64.1510009765625,2026-08-22T07:12:22.690Z
sensor.air_quality_monitor_humidity,64.215087890625,2026-08-22T07:12:32.695Z
sensor.air_quality_monitor_humidity,64.178466796875,2026-08-22T07:12:42.702Z
sensor.air_quality_monitor_humidity,64.2105102539062,2026-08-22T07:12:52.705Z
sensor.air_quality_monitor_humidity,64.141845703125,2026-08-22T07:13:02.706Z
sensor.air_quality_monitor_humidity,64.2105102539062,2026-08-22T07:13:12.708Z
sensor.air_quality_monitor_humidity,64.1738891601562,2026-08-22T07:13:22.710Z
sensor.air_quality_monitor_humidity,64.2013549804688,2026-08-22T07:13:32.714Z
sensor.air_quality_monitor_humidity,64.1845703125,2026-08-22T07:13:42.715Z
sensor.air_quality_monitor_humidity,64.1952514648438,2026-08-22T07:13:52.742Z
sensor.air_quality_monitor_humidity,64.2318725585938,2026-08-22T07:14:02.727Z
sensor.air_quality_monitor_humidity,64.1769409179688,2026-08-22T07:14:12.732Z
sensor.air_quality_monitor_humidity,64.1632080078125,2026-08-22T07:14:22.736Z
sensor.air_quality_monitor_humidity,64.166259765625,2026-08-22T07:14:32.744Z
sensor.air_quality_monitor_humidity,64.2105102539062,2026-08-22T07:14:42.744Z
sensor.air_quality_monitor_humidity,64.1403198242188,2026-08-22T07:14:52.746Z
sensor.air_quality_monitor_humidity,64.190673828125,2026-08-22T07:15:02.753Z
sensor.air_quality_monitor_humidity,64.178466796875,2026-08-22T07:15:12.758Z
sensor.air_quality_monitor_humidity,64.1952514648438,2026-08-22T07:15:22.762Z
sensor.air_quality_monitor_humidity,64.1769409179688,2026-08-22T07:15:42.777Z
sensor.air_quality_monitor_humidity,64.1860961914062,2026-08-22T07:15:52.777Z
sensor.air_quality_monitor_humidity,64.1952514648438,2026-08-22T07:16:02.783Z
sensor.air_quality_monitor_humidity,64.1845703125,2026-08-22T07:16:12.790Z
sensor.air_quality_monitor_humidity,64.2288208007812,2026-08-22T07:16:22.795Z
sensor.air_quality_monitor_humidity,64.1769409179688,2026-08-22T07:16:32.786Z
sensor.air_quality_monitor_humidity,64.1586303710938,2026-08-22T07:16:42.807Z
sensor.air_quality_monitor_humidity,64.1510009765625,2026-08-22T07:16:52.807Z
sensor.air_quality_monitor_humidity,64.1586303710938,2026-08-22T07:17:02.815Z
sensor.air_quality_monitor_humidity,64.1403198242188,2026-08-22T07:17:12.818Z
sensor.air_quality_monitor_humidity,64.2135620117188,2026-08-22T07:17:22.826Z
sensor.air_quality_monitor_humidity,64.1937255859375,2026-08-22T07:17:32.812Z
sensor.air_quality_monitor_humidity,64.1860961914062,2026-08-22T07:17:42.826Z
sensor.air_quality_monitor_humidity,64.1769409179688,2026-08-22T07:17:52.831Z
sensor.air_quality_monitor_humidity,64.1586303710938,2026-08-22T07:18:02.837Z
sensor.air_quality_monitor_humidity,64.2044067382812,2026-08-22T07:18:22.847Z
sensor.air_quality_monitor_humidity,64.178466796875,2026-08-22T07:18:32.837Z
sensor.air_quality_monitor_humidity,64.12353515625,2026-08-22T07:18:42.861Z
sensor.air_quality_monitor_humidity,64.1525268554688,2026-08-22T07:18:52.866Z
sensor.air_quality_monitor_humidity,64.1845703125,2026-08-22T07:19:02.869Z
sensor.air_quality_monitor_humidity,64.16015625,2026-08-22T07:19:12.873Z
sensor.air_quality_monitor_humidity,64.1677856445312,2026-08-22T07:19:22.877Z
sensor.air_quality_monitor_humidity,64.1525268554688,2026-08-22T07:19:32.881Z
sensor.air_quality_monitor_humidity,64.1860961914062,2026-08-22T07:19:42.885Z
sensor.air_quality_monitor_humidity,64.1769409179688,2026-08-22T07:19:52.887Z
sensor.air_quality_monitor_humidity,64.16015625,2026-08-22T07:20:02.891Z
sensor.air_quality_monitor_humidity,64.1708374023438,2026-08-22T07:20:12.895Z
sensor.air_quality_monitor_humidity,64.1876220703125,2026-08-22T07:20:22.897Z
sensor.air_quality_monitor_humidity,64.1891479492188,2026-08-22T07:20:42.909Z
sensor.air_quality_monitor_humidity,64.1433715820312,2026-08-22T07:20:52.907Z
sensor.air_quality_monitor_humidity,64.2059326171875,2026-08-22T07:21:02.911Z
sensor.air_quality_monitor_humidity,64.1708374023438,2026-08-22T07:21:12.917Z
sensor.air_quality_monitor_humidity,64.1799926757812,2026-08-22T07:21:22.923Z
sensor.air_quality_monitor_humidity,64.1983032226562,2026-08-22T07:21:32.925Z
sensor.air_quality_monitor_humidity,64.154052734375,2026-08-22T07:21:42.926Z
sensor.air_quality_monitor_humidity,64.1632080078125,2026-08-22T07:21:52.929Z
sensor.air_quality_monitor_humidity,64.1983032226562,2026-08-22T07:22:02.930Z
sensor.air_quality_monitor_humidity,64.1830444335938,2026-08-22T07:22:12.936Z
sensor.air_quality_monitor_humidity,64.208984375,2026-08-22T07:22:22.941Z
sensor.air_quality_monitor_humidity,64.1799926757812,2026-08-22T07:22:32.951Z
sensor.air_quality_monitor_humidity,64.1464233398438,2026-08-22T07:22:42.959Z
sensor.air_quality_monitor_humidity,64.1799926757812,2026-08-22T07:22:52.961Z
sensor.air_quality_monitor_humidity,64.1708374023438,2026-08-22T07:23:02.962Z
sensor.air_quality_monitor_humidity,64.24560546875,2026-08-22T07:23:22.966Z
sensor.air_quality_monitor_humidity,64.1921997070312,2026-08-22T07:23:32.969Z
sensor.air_quality_monitor_humidity,64.227294921875,2026-08-22T07:23:52.980Z
sensor.air_quality_monitor_humidity,64.1921997070312,2026-08-22T07:24:02.981Z
sensor.air_quality_monitor_humidity,64.1998291015625,2026-08-22T07:24:12.990Z
sensor.air_quality_monitor_humidity,64.17236328125,2026-08-22T07:24:22.984Z
sensor.air_quality_monitor_humidity,64.1647338867188,2026-08-22T07:24:32.992Z
sensor.air_quality_monitor_humidity,64.1571044921875,2026-08-22T07:24:42.993Z
sensor.air_quality_monitor_humidity,64.1586303710938,2026-08-22T07:24:53.002Z
sensor.air_quality_monitor_humidity,64.154052734375,2026-08-22T07:25:03.002Z
sensor.air_quality_monitor_humidity,64.1754150390625,2026-08-22T07:25:13.007Z
sensor.air_quality_monitor_humidity,64.1677856445312,2026-08-22T07:25:23.013Z
sensor.air_quality_monitor_humidity,64.1815185546875,2026-08-22T07:25:33.020Z
sensor.air_quality_monitor_humidity,64.1738891601562,2026-08-22T07:25:43.023Z
sensor.air_quality_monitor_humidity,64.1937255859375,2026-08-22T07:26:03.026Z
sensor.air_quality_monitor_humidity,64.202880859375,2026-08-22T07:26:13.030Z
sensor.air_quality_monitor_humidity,64.2288208007812,2026-08-22T07:26:23.031Z
sensor.air_quality_monitor_humidity,64.2120361328125,2026-08-22T07:26:33.038Z
sensor.air_quality_monitor_humidity,64.1845703125,2026-08-22T07:26:43.046Z
sensor.air_quality_monitor_humidity,64.166259765625,2026-08-22T07:26:53.051Z
sensor.air_quality_monitor_humidity,64.1754150390625,2026-08-22T07:27:03.052Z
sensor.air_quality_monitor_humidity,64.1937255859375,2026-08-22T07:27:13.057Z
sensor.air_quality_monitor_humidity,64.2013549804688,2026-08-22T07:27:23.061Z
sensor.air_quality_monitor_humidity,64.2303466796875,2026-08-22T07:27:33.051Z
sensor.air_quality_monitor_humidity,64.16015625,2026-08-22T07:27:43.054Z
sensor.air_quality_monitor_humidity,64.166259765625,2026-08-22T07:27:53.075Z
sensor.air_quality_monitor_humidity,64.2181396484375,2026-08-22T07:28:03.078Z
sensor.air_quality_monitor_humidity,64.1647338867188,2026-08-22T07:28:13.079Z
sensor.air_quality_monitor_humidity,64.14794921875,2026-08-22T07:28:23.082Z
sensor.air_quality_monitor_humidity,64.1693115234375,2026-08-22T07:28:33.088Z
sensor.air_quality_monitor_humidity,64.1860961914062,2026-08-22T07:28:43.089Z
sensor.air_quality_monitor_humidity,64.1769409179688,2026-08-22T07:28:53.095Z
sensor.air_quality_monitor_humidity,64.1937255859375,2026-08-22T07:29:03.101Z
sensor.air_quality_monitor_humidity,64.1311645507812,2026-08-22T07:29:13.107Z
sensor.air_quality_monitor_humidity,64.1845703125,2026-08-22T07:29:23.108Z
sensor.air_quality_monitor_humidity,64.1128540039062,2026-08-22T07:29:33.102Z
sensor.air_quality_monitor_humidity,64.2120361328125,2026-08-22T07:29:43.112Z
sensor.air_quality_monitor_humidity,64.1860961914062,2026-08-22T07:29:53.116Z
sensor.air_quality_monitor_humidity,64.2196655273438,2026-08-22T07:30:03.122Z
sensor.air_quality_monitor_humidity,64.1998291015625,2026-08-22T07:30:13.130Z
sensor.air_quality_monitor_humidity,64.1830444335938,2026-08-22T07:30:23.127Z
sensor.air_quality_monitor_humidity,64.1571044921875,2026-08-22T07:30:33.119Z
sensor.air_quality_monitor_humidity,64.1845703125,2026-08-22T07:30:43.140Z
sensor.air_quality_monitor_humidity,64.1571044921875,2026-08-22T07:30:53.144Z
sensor.air_quality_monitor_humidity,64.2120361328125,2026-08-22T07:31:03.145Z
sensor.air_quality_monitor_humidity,64.2181396484375,2026-08-22T07:31:13.147Z
sensor.air_quality_monitor_humidity,64.1677856445312,2026-08-22T07:31:23.147Z
sensor.air_quality_monitor_humidity,64.166259765625,2026-08-22T07:31:33.141Z
sensor.air_quality_monitor_humidity,64.1830444335938,2026-08-22T07:31:43.161Z
sensor.air_quality_monitor_humidity,64.2120361328125,2026-08-22T07:31:53.164Z
sensor.air_quality_monitor_humidity,64.1754150390625,2026-08-22T07:32:03.164Z
sensor.air_quality_monitor_humidity,64.2120361328125,2026-08-22T07:32:13.165Z
sensor.air_quality_monitor_humidity,64.1738891601562,2026-08-22T07:32:23.164Z
sensor.air_quality_monitor_humidity,64.1921997070312,2026-08-22T07:32:33.152Z
sensor.air_quality_monitor_humidity,64.2379760742188,2026-08-22T07:32:43.168Z
sensor.air_quality_monitor_humidity,64.1769409179688,2026-08-22T07:32:53.169Z
sensor.air_quality_monitor_humidity,64.129638671875,2026-08-22T07:33:03.169Z
sensor.air_quality_monitor_humidity,64.2196655273438,2026-08-22T07:33:13.172Z
sensor.air_quality_monitor_humidity,64.1494750976562,2026-08-22T07:33:23.179Z
sensor.air_quality_monitor_humidity,64.1754150390625,2026-08-22T07:33:33.170Z
sensor.air_quality_monitor_humidity,64.1937255859375,2026-08-22T07:33:43.188Z
sensor.air_quality_monitor_humidity,64.1830444335938,2026-08-22T07:33:53.194Z
sensor.air_quality_monitor_humidity,64.1998291015625,2026-08-22T07:34:03.196Z
sensor.air_quality_monitor_humidity,64.2013549804688,2026-08-22T07:34:13.198Z
sensor.air_quality_monitor_humidity,64.1586303710938,2026-08-22T07:34:23.199Z
sensor.air_quality_monitor_humidity,64.1571044921875,2026-08-22T07:34:33.208Z
sensor.air_quality_monitor_humidity,64.2547607421875,2026-08-22T07:34:43.210Z
sensor.air_quality_monitor_humidity,64.1845703125,2026-08-22T07:34:53.215Z
sensor.air_quality_monitor_humidity,64.1830444335938,2026-08-22T07:35:13.222Z
sensor.air_quality_monitor_humidity,64.1860961914062,2026-08-22T07:35:23.223Z
sensor.air_quality_monitor_humidity,64.1937255859375,2026-08-22T07:35:33.229Z
sensor.air_quality_monitor_humidity,64.2105102539062,2026-08-22T07:35:43.237Z
sensor.air_quality_monitor_humidity,64.1952514648438,2026-08-22T07:35:53.239Z
sensor.air_quality_monitor_humidity,64.1677856445312,2026-08-22T07:36:03.241Z
sensor.air_quality_monitor_humidity,64.1311645507812,2026-08-22T07:36:13.246Z
sensor.air_quality_monitor_humidity,64.2120361328125,2026-08-22T07:36:23.247Z
sensor.air_quality_monitor_humidity,64.1860961914062,2026-08-22T07:36:33.259Z
sensor.air_quality_monitor_humidity,64.1845703125,2026-08-22T07:36:43.260Z
sensor.air_quality_monitor_humidity,64.1952514648438,2026-08-22T07:36:53.265Z
sensor.air_quality_monitor_humidity,64.2120361328125,2026-08-22T07:37:03.269Z
sensor.air_quality_monitor_humidity,64.1754150390625,2026-08-22T07:37:13.270Z
sensor.air_quality_monitor_humidity,64.1677856445312,2026-08-22T07:37:23.275Z
sensor.air_quality_monitor_humidity,64.202880859375,2026-08-22T07:37:33.265Z
sensor.air_quality_monitor_humidity,64.2120361328125,2026-08-22T07:37:43.288Z
sensor.air_quality_monitor_humidity,64.1937255859375,2026-08-22T07:37:53.291Z
sensor.air_quality_monitor_humidity,64.2196655273438,2026-08-22T07:38:03.295Z
sensor.air_quality_monitor_humidity,64.1937255859375,2026-08-22T07:38:13.300Z
sensor.air_quality_monitor_humidity,64.2196655273438,2026-08-22T07:38:23.305Z
sensor.air_quality_monitor_humidity,64.22119140625,2026-08-22T07:38:33.306Z
sensor.air_quality_monitor_humidity,64.2379760742188,2026-08-22T07:38:43.319Z
sensor.air_quality_monitor_humidity,64.190673828125,2026-08-22T07:38:53.317Z
sensor.air_quality_monitor_humidity,64.208984375,2026-08-22T07:39:03.322Z
sensor.air_quality_monitor_humidity,64.1937255859375,2026-08-22T07:39:13.330Z
sensor.air_quality_monitor_humidity,64.1998291015625,2026-08-22T07:39:23.334Z
sensor.air_quality_monitor_humidity,64.202880859375,2026-08-22T07:39:33.342Z
sensor.air_quality_monitor_humidity,64.2181396484375,2026-08-22T07:39:43.342Z
sensor.air_quality_monitor_humidity,64.208984375,2026-08-22T07:39:53.351Z
sensor.air_quality_monitor_humidity,64.1998291015625,2026-08-22T07:40:03.352Z
sensor.air_quality_monitor_humidity,64.1754150390625,2026-08-22T07:40:13.355Z
sensor.air_quality_monitor_humidity,64.2166137695312,2026-08-22T07:40:23.363Z
sensor.air_quality_monitor_humidity,64.2074584960938,2026-08-22T07:40:33.353Z
sensor.air_quality_monitor_humidity,64.2181396484375,2026-08-22T07:40:43.367Z
sensor.air_quality_monitor_humidity,64.1983032226562,2026-08-22T07:40:53.375Z
sensor.air_quality_monitor_humidity,64.2135620117188,2026-08-22T07:41:03.377Z
sensor.air_quality_monitor_humidity,64.2349243164062,2026-08-22T07:41:13.379Z
sensor.air_quality_monitor_humidity,64.1876220703125,2026-08-22T07:41:23.395Z
sensor.air_quality_monitor_humidity,64.1983032226562,2026-08-22T07:41:33.403Z
sensor.air_quality_monitor_humidity,64.215087890625,2026-08-22T07:41:43.402Z
sensor.air_quality_monitor_humidity,64.22119140625,2026-08-22T07:41:53.407Z
sensor.air_quality_monitor_humidity,64.2242431640625,2026-08-22T07:42:03.409Z
sensor.air_quality_monitor_humidity,64.2333984375,2026-08-22T07:42:13.409Z
sensor.air_quality_monitor_humidity,64.2059326171875,2026-08-22T07:42:23.411Z
sensor.air_quality_monitor_humidity,64.2257690429688,2026-08-22T07:42:43.422Z
sensor.air_quality_monitor_humidity,64.1952514648438,2026-08-22T07:42:53.424Z
sensor.air_quality_monitor_humidity,64.2242431640625,2026-08-22T07:43:03.425Z
sensor.air_quality_monitor_humidity,64.2333984375,2026-08-22T07:43:13.430Z
sensor.air_quality_monitor_humidity,64.19677734375,2026-08-22T07:43:33.441Z
sensor.air_quality_monitor_humidity,64.2242431640625,2026-08-22T07:43:43.443Z
sensor.air_quality_monitor_humidity,64.2166137695312,2026-08-22T07:43:53.447Z
sensor.air_quality_monitor_humidity,64.215087890625,2026-08-22T07:44:03.449Z
sensor.air_quality_monitor_humidity,64.2166137695312,2026-08-22T07:44:13.454Z
sensor.air_quality_monitor_humidity,64.276123046875,2026-08-22T07:44:23.458Z
sensor.air_quality_monitor_humidity,64.2135620117188,2026-08-22T07:44:33.468Z
sensor.air_quality_monitor_humidity,64.2318725585938,2026-08-22T07:44:43.472Z
sensor.air_quality_monitor_humidity,64.16015625,2026-08-22T07:44:53.478Z
sensor.air_quality_monitor_humidity,64.2684936523438,2026-08-22T07:45:03.478Z
sensor.air_quality_monitor_humidity,64.2135620117188,2026-08-22T07:45:13.486Z
sensor.air_quality_monitor_humidity,64.178466796875,2026-08-22T07:45:23.490Z
sensor.air_quality_monitor_humidity,64.2593383789062,2026-08-22T07:45:33.498Z
sensor.air_quality_monitor_humidity,64.2776489257812,2026-08-22T07:45:43.502Z
sensor.air_quality_monitor_humidity,64.2227172851562,2026-08-22T07:45:53.508Z
sensor.air_quality_monitor_humidity,64.2318725585938,2026-08-22T07:46:13.513Z
sensor.air_quality_monitor_humidity,64.2333984375,2026-08-22T07:46:23.517Z
sensor.air_quality_monitor_humidity,64.215087890625,2026-08-22T07:46:33.522Z
sensor.air_quality_monitor_humidity,64.2120361328125,2026-08-22T07:46:53.525Z
sensor.air_quality_monitor_humidity,64.251708984375,2026-08-22T07:47:03.529Z
sensor.air_quality_monitor_humidity,64.2776489257812,2026-08-22T07:47:13.535Z
sensor.air_quality_monitor_humidity,64.251708984375,2026-08-22T07:47:33.543Z
sensor.air_quality_monitor_humidity,64.2410278320312,2026-08-22T07:47:43.548Z
sensor.air_quality_monitor_humidity,64.2333984375,2026-08-22T07:47:53.552Z
sensor.air_quality_monitor_humidity,64.1983032226562,2026-08-22T07:48:03.554Z
sensor.air_quality_monitor_humidity,64.251708984375,2026-08-22T07:48:13.555Z
sensor.air_quality_monitor_humidity,64.2608642578125,2026-08-22T07:48:23.560Z
sensor.air_quality_monitor_humidity,64.251708984375,2026-08-22T07:48:33.563Z
sensor.air_quality_monitor_humidity,64.2868041992188,2026-08-22T07:48:43.565Z
sensor.air_quality_monitor_humidity,64.2852783203125,2026-08-22T07:48:53.572Z
sensor.air_quality_monitor_humidity,64.2227172851562,2026-08-22T07:49:03.573Z
sensor.air_quality_monitor_humidity,64.2959594726562,2026-08-22T07:49:13.572Z
sensor.air_quality_monitor_humidity,64.2410278320312,2026-08-22T07:49:23.574Z
sensor.air_quality_monitor_humidity,64.251708984375,2026-08-22T07:49:33.579Z
sensor.air_quality_monitor_humidity,64.27001953125,2026-08-22T07:49:43.580Z
sensor.air_quality_monitor_humidity,64.29443359375,2026-08-22T07:49:53.591Z
sensor.air_quality_monitor_humidity,64.288330078125,2026-08-22T07:50:03.599Z
sensor.air_quality_monitor_humidity,64.2715454101562,2026-08-22T07:50:13.603Z
sensor.air_quality_monitor_humidity,64.2974853515625,2026-08-22T07:50:23.602Z
sensor.air_quality_monitor_humidity,64.2791748046875,2026-08-22T07:50:33.612Z
sensor.air_quality_monitor_humidity,64.2974853515625,2026-08-22T07:50:43.610Z
sensor.air_quality_monitor_humidity,64.2791748046875,2026-08-22T07:50:53.615Z
sensor.air_quality_monitor_humidity,64.2547607421875,2026-08-22T07:51:03.617Z
sensor.air_quality_monitor_humidity,64.2990112304688,2026-08-22T07:51:13.617Z
sensor.air_quality_monitor_humidity,64.2974853515625,2026-08-22T07:51:23.624Z
sensor.air_quality_monitor_humidity,64.2608642578125,2026-08-22T07:51:33.610Z
sensor.air_quality_monitor_humidity,64.2791748046875,2026-08-22T07:51:43.624Z
sensor.air_quality_monitor_humidity,64.300537109375,2026-08-22T07:51:53.635Z
sensor.air_quality_monitor_humidity,64.2898559570312,2026-08-22T07:52:03.642Z
sensor.air_quality_monitor_humidity,64.27001953125,2026-08-22T07:52:23.647Z
sensor.air_quality_monitor_humidity,64.306640625,2026-08-22T07:52:33.652Z
sensor.air_quality_monitor_humidity,64.3157958984375,2026-08-22T07:52:43.662Z
sensor.air_quality_monitor_humidity,64.2807006835938,2026-08-22T07:52:53.662Z
sensor.air_quality_monitor_humidity,64.2745971679688,2026-08-22T07:53:03.664Z
sensor.air_quality_monitor_humidity,64.3081665039062,2026-08-22T07:53:13.668Z
sensor.air_quality_monitor_humidity,64.324951171875,2026-08-22T07:53:23.672Z
sensor.air_quality_monitor_humidity,64.3081665039062,2026-08-22T07:53:33.677Z
sensor.air_quality_monitor_humidity,64.3264770507812,2026-08-22T07:53:43.687Z
sensor.air_quality_monitor_humidity,64.3463134765625,2026-08-22T07:53:53.691Z
sensor.air_quality_monitor_humidity,64.2837524414062,2026-08-22T07:54:03.695Z
sensor.air_quality_monitor_humidity,64.3447875976562,2026-08-22T07:54:13.696Z
sensor.air_quality_monitor_humidity,64.3096923828125,2026-08-22T07:54:23.698Z
sensor.air_quality_monitor_humidity,64.3280029296875,2026-08-22T07:54:33.703Z
sensor.air_quality_monitor_humidity,64.337158203125,2026-08-22T07:54:43.710Z
sensor.air_quality_monitor_humidity,64.3722534179688,2026-08-22T07:54:53.711Z
sensor.air_quality_monitor_humidity,64.3295288085938,2026-08-22T07:55:03.714Z
sensor.air_quality_monitor_humidity,64.3386840820312,2026-08-22T07:55:13.716Z
sensor.air_quality_monitor_humidity,64.35546875,2026-08-22T07:55:23.719Z
sensor.air_quality_monitor_humidity,64.4012451171875,2026-08-22T07:55:43.722Z
sensor.air_quality_monitor_humidity,64.3310546875,2026-08-22T07:55:53.724Z
sensor.air_quality_monitor_humidity,64.3569946289062,2026-08-22T07:56:03.731Z
sensor.air_quality_monitor_humidity,64.3463134765625,2026-08-22T07:56:13.733Z
sensor.air_quality_monitor_humidity,64.3936157226562,2026-08-22T07:56:23.738Z
sensor.air_quality_monitor_humidity,64.3569946289062,2026-08-22T07:56:33.741Z
sensor.air_quality_monitor_humidity,64.349365234375,2026-08-22T07:56:43.744Z
sensor.air_quality_monitor_humidity,64.4210815429688,2026-08-22T07:56:53.743Z
sensor.air_quality_monitor_humidity,64.349365234375,2026-08-22T07:57:03.745Z
sensor.air_quality_monitor_humidity,64.3585205078125,2026-08-22T07:57:13.747Z
sensor.air_quality_monitor_humidity,64.34326171875,2026-08-22T07:57:23.748Z
sensor.air_quality_monitor_humidity,64.3936157226562,2026-08-22T07:57:33.752Z
sensor.air_quality_monitor_humidity,64.3951416015625,2026-08-22T07:57:43.751Z
sensor.air_quality_monitor_humidity,64.36767578125,2026-08-22T07:57:53.758Z
sensor.air_quality_monitor_humidity,64.3692016601562,2026-08-22T07:58:13.768Z
sensor.air_quality_monitor_humidity,64.3875122070312,2026-08-22T07:58:23.773Z
sensor.air_quality_monitor_humidity,64.385986328125,2026-08-22T07:58:33.779Z
sensor.air_quality_monitor_humidity,64.3966674804688,2026-08-22T07:58:43.782Z
sensor.air_quality_monitor_humidity,64.4073486328125,2026-08-22T07:58:53.781Z
sensor.air_quality_monitor_humidity,64.3890380859375,2026-08-22T07:59:03.783Z
sensor.air_quality_monitor_humidity,64.4241333007812,2026-08-22T07:59:13.786Z
sensor.air_quality_monitor_humidity,64.4149780273438,2026-08-22T07:59:23.792Z
sensor.air_quality_monitor_humidity,64.361572265625,2026-08-22T07:59:33.796Z
sensor.air_quality_monitor_humidity,64.3890380859375,2026-08-22T07:59:43.798Z
sensor.air_quality_monitor_humidity,64.4424438476562,2026-08-22T07:59:53.802Z
sensor.air_quality_monitor_humidity,64.3798828125,2026-08-22T08:00:03.804Z
sensor.air_quality_monitor_humidity,64.3890380859375,2026-08-22T08:00:13.810Z
sensor.air_quality_monitor_humidity,64.3875122070312,2026-08-22T08:00:23.815Z
sensor.air_quality_monitor_humidity,64.4058227539062,2026-08-22T08:00:33.822Z
sensor.air_quality_monitor_humidity,64.434814453125,2026-08-22T08:00:43.832Z
sensor.air_quality_monitor_humidity,64.4073486328125,2026-08-22T08:00:53.827Z
sensor.air_quality_monitor_humidity,64.4622802734375,2026-08-22T08:01:03.832Z
sensor.air_quality_monitor_humidity,64.4424438476562,2026-08-22T08:01:13.837Z
sensor.air_quality_monitor_humidity,64.4271850585938,2026-08-22T08:01:23.841Z
sensor.air_quality_monitor_humidity,64.4729614257812,2026-08-22T08:01:43.850Z
sensor.air_quality_monitor_humidity,64.447021484375,2026-08-22T08:01:53.852Z
sensor.air_quality_monitor_humidity,64.4378662109375,2026-08-22T08:02:03.853Z
sensor.air_quality_monitor_humidity,64.4363403320312,2026-08-22T08:02:13.856Z
sensor.air_quality_monitor_humidity,64.4622802734375,2026-08-22T08:02:23.859Z
sensor.air_quality_monitor_humidity,64.46533203125,2026-08-22T08:02:33.863Z
sensor.air_quality_monitor_humidity,64.4546508789062,2026-08-22T08:02:43.862Z
sensor.air_quality_monitor_humidity,64.4805908203125,2026-08-22T08:02:53.867Z
sensor.air_quality_monitor_humidity,64.447021484375,2026-08-22T08:03:03.868Z
sensor.air_quality_monitor_humidity,64.4760131835938,2026-08-22T08:03:13.874Z
sensor.air_quality_monitor_humidity,64.4638061523438,2026-08-22T08:03:23.879Z
sensor.air_quality_monitor_humidity,64.46533203125,2026-08-22T08:03:33.885Z
sensor.air_quality_monitor_humidity,64.447021484375,2026-08-22T08:03:43.887Z
sensor.air_quality_monitor_humidity,64.4821166992188,2026-08-22T08:03:53.893Z
sensor.air_quality_monitor_humidity,64.46533203125,2026-08-22T08:04:03.896Z
sensor.air_quality_monitor_humidity,64.4927978515625,2026-08-22T08:04:13.900Z
sensor.air_quality_monitor_humidity,64.46533203125,2026-08-22T08:04:23.901Z
sensor.air_quality_monitor_humidity,64.4393920898438,2026-08-22T08:04:33.906Z
sensor.air_quality_monitor_humidity,64.4577026367188,2026-08-22T08:04:43.912Z
sensor.air_quality_monitor_humidity,64.4943237304688,2026-08-22T08:04:53.911Z
sensor.air_quality_monitor_humidity,64.5294189453125,2026-08-22T08:05:03.918Z
sensor.air_quality_monitor_humidity,64.4943237304688,2026-08-22T08:05:13.917Z
sensor.air_quality_monitor_humidity,64.5278930664062,2026-08-22T08:05:23.924Z
sensor.air_quality_monitor_humidity,64.4775390625,2026-08-22T08:05:33.927Z
sensor.air_quality_monitor_humidity,64.4683837890625,2026-08-22T08:05:43.932Z
sensor.air_quality_monitor_humidity,64.5477294921875,2026-08-22T08:05:53.929Z
sensor.air_quality_monitor_humidity,64.5126342773438,2026-08-22T08:06:03.937Z
sensor.air_quality_monitor_humidity,64.4927978515625,2026-08-22T08:06:13.939Z
sensor.air_quality_monitor_humidity,64.4943237304688,2026-08-22T08:06:23.943Z
sensor.air_quality_monitor_humidity,64.51416015625,2026-08-22T08:06:33.952Z
sensor.air_quality_monitor_humidity,64.5050048828125,2026-08-22T08:06:43.957Z
sensor.air_quality_monitor_humidity,64.5767211914062,2026-08-22T08:06:53.958Z
sensor.air_quality_monitor_humidity,64.5126342773438,2026-08-22T08:07:03.963Z
sensor.air_quality_monitor_humidity,64.55078125,2026-08-22T08:07:13.965Z
sensor.air_quality_monitor_humidity,64.5782470703125,2026-08-22T08:07:23.966Z
sensor.air_quality_monitor_humidity,64.5339965820312,2026-08-22T08:07:33.969Z
sensor.air_quality_monitor_humidity,64.5217895507812,2026-08-22T08:07:43.969Z
sensor.air_quality_monitor_humidity,64.5156860351562,2026-08-22T08:07:53.971Z
sensor.air_quality_monitor_humidity,64.5339965820312,2026-08-22T08:08:03.974Z
sensor.air_quality_monitor_humidity,64.5584106445312,2026-08-22T08:08:13.978Z
sensor.air_quality_monitor_humidity,64.5675659179688,2026-08-22T08:08:23.984Z
sensor.air_quality_monitor_humidity,64.5523071289062,2026-08-22T08:08:33.990Z
sensor.air_quality_monitor_humidity,64.5416259765625,2026-08-22T08:08:43.989Z
sensor.air_quality_monitor_humidity,64.5782470703125,2026-08-22T08:08:53.994Z
sensor.air_quality_monitor_humidity,64.5614624023438,2026-08-22T08:09:03.996Z
sensor.air_quality_monitor_humidity,64.5675659179688,2026-08-22T08:09:14.002Z
sensor.air_quality_monitor_humidity,64.5401000976562,2026-08-22T08:09:24.005Z
sensor.air_quality_monitor_humidity,64.5339965820312,2026-08-22T08:09:34.008Z
sensor.air_quality_monitor_humidity,64.5706176757812,2026-08-22T08:09:44.013Z
sensor.air_quality_monitor_humidity,64.6133422851562,2026-08-22T08:09:54.018Z
sensor.air_quality_monitor_humidity,64.569091796875,2026-08-22T08:10:04.019Z
sensor.air_quality_monitor_humidity,64.5782470703125,2026-08-22T08:10:14.022Z
sensor.air_quality_monitor_humidity,64.5599365234375,2026-08-22T08:10:24.028Z
sensor.air_quality_monitor_humidity,64.5797729492188,2026-08-22T08:10:34.035Z
sensor.air_quality_monitor_humidity,64.617919921875,2026-08-22T08:10:44.032Z
sensor.air_quality_monitor_humidity,64.5431518554688,2026-08-22T08:10:54.036Z
sensor.air_quality_monitor_humidity,64.5965576171875,2026-08-22T08:11:04.042Z
sensor.air_quality_monitor_humidity,64.6224975585938,2026-08-22T08:11:14.046Z
sensor.air_quality_monitor_humidity,64.5889282226562,2026-08-22T08:11:24.047Z
sensor.air_quality_monitor_humidity,64.599609375,2026-08-22T08:11:34.051Z
sensor.air_quality_monitor_humidity,64.5904541015625,2026-08-22T08:11:44.054Z
sensor.air_quality_monitor_humidity,64.6438598632812,2026-08-22T08:11:54.056Z
sensor.air_quality_monitor_humidity,64.5904541015625,2026-08-22T08:12:04.061Z
sensor.air_quality_monitor_humidity,64.5706176757812,2026-08-22T08:12:14.065Z
sensor.air_quality_monitor_humidity,64.6347045898438,2026-08-22T08:12:24.069Z
sensor.air_quality_monitor_humidity,64.5904541015625,2026-08-22T08:12:34.075Z
sensor.air_quality_monitor_humidity,64.617919921875,2026-08-22T08:12:44.076Z
sensor.air_quality_monitor_humidity,64.6331787109375,2026-08-22T08:12:54.079Z
sensor.air_quality_monitor_humidity,64.5965576171875,2026-08-22T08:13:04.081Z
sensor.air_quality_monitor_humidity,64.6347045898438,2026-08-22T08:13:14.085Z
sensor.air_quality_monitor_humidity,64.6438598632812,2026-08-22T08:13:24.083Z
sensor.air_quality_monitor_humidity,64.63623046875,2026-08-22T08:13:34.087Z
sensor.air_quality_monitor_humidity,64.6270751953125,2026-08-22T08:13:44.093Z
sensor.air_quality_monitor_humidity,64.6453857421875,2026-08-22T08:13:54.100Z
sensor.air_quality_monitor_humidity,64.6347045898438,2026-08-22T08:14:14.103Z
sensor.air_quality_monitor_humidity,64.6453857421875,2026-08-22T08:14:24.104Z
sensor.air_quality_monitor_humidity,64.6438598632812,2026-08-22T08:14:34.107Z
sensor.air_quality_monitor_humidity,64.6820068359375,2026-08-22T08:14:44.111Z
sensor.air_quality_monitor_humidity,64.6469116210938,2026-08-22T08:14:54.116Z
sensor.air_quality_monitor_humidity,64.6636962890625,2026-08-22T08:15:04.118Z
sensor.air_quality_monitor_humidity,64.642333984375,2026-08-22T08:15:24.134Z
sensor.air_quality_monitor_humidity,64.6804809570312,2026-08-22T08:15:34.132Z
sensor.air_quality_monitor_humidity,64.6530151367188,2026-08-22T08:15:44.136Z
sensor.air_quality_monitor_humidity,64.7354125976562,2026-08-22T08:15:54.138Z
sensor.air_quality_monitor_humidity,64.6713256835938,2026-08-22T08:16:04.138Z
sensor.air_quality_monitor_humidity,64.6987915039062,2026-08-22T08:16:14.142Z
sensor.air_quality_monitor_humidity,64.6438598632812,2026-08-22T08:16:24.148Z
sensor.air_quality_monitor_humidity,64.6728515625,2026-08-22T08:16:34.161Z
sensor.air_quality_monitor_humidity,64.7247314453125,2026-08-22T08:16:44.161Z
sensor.air_quality_monitor_humidity,64.6713256835938,2026-08-22T08:16:54.166Z
sensor.air_quality_monitor_humidity,64.6621704101562,2026-08-22T08:17:04.167Z
sensor.air_quality_monitor_humidity,64.6896362304688,2026-08-22T08:17:14.169Z
sensor.air_quality_monitor_humidity,64.6881103515625,2026-08-22T08:17:24.169Z
sensor.air_quality_monitor_humidity,64.678955078125,2026-08-22T08:17:34.183Z
sensor.air_quality_monitor_humidity,64.6957397460938,2026-08-22T08:17:44.174Z
sensor.air_quality_monitor_humidity,64.7079467773438,2026-08-22T08:17:54.175Z
sensor.air_quality_monitor_humidity,64.6804809570312,2026-08-22T08:18:04.179Z
sensor.air_quality_monitor_humidity,64.6987915039062,2026-08-22T08:18:14.183Z
sensor.air_quality_monitor_humidity,64.6896362304688,2026-08-22T08:18:24.184Z
sensor.air_quality_monitor_humidity,64.7064208984375,2026-08-22T08:18:34.190Z
sensor.air_quality_monitor_humidity,64.715576171875,2026-08-22T08:18:44.191Z
sensor.air_quality_monitor_humidity,64.6804809570312,2026-08-22T08:18:54.195Z
sensor.air_quality_monitor_humidity,64.6881103515625,2026-08-22T08:19:04.199Z
sensor.air_quality_monitor_humidity,64.715576171875,2026-08-22T08:19:14.200Z
sensor.air_quality_monitor_humidity,64.7232055664062,2026-08-22T08:19:24.205Z
sensor.air_quality_monitor_humidity,64.7247314453125,2026-08-22T08:19:34.211Z
sensor.air_quality_monitor_humidity,64.73388671875,2026-08-22T08:19:44.231Z
sensor.air_quality_monitor_humidity,64.7613525390625,2026-08-22T08:19:54.221Z
sensor.air_quality_monitor_humidity,64.697265625,2026-08-22T08:20:04.223Z
sensor.air_quality_monitor_humidity,64.7705078125,2026-08-22T08:20:14.224Z
sensor.air_quality_monitor_humidity,64.6881103515625,2026-08-22T08:20:24.226Z
sensor.air_quality_monitor_humidity,64.7140502929688,2026-08-22T08:20:34.230Z
sensor.air_quality_monitor_humidity,64.7430419921875,2026-08-22T08:20:44.239Z
sensor.air_quality_monitor_humidity,64.7598266601562,2026-08-22T08:20:54.240Z
sensor.air_quality_monitor_humidity,64.7232055664062,2026-08-22T08:21:04.244Z
sensor.air_quality_monitor_humidity,64.7430419921875,2026-08-22T08:21:14.251Z
sensor.air_quality_monitor_humidity,64.7506713867188,2026-08-22T08:21:24.250Z
sensor.air_quality_monitor_humidity,64.715576171875,2026-08-22T08:21:34.257Z
sensor.air_quality_monitor_humidity,64.7064208984375,2026-08-22T08:21:44.258Z
sensor.air_quality_monitor_humidity,64.7445678710938,2026-08-22T08:21:54.259Z
sensor.air_quality_monitor_humidity,64.752197265625,2026-08-22T08:22:04.264Z
sensor.air_quality_monitor_humidity,64.73388671875,2026-08-22T08:22:14.270Z
sensor.air_quality_monitor_humidity,64.7445678710938,2026-08-22T08:22:24.269Z
sensor.air_quality_monitor_humidity,64.7689819335938,2026-08-22T08:22:34.276Z
sensor.air_quality_monitor_humidity,64.7705078125,2026-08-22T08:22:44.275Z
sensor.air_quality_monitor_humidity,64.7140502929688,2026-08-22T08:22:54.282Z
sensor.air_quality_monitor_humidity,64.7232055664062,2026-08-22T08:23:04.286Z
sensor.air_quality_monitor_humidity,64.7430419921875,2026-08-22T08:23:14.286Z
sensor.air_quality_monitor_humidity,64.7354125976562,2026-08-22T08:23:24.291Z
sensor.air_quality_monitor_humidity,64.752197265625,2026-08-22T08:23:34.293Z
sensor.air_quality_monitor_humidity,64.7796630859375,2026-08-22T08:23:44.296Z
sensor.air_quality_monitor_humidity,64.7811889648438,2026-08-22T08:23:54.299Z
sensor.air_quality_monitor_humidity,64.7247314453125,2026-08-22T08:24:04.301Z
sensor.air_quality_monitor_humidity,64.7872924804688,2026-08-22T08:24:14.305Z
sensor.air_quality_monitor_humidity,64.7354125976562,2026-08-22T08:24:24.310Z
sensor.air_quality_monitor_humidity,64.7430419921875,2026-08-22T08:24:34.305Z
sensor.air_quality_monitor_humidity,64.7613525390625,2026-08-22T08:24:44.319Z
sensor.air_quality_monitor_humidity,64.7628784179688,2026-08-22T08:24:54.322Z
sensor.air_quality_monitor_humidity,64.8056030273438,2026-08-22T08:25:04.327Z
sensor.air_quality_monitor_humidity,64.7613525390625,2026-08-22T08:25:14.333Z
sensor.air_quality_monitor_humidity,64.7735595703125,2026-08-22T08:25:24.337Z
sensor.air_quality_monitor_humidity,64.7537231445312,2026-08-22T08:25:34.329Z
sensor.air_quality_monitor_humidity,64.7903442382812,2026-08-22T08:25:44.347Z
sensor.air_quality_monitor_humidity,64.788818359375,2026-08-22T08:26:14.353Z
sensor.air_quality_monitor_humidity,64.7628784179688,2026-08-22T08:26:24.354Z
sensor.air_quality_monitor_humidity,64.764404296875,2026-08-22T08:26:34.360Z
sensor.air_quality_monitor_humidity,64.7445678710938,2026-08-22T08:26:44.362Z
sensor.air_quality_monitor_humidity,64.788818359375,2026-08-22T08:26:54.368Z
sensor.air_quality_monitor_humidity,64.7903442382812,2026-08-22T08:27:04.372Z
sensor.air_quality_monitor_humidity,64.7537231445312,2026-08-22T08:27:14.375Z
sensor.air_quality_monitor_humidity,64.7262573242188,2026-08-22T08:27:24.377Z
sensor.air_quality_monitor_humidity,64.788818359375,2026-08-22T08:27:34.383Z
sensor.air_quality_monitor_humidity,64.7354125976562,2026-08-22T08:27:44.388Z
sensor.air_quality_monitor_humidity,64.7613525390625,2026-08-22T08:27:54.390Z
sensor.air_quality_monitor_humidity,64.7720336914062,2026-08-22T08:28:04.391Z
sensor.air_quality_monitor_humidity,64.7537231445312,2026-08-22T08:28:14.392Z
sensor.air_quality_monitor_humidity,64.788818359375,2026-08-22T08:28:24.393Z
sensor.air_quality_monitor_humidity,64.78271484375,2026-08-22T08:28:34.399Z
sensor.air_quality_monitor_humidity,64.7430419921875,2026-08-22T08:28:44.407Z
sensor.air_quality_monitor_humidity,64.752197265625,2026-08-22T08:28:54.411Z
sensor.air_quality_monitor_humidity,64.7796630859375,2026-08-22T08:29:04.413Z
sensor.air_quality_monitor_humidity,64.788818359375,2026-08-22T08:29:14.414Z
sensor.air_quality_monitor_humidity,64.8239135742188,2026-08-22T08:29:24.415Z
sensor.air_quality_monitor_humidity,64.7872924804688,2026-08-22T08:29:34.424Z
sensor.air_quality_monitor_humidity,64.7598266601562,2026-08-22T08:29:44.432Z
sensor.air_quality_monitor_humidity,64.8147583007812,2026-08-22T08:29:54.481Z
sensor.air_quality_monitor_humidity,64.7994995117188,2026-08-22T08:30:04.437Z
sensor.air_quality_monitor_humidity,64.7781372070312,2026-08-22T08:30:14.438Z
sensor.air_quality_monitor_humidity,64.7430419921875,2026-08-22T08:30:34.447Z
sensor.air_quality_monitor_humidity,64.7689819335938,2026-08-22T08:30:44.450Z
sensor.air_quality_monitor_humidity,64.7781372070312,2026-08-22T08:30:54.453Z
sensor.air_quality_monitor_humidity,64.7674560546875,2026-08-22T08:31:04.463Z
sensor.air_quality_monitor_humidity,64.813232421875,2026-08-22T08:31:14.469Z
sensor.air_quality_monitor_humidity,64.7689819335938,2026-08-22T08:31:24.460Z
sensor.air_quality_monitor_humidity,64.7964477539062,2026-08-22T08:31:34.483Z
sensor.air_quality_monitor_humidity,64.7872924804688,2026-08-22T08:31:54.493Z
sensor.air_quality_monitor_humidity,64.7781372070312,2026-08-22T08:32:04.496Z
sensor.air_quality_monitor_humidity,64.7689819335938,2026-08-22T08:32:14.497Z
sensor.air_quality_monitor_humidity,64.794921875,2026-08-22T08:32:24.506Z
sensor.air_quality_monitor_humidity,64.7674560546875,2026-08-22T08:32:34.514Z
sensor.air_quality_monitor_humidity,64.83154296875,2026-08-22T08:32:44.519Z
sensor.air_quality_monitor_humidity,64.7933959960938,2026-08-22T08:32:54.524Z
sensor.air_quality_monitor_humidity,64.794921875,2026-08-22T08:33:04.526Z
sensor.air_quality_monitor_humidity,64.7872924804688,2026-08-22T08:33:14.529Z
sensor.air_quality_monitor_humidity,64.8056030273438,2026-08-22T08:33:24.533Z
sensor.air_quality_monitor_humidity,64.776611328125,2026-08-22T08:33:34.537Z
sensor.air_quality_monitor_humidity,64.8117065429688,2026-08-22T08:33:44.538Z
sensor.air_quality_monitor_humidity,64.7567749023438,2026-08-22T08:33:54.539Z
sensor.air_quality_monitor_humidity,64.813232421875,2026-08-22T08:34:04.543Z
sensor.air_quality_monitor_humidity,64.75830078125,2026-08-22T08:34:14.548Z
sensor.air_quality_monitor_humidity,64.7384643554688,2026-08-22T08:34:24.550Z
sensor.air_quality_monitor_humidity,64.7598266601562,2026-08-22T08:34:34.559Z
sensor.air_quality_monitor_humidity,64.776611328125,2026-08-22T08:34:44.559Z
sensor.air_quality_monitor_humidity,64.7674560546875,2026-08-22T08:34:54.571Z
sensor.air_quality_monitor_humidity,64.7781372070312,2026-08-22T08:35:04.572Z
sensor.air_quality_monitor_humidity,64.7872924804688,2026-08-22T08:35:14.576Z
sensor.air_quality_monitor_humidity,64.7674560546875,2026-08-22T08:35:24.583Z
sensor.air_quality_monitor_humidity,64.813232421875,2026-08-22T08:35:34.583Z
sensor.air_quality_monitor_humidity,64.7491455078125,2026-08-22T08:35:44.592Z
sensor.air_quality_monitor_humidity,64.739990234375,2026-08-22T08:35:54.593Z
sensor.air_quality_monitor_humidity,64.7674560546875,2026-08-22T08:36:14.595Z
sensor.air_quality_monitor_humidity,64.7933959960938,2026-08-22T08:36:24.603Z
sensor.air_quality_monitor_humidity,64.7857666015625,2026-08-22T08:36:34.606Z
sensor.air_quality_monitor_humidity,64.75830078125,2026-08-22T08:36:44.606Z
sensor.air_quality_monitor_humidity,64.7674560546875,2026-08-22T08:36:54.611Z
sensor.air_quality_monitor_humidity,64.7933959960938,2026-08-22T08:37:04.616Z
sensor.air_quality_monitor_humidity,64.7567749023438,2026-08-22T08:37:14.624Z
sensor.air_quality_monitor_humidity,64.7308349609375,2026-08-22T08:37:24.629Z
sensor.air_quality_monitor_humidity,64.7567749023438,2026-08-22T08:37:34.630Z
sensor.air_quality_monitor_humidity,64.739990234375,2026-08-22T08:37:54.631Z
sensor.air_quality_monitor_humidity,64.7674560546875,2026-08-22T08:38:04.633Z
sensor.air_quality_monitor_humidity,64.7186279296875,2026-08-22T08:38:14.636Z
sensor.air_quality_monitor_humidity,64.7857666015625,2026-08-22T08:38:24.641Z
sensor.air_quality_monitor_humidity,64.74609375,2026-08-22T08:38:34.646Z
sensor.air_quality_monitor_humidity,64.7476196289062,2026-08-22T08:38:44.647Z
sensor.air_quality_monitor_humidity,64.8284912109375,2026-08-22T08:38:54.648Z
sensor.air_quality_monitor_humidity,64.788818359375,2026-08-22T08:39:04.652Z
sensor.air_quality_monitor_humidity,64.7384643554688,2026-08-22T08:39:14.657Z
sensor.air_quality_monitor_humidity,64.7567749023438,2026-08-22T08:39:24.658Z
sensor.air_quality_monitor_humidity,64.74609375,2026-08-22T08:39:34.661Z
sensor.air_quality_monitor_humidity,64.7659301757812,2026-08-22T08:39:44.665Z
sensor.air_quality_monitor_humidity,64.7201538085938,2026-08-22T08:40:04.673Z
sensor.air_quality_monitor_humidity,64.6926879882812,2026-08-22T08:40:14.678Z
sensor.air_quality_monitor_humidity,64.7659301757812,2026-08-22T08:40:24.679Z
sensor.air_quality_monitor_humidity,64.7674560546875,2026-08-22T08:40:34.684Z
sensor.air_quality_monitor_humidity,64.7750854492188,2026-08-22T08:40:44.697Z
sensor.air_quality_monitor_humidity,64.7323608398438,2026-08-22T08:40:54.699Z
sensor.air_quality_monitor_humidity,64.75830078125,2026-08-22T08:41:04.704Z
sensor.air_quality_monitor_humidity,64.7659301757812,2026-08-22T08:41:14.708Z
sensor.air_quality_monitor_humidity,64.7933959960938,2026-08-22T08:41:24.719Z
sensor.air_quality_monitor_humidity,64.7293090820312,2026-08-22T08:41:34.715Z
sensor.air_quality_monitor_humidity,64.776611328125,2026-08-22T08:41:44.719Z
sensor.air_quality_monitor_humidity,64.703369140625,2026-08-22T08:41:54.724Z
sensor.air_quality_monitor_humidity,64.7659301757812,2026-08-22T08:42:04.725Z
sensor.air_quality_monitor_humidity,64.7216796875,2026-08-22T08:42:14.729Z
sensor.air_quality_monitor_humidity,64.7308349609375,2026-08-22T08:42:24.733Z
sensor.air_quality_monitor_humidity,64.703369140625,2026-08-22T08:42:34.736Z
sensor.air_quality_monitor_humidity,64.7125244140625,2026-08-22T08:42:44.750Z
sensor.air_quality_monitor_humidity,64.7567749023438,2026-08-22T08:42:54.756Z
sensor.air_quality_monitor_humidity,64.7308349609375,2026-08-22T08:43:04.756Z
sensor.air_quality_monitor_humidity,64.739990234375,2026-08-22T08:43:14.763Z
sensor.air_quality_monitor_humidity,64.7674560546875,2026-08-22T08:43:24.767Z
sensor.air_quality_monitor_humidity,64.7598266601562,2026-08-22T08:43:34.778Z
sensor.air_quality_monitor_humidity,64.739990234375,2026-08-22T08:43:44.781Z
sensor.air_quality_monitor_humidity,64.7506713867188,2026-08-22T08:43:54.782Z
sensor.air_quality_monitor_humidity,64.7476196289062,2026-08-22T08:44:04.783Z
sensor.air_quality_monitor_humidity,64.703369140625,2026-08-22T08:44:14.789Z
sensor.air_quality_monitor_humidity,64.75830078125,2026-08-22T08:44:24.793Z
sensor.air_quality_monitor_humidity,64.7598266601562,2026-08-22T08:44:34.778Z
sensor.air_quality_monitor_humidity,64.7674560546875,2026-08-22T08:44:44.793Z
sensor.air_quality_monitor_humidity,64.7293090820312,2026-08-22T08:44:54.801Z
sensor.air_quality_monitor_humidity,64.776611328125,2026-08-22T08:45:04.809Z
sensor.air_quality_monitor_humidity,64.7232055664062,2026-08-22T08:45:14.811Z
sensor.air_quality_monitor_humidity,64.7491455078125,2026-08-22T08:45:24.817Z
sensor.air_quality_monitor_humidity,64.7476196289062,2026-08-22T08:45:34.825Z
sensor.air_quality_monitor_humidity,64.7109985351562,2026-08-22T08:45:44.826Z
sensor.air_quality_monitor_humidity,64.7567749023438,2026-08-22T08:45:54.831Z
sensor.air_quality_monitor_humidity,64.7293090820312,2026-08-22T08:46:04.834Z
sensor.air_quality_monitor_humidity,64.7109985351562,2026-08-22T08:46:14.839Z
sensor.air_quality_monitor_humidity,64.7201538085938,2026-08-22T08:46:24.840Z
sensor.air_quality_monitor_humidity,64.7003173828125,2026-08-22T08:46:34.848Z
sensor.air_quality_monitor_humidity,64.7369384765625,2026-08-22T08:46:44.848Z
sensor.air_quality_monitor_humidity,64.727783203125,2026-08-22T08:46:54.849Z
sensor.air_quality_monitor_humidity,64.6926879882812,2026-08-22T08:47:04.856Z
sensor.air_quality_monitor_humidity,64.6728515625,2026-08-22T08:47:14.860Z
sensor.air_quality_monitor_humidity,64.7079467773438,2026-08-22T08:47:24.865Z
sensor.air_quality_monitor_humidity,64.6713256835938,2026-08-22T08:47:34.873Z
sensor.air_quality_monitor_humidity,64.7079467773438,2026-08-22T08:47:44.877Z
sensor.air_quality_monitor_humidity,64.7064208984375,2026-08-22T08:47:54.884Z
sensor.air_quality_monitor_humidity,64.7247314453125,2026-08-22T08:48:04.887Z
sensor.air_quality_monitor_humidity,64.697265625,2026-08-22T08:48:14.889Z
sensor.air_quality_monitor_humidity,64.7048950195312,2026-08-22T08:48:24.892Z
sensor.air_quality_monitor_humidity,64.6438598632812,2026-08-22T08:48:34.904Z
sensor.air_quality_monitor_humidity,64.6530151367188,2026-08-22T08:48:44.897Z
sensor.air_quality_monitor_humidity,64.6591186523438,2026-08-22T08:48:54.902Z
sensor.air_quality_monitor_humidity,64.6316528320312,2026-08-22T08:49:04.907Z
sensor.air_quality_monitor_humidity,64.6499633789062,2026-08-22T08:49:14.907Z
sensor.air_quality_monitor_humidity,64.6774291992188,2026-08-22T08:49:24.915Z
sensor.air_quality_monitor_humidity,64.6316528320312,2026-08-22T08:49:44.931Z
sensor.air_quality_monitor_humidity,64.6591186523438,2026-08-22T08:49:54.937Z
sensor.air_quality_monitor_humidity,64.66064453125,2026-08-22T08:50:04.938Z
sensor.air_quality_monitor_humidity,64.6514892578125,2026-08-22T08:50:14.938Z
sensor.air_quality_monitor_humidity,64.6759033203125,2026-08-22T08:50:24.945Z
sensor.air_quality_monitor_humidity,64.569091796875,2026-08-22T08:50:34.953Z
sensor.air_quality_monitor_humidity,64.6133422851562,2026-08-22T08:50:44.953Z
sensor.air_quality_monitor_humidity,64.6759033203125,2026-08-22T08:50:54.959Z
sensor.air_quality_monitor_humidity,64.6133422851562,2026-08-22T08:51:04.963Z
sensor.air_quality_monitor_humidity,64.630126953125,2026-08-22T08:51:14.967Z
sensor.air_quality_monitor_humidity,64.6209716796875,2026-08-22T08:51:24.973Z
sensor.air_quality_monitor_humidity,64.6026611328125,2026-08-22T08:51:34.978Z
sensor.air_quality_monitor_humidity,64.6453857421875,2026-08-22T08:51:44.982Z
sensor.air_quality_monitor_humidity,64.654541015625,2026-08-22T08:51:54.987Z
sensor.air_quality_monitor_humidity,64.6392822265625,2026-08-22T08:52:04.988Z
sensor.air_quality_monitor_humidity,64.6011352539062,2026-08-22T08:52:14.991Z
sensor.air_quality_monitor_humidity,64.6408081054688,2026-08-22T08:52:24.996Z
sensor.air_quality_monitor_humidity,64.6102905273438,2026-08-22T08:52:35.000Z
sensor.air_quality_monitor_humidity,64.630126953125,2026-08-22T08:52:45.002Z
sensor.air_quality_monitor_humidity,64.6209716796875,2026-08-22T08:52:55.011Z
sensor.air_quality_monitor_humidity,64.6224975585938,2026-08-22T08:53:05.020Z
sensor.air_quality_monitor_humidity,64.5751953125,2026-08-22T08:53:15.024Z
sensor.air_quality_monitor_humidity,64.5950317382812,2026-08-22T08:53:25.028Z
sensor.air_quality_monitor_humidity,64.593505859375,2026-08-22T08:53:35.037Z
sensor.air_quality_monitor_humidity,64.5736694335938,2026-08-22T08:53:45.038Z
sensor.air_quality_monitor_humidity,64.5919799804688,2026-08-22T08:53:55.041Z
sensor.air_quality_monitor_humidity,64.5751953125,2026-08-22T08:54:05.045Z
sensor.air_quality_monitor_humidity,64.5828247070312,2026-08-22T08:54:15.046Z
sensor.air_quality_monitor_humidity,64.5721435546875,2026-08-22T08:54:25.050Z
sensor.air_quality_monitor_humidity,64.5278930664062,2026-08-22T08:54:35.055Z
sensor.air_quality_monitor_humidity,64.6087646484375,2026-08-22T08:54:45.057Z
sensor.air_quality_monitor_humidity,64.5294189453125,2026-08-22T08:54:55.062Z
sensor.air_quality_monitor_humidity,64.5278930664062,2026-08-22T08:55:05.066Z
sensor.air_quality_monitor_humidity,64.5553588867188,2026-08-22T08:55:15.070Z
sensor.air_quality_monitor_humidity,64.5462036132812,2026-08-22T08:55:25.074Z
sensor.air_quality_monitor_humidity,64.5919799804688,2026-08-22T08:55:35.080Z
sensor.air_quality_monitor_humidity,64.5477294921875,2026-08-22T08:55:45.085Z
sensor.air_quality_monitor_humidity,64.5309448242188,2026-08-22T08:55:55.092Z
sensor.air_quality_monitor_humidity,64.5736694335938,2026-08-22T08:56:05.093Z
sensor.air_quality_monitor_humidity,64.6011352539062,2026-08-22T08:56:15.100Z
sensor.air_quality_monitor_humidity,64.5309448242188,2026-08-22T08:56:25.098Z
sensor.air_quality_monitor_humidity,64.5660400390625,2026-08-22T08:56:35.105Z
sensor.air_quality_monitor_humidity,64.53857421875,2026-08-22T08:56:45.104Z
sensor.air_quality_monitor_humidity,64.5584106445312,2026-08-22T08:56:55.108Z
sensor.air_quality_monitor_humidity,64.5462036132812,2026-08-22T08:57:05.111Z
sensor.air_quality_monitor_humidity,64.556884765625,2026-08-22T08:57:15.115Z
sensor.air_quality_monitor_humidity,64.5477294921875,2026-08-22T08:57:25.115Z
sensor.air_quality_monitor_humidity,64.5660400390625,2026-08-22T08:57:35.118Z
sensor.air_quality_monitor_humidity,64.5553588867188,2026-08-22T08:57:45.121Z
sensor.air_quality_monitor_humidity,64.5462036132812,2026-08-22T08:57:55.127Z
sensor.air_quality_monitor_humidity,64.5217895507812,2026-08-22T08:58:05.121Z
sensor.air_quality_monitor_humidity,64.4866943359375,2026-08-22T08:58:15.126Z
sensor.air_quality_monitor_humidity,64.5492553710938,2026-08-22T08:58:25.131Z
sensor.air_quality_monitor_humidity,64.4927978515625,2026-08-22T08:58:35.118Z
sensor.air_quality_monitor_humidity,64.5294189453125,2026-08-22T08:58:45.130Z
sensor.air_quality_monitor_humidity,64.55078125,2026-08-22T08:58:55.132Z
sensor.air_quality_monitor_humidity,64.5309448242188,2026-08-22T08:59:05.140Z
sensor.air_quality_monitor_humidity,64.5233154296875,2026-08-22T08:59:15.142Z
sensor.air_quality_monitor_humidity,64.5675659179688,2026-08-22T08:59:25.147Z
sensor.air_quality_monitor_humidity,64.5767211914062,2026-08-22T08:59:35.153Z
sensor.air_quality_monitor_humidity,64.532470703125,2026-08-22T08:59:45.155Z
sensor.air_quality_monitor_humidity,64.520263671875,2026-08-22T08:59:55.159Z
sensor.air_quality_monitor_humidity,64.5584106445312,2026-08-22T09:00:05.160Z
sensor.air_quality_monitor_humidity,64.495849609375,2026-08-22T09:00:15.164Z
sensor.air_quality_monitor_humidity,64.556884765625,2026-08-22T09:00:25.169Z
sensor.air_quality_monitor_humidity,64.5431518554688,2026-08-22T09:00:35.176Z
sensor.air_quality_monitor_humidity,64.5126342773438,2026-08-22T09:00:45.179Z
sensor.air_quality_monitor_humidity,64.5065307617188,2026-08-22T09:00:55.183Z
sensor.air_quality_monitor_humidity,64.5126342773438,2026-08-22T09:01:05.185Z
sensor.air_quality_monitor_humidity,64.5034790039062,2026-08-22T09:01:15.190Z
sensor.air_quality_monitor_humidity,64.5126342773438,2026-08-22T09:01:25.194Z
sensor.air_quality_monitor_humidity,64.5294189453125,2026-08-22T09:01:35.205Z
sensor.air_quality_monitor_humidity,64.5675659179688,2026-08-22T09:01:45.208Z
sensor.air_quality_monitor_humidity,64.4866943359375,2026-08-22T09:01:55.213Z
sensor.air_quality_monitor_humidity,64.5233154296875,2026-08-22T09:02:05.215Z
sensor.air_quality_monitor_humidity,64.5126342773438,2026-08-22T09:02:15.219Z
sensor.air_quality_monitor_humidity,64.5614624023438,2026-08-22T09:02:25.221Z
sensor.air_quality_monitor_humidity,64.48974609375,2026-08-22T09:02:35.228Z
sensor.air_quality_monitor_humidity,64.495849609375,2026-08-22T09:02:45.231Z
sensor.air_quality_monitor_humidity,64.5416259765625,2026-08-22T09:02:55.232Z
sensor.air_quality_monitor_humidity,64.4668579101562,2026-08-22T09:03:05.233Z
sensor.air_quality_monitor_humidity,64.5309448242188,2026-08-22T09:03:15.239Z
sensor.air_quality_monitor_humidity,64.4973754882812,2026-08-22T09:03:25.244Z
sensor.air_quality_monitor_humidity,64.532470703125,2026-08-22T09:03:35.247Z
sensor.air_quality_monitor_humidity,64.4973754882812,2026-08-22T09:03:45.265Z
sensor.air_quality_monitor_humidity,64.495849609375,2026-08-22T09:03:55.258Z
sensor.air_quality_monitor_humidity,64.5050048828125,2026-08-22T09:04:05.264Z
sensor.air_quality_monitor_humidity,64.51416015625,2026-08-22T09:04:15.267Z
sensor.air_quality_monitor_humidity,64.5065307617188,2026-08-22T09:04:25.267Z
sensor.air_quality_monitor_humidity,64.5156860351562,2026-08-22T09:04:35.275Z
sensor.air_quality_monitor_humidity,64.4699096679688,2026-08-22T09:04:45.277Z
sensor.air_quality_monitor_humidity,64.5416259765625,2026-08-22T09:04:55.282Z
sensor.air_quality_monitor_humidity,64.5065307617188,2026-08-22T09:05:05.286Z
sensor.air_quality_monitor_humidity,64.495849609375,2026-08-22T09:05:15.290Z
sensor.air_quality_monitor_humidity,64.4699096679688,2026-08-22T09:05:25.281Z
sensor.air_quality_monitor_humidity,64.532470703125,2026-08-22T09:05:35.301Z
sensor.air_quality_monitor_humidity,64.4790649414062,2026-08-22T09:05:45.305Z
sensor.air_quality_monitor_humidity,64.4805908203125,2026-08-22T09:05:55.312Z
sensor.air_quality_monitor_humidity,64.5248413085938,2026-08-22T09:06:05.315Z
sensor.air_quality_monitor_humidity,64.495849609375,2026-08-22T09:06:15.320Z
sensor.air_quality_monitor_humidity,64.5233154296875,2026-08-22T09:06:25.326Z
sensor.air_quality_monitor_humidity,64.4805908203125,2026-08-22T09:06:35.328Z
sensor.air_quality_monitor_humidity,64.4790649414062,2026-08-22T09:06:45.329Z
sensor.air_quality_monitor_humidity,64.4866943359375,2026-08-22T09:06:55.335Z
sensor.air_quality_monitor_humidity,64.5248413085938,2026-08-22T09:07:05.340Z
sensor.air_quality_monitor_humidity,64.5050048828125,2026-08-22T09:07:15.345Z
sensor.air_quality_monitor_humidity,64.4622802734375,2026-08-22T09:07:25.349Z
sensor.air_quality_monitor_humidity,64.4607543945312,2026-08-22T09:07:35.358Z
sensor.air_quality_monitor_humidity,64.5065307617188,2026-08-22T09:07:45.364Z
sensor.air_quality_monitor_humidity,64.4683837890625,2026-08-22T09:07:55.370Z
sensor.air_quality_monitor_humidity,64.4790649414062,2026-08-22T09:08:05.374Z
sensor.air_quality_monitor_humidity,64.4607543945312,2026-08-22T09:08:15.379Z
sensor.air_quality_monitor_humidity,64.422607421875,2026-08-22T09:08:25.380Z
sensor.air_quality_monitor_humidity,64.4317626953125,2026-08-22T09:08:35.390Z
sensor.air_quality_monitor_humidity,64.5126342773438,2026-08-22T09:08:45.395Z
sensor.air_quality_monitor_humidity,64.4149780273438,2026-08-22T09:08:55.400Z
sensor.air_quality_monitor_humidity,64.5034790039062,2026-08-22T09:09:05.401Z
sensor.air_quality_monitor_humidity,64.4134521484375,2026-08-22T09:09:15.405Z
sensor.air_quality_monitor_humidity,64.4515991210938,2026-08-22T09:09:25.410Z
sensor.air_quality_monitor_humidity,64.453125,2026-08-22T09:09:35.423Z
sensor.air_quality_monitor_humidity,64.4332885742188,2026-08-22T09:09:45.429Z
sensor.air_quality_monitor_humidity,64.4790649414062,2026-08-22T09:09:55.440Z
sensor.air_quality_monitor_humidity,64.4439697265625,2026-08-22T09:10:05.436Z
sensor.air_quality_monitor_humidity,64.4500732421875,2026-08-22T09:10:15.441Z
sensor.air_quality_monitor_humidity,64.4439697265625,2026-08-22T09:10:25.450Z
sensor.air_quality_monitor_humidity,64.4241333007812,2026-08-22T09:10:35.452Z
sensor.air_quality_monitor_humidity,64.4149780273438,2026-08-22T09:10:45.438Z
sensor.air_quality_monitor_humidity,64.434814453125,2026-08-22T09:10:55.452Z
sensor.air_quality_monitor_humidity,64.4271850585938,2026-08-22T09:11:05.459Z
sensor.air_quality_monitor_humidity,64.453125,2026-08-22T09:11:15.457Z
sensor.air_quality_monitor_humidity,64.4073486328125,2026-08-22T09:11:25.463Z
sensor.air_quality_monitor_humidity,64.4882202148438,2026-08-22T09:11:35.456Z
sensor.air_quality_monitor_humidity,64.3997192382812,2026-08-22T09:11:45.472Z
sensor.air_quality_monitor_humidity,64.4439697265625,2026-08-22T09:11:55.479Z
sensor.air_quality_monitor_humidity,64.4332885742188,2026-08-22T09:12:05.484Z
sensor.air_quality_monitor_humidity,64.41650390625,2026-08-22T09:12:15.489Z
sensor.air_quality_monitor_humidity,64.422607421875,2026-08-22T09:12:25.493Z
sensor.air_quality_monitor_humidity,64.4607543945312,2026-08-22T09:12:35.502Z
sensor.air_quality_monitor_humidity,64.41650390625,2026-08-22T09:12:45.505Z
sensor.air_quality_monitor_humidity,64.459228515625,2026-08-22T09:12:55.508Z
sensor.air_quality_monitor_humidity,64.434814453125,2026-08-22T09:13:05.510Z
sensor.air_quality_monitor_humidity,64.3630981445312,2026-08-22T09:13:15.511Z
sensor.air_quality_monitor_humidity,64.4271850585938,2026-08-22T09:13:25.511Z
sensor.air_quality_monitor_humidity,64.398193359375,2026-08-22T09:13:35.521Z
sensor.air_quality_monitor_humidity,64.4271850585938,2026-08-22T09:13:45.525Z
sensor.air_quality_monitor_humidity,64.4424438476562,2026-08-22T09:13:55.534Z
sensor.air_quality_monitor_humidity,64.4180297851562,2026-08-22T09:14:05.536Z
sensor.air_quality_monitor_humidity,64.41650390625,2026-08-22T09:14:15.537Z
sensor.air_quality_monitor_humidity,64.4073486328125,2026-08-22T09:14:25.538Z
sensor.air_quality_monitor_humidity,64.41650390625,2026-08-22T09:14:35.542Z
sensor.air_quality_monitor_humidity,64.398193359375,2026-08-22T09:14:45.544Z
sensor.air_quality_monitor_humidity,64.4363403320312,2026-08-22T09:14:55.546Z
sensor.air_quality_monitor_humidity,64.4699096679688,2026-08-22T09:15:05.552Z
sensor.air_quality_monitor_humidity,64.434814453125,2026-08-22T09:15:15.552Z
sensor.air_quality_monitor_humidity,64.422607421875,2026-08-22T09:15:35.548Z
sensor.air_quality_monitor_humidity,64.41650390625,2026-08-22T09:15:45.563Z
sensor.air_quality_monitor_humidity,64.3997192382812,2026-08-22T09:15:55.570Z
sensor.air_quality_monitor_humidity,64.453125,2026-08-22T09:16:05.572Z
sensor.air_quality_monitor_humidity,64.4439697265625,2026-08-22T09:16:15.576Z
sensor.air_quality_monitor_humidity,64.4424438476562,2026-08-22T09:16:25.583Z
sensor.air_quality_monitor_humidity,64.3707275390625,2026-08-22T09:16:35.591Z
sensor.air_quality_monitor_humidity,64.3997192382812,2026-08-22T09:16:45.594Z
sensor.air_quality_monitor_humidity,64.4607543945312,2026-08-22T09:16:55.599Z
sensor.air_quality_monitor_humidity,64.4439697265625,2026-08-22T09:17:05.603Z
sensor.air_quality_monitor_humidity,64.4241333007812,2026-08-22T09:17:15.605Z
sensor.air_quality_monitor_humidity,64.398193359375,2026-08-22T09:17:25.609Z
sensor.air_quality_monitor_humidity,64.3997192382812,2026-08-22T09:17:35.615Z
sensor.air_quality_monitor_humidity,64.434814453125,2026-08-22T09:17:45.620Z
sensor.air_quality_monitor_humidity,64.3875122070312,2026-08-22T09:17:55.628Z
sensor.air_quality_monitor_humidity,64.4012451171875,2026-08-22T09:18:05.633Z
sensor.air_quality_monitor_humidity,64.3890380859375,2026-08-22T09:18:15.634Z
sensor.air_quality_monitor_humidity,64.4454956054688,2026-08-22T09:18:25.640Z
sensor.air_quality_monitor_humidity,64.4180297851562,2026-08-22T09:18:35.645Z
sensor.air_quality_monitor_humidity,64.4088745117188,2026-08-22T09:18:55.654Z
sensor.air_quality_monitor_humidity,64.4424438476562,2026-08-22T09:19:15.656Z
sensor.air_quality_monitor_humidity,64.4180297851562,2026-08-22T09:19:25.660Z
sensor.air_quality_monitor_humidity,64.4256591796875,2026-08-22T09:19:35.666Z
sensor.air_quality_monitor_humidity,64.3814086914062,2026-08-22T09:19:45.676Z
sensor.air_quality_monitor_humidity,64.41650390625,2026-08-22T09:19:55.674Z
sensor.air_quality_monitor_humidity,64.373779296875,2026-08-22T09:20:05.676Z
sensor.air_quality_monitor_humidity,64.3905639648438,2026-08-22T09:20:15.683Z
sensor.air_quality_monitor_humidity,64.3997192382812,2026-08-22T09:20:25.684Z
sensor.air_quality_monitor_humidity,64.4363403320312,2026-08-22T09:20:35.692Z
sensor.air_quality_monitor_humidity,64.3997192382812,2026-08-22T09:20:45.698Z
sensor.air_quality_monitor_humidity,64.4073486328125,2026-08-22T09:20:55.703Z
sensor.air_quality_monitor_humidity,64.4180297851562,2026-08-22T09:21:05.709Z
sensor.air_quality_monitor_humidity,64.39208984375,2026-08-22T09:21:15.713Z
sensor.air_quality_monitor_humidity,64.41650390625,2026-08-22T09:21:25.716Z
sensor.air_quality_monitor_humidity,64.3875122070312,2026-08-22T09:21:35.723Z
sensor.air_quality_monitor_humidity,64.4073486328125,2026-08-22T09:21:45.730Z
sensor.air_quality_monitor_humidity,64.398193359375,2026-08-22T09:21:55.736Z
sensor.air_quality_monitor_humidity,64.4073486328125,2026-08-22T09:22:05.742Z
sensor.air_quality_monitor_humidity,64.3539428710938,2026-08-22T09:22:15.747Z
sensor.air_quality_monitor_humidity,64.4088745117188,2026-08-22T09:22:25.751Z
sensor.air_quality_monitor_humidity,64.4073486328125,2026-08-22T09:22:35.754Z
sensor.air_quality_monitor_humidity,64.4180297851562,2026-08-22T09:22:45.756Z
sensor.air_quality_monitor_humidity,64.4424438476562,2026-08-22T09:22:55.764Z
sensor.air_quality_monitor_humidity,64.3539428710938,2026-08-22T09:23:05.769Z
sensor.air_quality_monitor_humidity,64.4180297851562,2026-08-22T09:23:15.773Z
sensor.air_quality_monitor_humidity,64.4073486328125,2026-08-22T09:23:25.775Z
sensor.air_quality_monitor_humidity,64.3905639648438,2026-08-22T09:23:35.783Z
sensor.air_quality_monitor_humidity,64.41650390625,2026-08-22T09:23:45.785Z
sensor.air_quality_monitor_humidity,64.3722534179688,2026-08-22T09:23:55.789Z
sensor.air_quality_monitor_humidity,64.3890380859375,2026-08-22T09:24:05.791Z
sensor.air_quality_monitor_humidity,64.3783569335938,2026-08-22T09:24:15.798Z
sensor.air_quality_monitor_humidity,64.4073486328125,2026-08-22T09:24:25.805Z
sensor.air_quality_monitor_humidity,64.3783569335938,2026-08-22T09:24:35.810Z
sensor.air_quality_monitor_humidity,64.4058227539062,2026-08-22T09:24:45.816Z
sensor.air_quality_monitor_humidity,64.361572265625,2026-08-22T09:24:55.819Z
sensor.air_quality_monitor_humidity,64.4149780273438,2026-08-22T09:25:05.821Z
sensor.air_quality_monitor_humidity,64.3692016601562,2026-08-22T09:25:15.822Z
sensor.air_quality_monitor_humidity,64.398193359375,2026-08-22T09:25:25.828Z
sensor.air_quality_monitor_humidity,64.4088745117188,2026-08-22T09:25:35.819Z
sensor.air_quality_monitor_humidity,64.4256591796875,2026-08-22T09:25:45.836Z
sensor.air_quality_monitor_humidity,64.4073486328125,2026-08-22T09:25:55.842Z
sensor.air_quality_monitor_humidity,64.3630981445312,2026-08-22T09:26:05.844Z
sensor.air_quality_monitor_humidity,64.4241333007812,2026-08-22T09:26:15.851Z
sensor.air_quality_monitor_humidity,64.3814086914062,2026-08-22T09:26:25.852Z
sensor.air_quality_monitor_humidity,64.361572265625,2026-08-22T09:26:35.844Z
sensor.air_quality_monitor_humidity,64.3173217773438,2026-08-22T09:26:45.865Z
sensor.air_quality_monitor_humidity,64.4073486328125,2026-08-22T09:26:55.869Z
sensor.air_quality_monitor_humidity,64.4058227539062,2026-08-22T09:27:05.869Z
sensor.air_quality_monitor_humidity,64.3875122070312,2026-08-22T09:27:15.875Z
sensor.air_quality_monitor_humidity,64.361572265625,2026-08-22T09:27:25.879Z
sensor.air_quality_monitor_humidity,64.3798828125,2026-08-22T09:27:35.884Z
sensor.air_quality_monitor_humidity,64.361572265625,2026-08-22T09:27:45.892Z
sensor.air_quality_monitor_humidity,64.3966674804688,2026-08-22T09:27:55.898Z
sensor.air_quality_monitor_humidity,64.3707275390625,2026-08-22T09:28:05.906Z
sensor.air_quality_monitor_humidity,64.3341064453125,2026-08-22T09:28:15.906Z
sensor.air_quality_monitor_humidity,64.361572265625,2026-08-22T09:28:25.913Z
sensor.air_quality_monitor_humidity,64.4134521484375,2026-08-22T09:28:35.918Z
sensor.air_quality_monitor_humidity,64.3798828125,2026-08-22T09:28:45.926Z
sensor.air_quality_monitor_humidity,64.3447875976562,2026-08-22T09:29:05.932Z
sensor.air_quality_monitor_humidity,64.324951171875,2026-08-22T09:29:15.933Z
sensor.air_quality_monitor_humidity,64.3722534179688,2026-08-22T09:29:25.937Z
sensor.air_quality_monitor_humidity,64.3173217773438,2026-08-22T09:29:35.945Z
sensor.air_quality_monitor_humidity,64.398193359375,2026-08-22T09:29:45.952Z
sensor.air_quality_monitor_humidity,64.3890380859375,2026-08-22T09:29:55.950Z
sensor.air_quality_monitor_humidity,64.4332885742188,2026-08-22T09:30:05.950Z
sensor.air_quality_monitor_humidity,64.361572265625,2026-08-22T09:30:15.956Z
sensor.air_quality_monitor_humidity,64.3768310546875,2026-08-22T09:30:25.964Z
sensor.air_quality_monitor_humidity,64.3875122070312,2026-08-22T09:30:35.965Z
sensor.air_quality_monitor_humidity,64.361572265625,2026-08-22T09:30:45.974Z
sensor.air_quality_monitor_humidity,64.34326171875,2026-08-22T09:30:55.978Z
sensor.air_quality_monitor_humidity,64.3707275390625,2026-08-22T09:31:05.979Z
sensor.air_quality_monitor_humidity,64.404296875,2026-08-22T09:31:15.985Z
sensor.air_quality_monitor_humidity,64.3814086914062,2026-08-22T09:31:25.989Z
sensor.air_quality_monitor_humidity,64.3951416015625,2026-08-22T09:31:35.995Z
sensor.air_quality_monitor_humidity,64.398193359375,2026-08-22T09:31:45.993Z
sensor.air_quality_monitor_humidity,64.3707275390625,2026-08-22T09:31:56.002Z
sensor.air_quality_monitor_humidity,64.398193359375,2026-08-22T09:32:05.995Z
sensor.air_quality_monitor_humidity,64.3707275390625,2026-08-22T09:32:15.996Z
sensor.air_quality_monitor_humidity,64.398193359375,2026-08-22T09:32:26.005Z
sensor.air_quality_monitor_humidity,64.361572265625,2026-08-22T09:32:35.990Z
sensor.air_quality_monitor_humidity,64.3722534179688,2026-08-22T09:32:46.000Z
sensor.air_quality_monitor_humidity,64.3630981445312,2026-08-22T09:33:06.007Z
sensor.air_quality_monitor_humidity,64.3905639648438,2026-08-22T09:33:16.006Z
sensor.air_quality_monitor_humidity,64.4180297851562,2026-08-22T09:33:26.012Z
sensor.air_quality_monitor_humidity,64.3814086914062,2026-08-22T09:33:36.019Z
sensor.air_quality_monitor_humidity,64.337158203125,2026-08-22T09:33:46.016Z
sensor.air_quality_monitor_humidity,64.4088745117188,2026-08-22T09:33:56.020Z
sensor.air_quality_monitor_humidity,64.3783569335938,2026-08-22T09:34:06.025Z
sensor.air_quality_monitor_humidity,64.3707275390625,2026-08-22T09:34:16.029Z
sensor.air_quality_monitor_humidity,64.434814453125,2026-08-22T09:34:26.036Z
sensor.air_quality_monitor_humidity,64.3814086914062,2026-08-22T09:34:36.040Z
sensor.air_quality_monitor_humidity,64.4180297851562,2026-08-22T09:34:46.047Z
sensor.air_quality_monitor_humidity,64.398193359375,2026-08-22T09:34:56.049Z
sensor.air_quality_monitor_humidity,64.3447875976562,2026-08-22T09:35:06.058Z
sensor.air_quality_monitor_humidity,64.41650390625,2026-08-22T09:35:16.064Z
sensor.air_quality_monitor_humidity,64.3905639648438,2026-08-22T09:35:26.066Z
sensor.air_quality_monitor_humidity,64.4180297851562,2026-08-22T09:35:36.074Z
sensor.air_quality_monitor_humidity,64.3829345703125,2026-08-22T09:35:46.078Z
sensor.air_quality_monitor_humidity,64.3814086914062,2026-08-22T09:35:56.086Z
sensor.air_quality_monitor_humidity,64.4439697265625,2026-08-22T09:36:06.087Z
sensor.air_quality_monitor_humidity,64.3905639648438,2026-08-22T09:36:16.094Z
sensor.air_quality_monitor_humidity,64.4195556640625,2026-08-22T09:36:26.099Z
sensor.air_quality_monitor_humidity,64.3722534179688,2026-08-22T09:36:36.107Z
sensor.air_quality_monitor_humidity,64.4012451171875,2026-08-22T09:36:46.111Z
sensor.air_quality_monitor_humidity,64.4180297851562,2026-08-22T09:36:56.117Z
sensor.air_quality_monitor_humidity,64.39208984375,2026-08-22T09:37:06.122Z
sensor.air_quality_monitor_humidity,64.4271850585938,2026-08-22T09:37:16.129Z
sensor.air_quality_monitor_humidity,64.4424438476562,2026-08-22T09:37:26.136Z
sensor.air_quality_monitor_humidity,64.410400390625,2026-08-22T09:37:36.137Z
sensor.air_quality_monitor_humidity,64.4241333007812,2026-08-22T09:37:46.145Z
sensor.air_quality_monitor_humidity,64.3722534179688,2026-08-22T09:37:56.151Z
sensor.air_quality_monitor_humidity,64.4073486328125,2026-08-22T09:38:06.159Z
sensor.air_quality_monitor_humidity,64.3814086914062,2026-08-22T09:38:16.160Z
sensor.air_quality_monitor_humidity,64.4363403320312,2026-08-22T09:38:26.168Z
sensor.air_quality_monitor_humidity,64.3722534179688,2026-08-22T09:38:36.155Z
sensor.air_quality_monitor_humidity,64.4058227539062,2026-08-22T09:38:46.173Z
sensor.air_quality_monitor_humidity,64.4424438476562,2026-08-22T09:38:56.181Z
sensor.air_quality_monitor_humidity,64.3997192382812,2026-08-22T09:39:06.190Z
sensor.air_quality_monitor_humidity,64.3890380859375,2026-08-22T09:39:16.193Z
sensor.air_quality_monitor_humidity,64.4149780273438,2026-08-22T09:39:26.194Z
sensor.air_quality_monitor_humidity,64.3875122070312,2026-08-22T09:39:36.196Z
sensor.air_quality_monitor_humidity,64.4424438476562,2026-08-22T09:39:46.204Z
sensor.air_quality_monitor_humidity,64.3722534179688,2026-08-22T09:39:56.211Z
sensor.air_quality_monitor_humidity,64.3814086914062,2026-08-22T09:40:06.216Z
sensor.air_quality_monitor_humidity,64.3402099609375,2026-08-22T09:40:16.218Z
sensor.air_quality_monitor_humidity,64.3875122070312,2026-08-22T09:40:26.222Z
sensor.air_quality_monitor_humidity,64.4210815429688,2026-08-22T09:40:36.230Z
sensor.air_quality_monitor_humidity,64.3951416015625,2026-08-22T09:40:46.235Z
sensor.air_quality_monitor_humidity,64.34326171875,2026-08-22T09:40:56.233Z
sensor.air_quality_monitor_humidity,64.3798828125,2026-08-22T09:41:06.237Z
sensor.air_quality_monitor_humidity,64.398193359375,2026-08-22T09:41:16.241Z
sensor.air_quality_monitor_humidity,64.3585205078125,2026-08-22T09:41:26.243Z
sensor.air_quality_monitor_humidity,64.36767578125,2026-08-22T09:41:36.253Z
sensor.air_quality_monitor_humidity,64.3508911132812,2026-08-22T09:41:46.255Z
sensor.air_quality_monitor_humidity,64.422607421875,2026-08-22T09:41:56.260Z
sensor.air_quality_monitor_humidity,64.3951416015625,2026-08-22T09:42:06.265Z
sensor.air_quality_monitor_humidity,64.4149780273438,2026-08-22T09:42:16.270Z
sensor.air_quality_monitor_humidity,64.3875122070312,2026-08-22T09:42:26.275Z
sensor.air_quality_monitor_humidity,64.3707275390625,2026-08-22T09:42:36.286Z
sensor.air_quality_monitor_humidity,64.3875122070312,2026-08-22T09:42:46.285Z
sensor.air_quality_monitor_humidity,64.404296875,2026-08-22T09:42:56.287Z
sensor.air_quality_monitor_humidity,64.398193359375,2026-08-22T09:43:16.292Z
sensor.air_quality_monitor_humidity,64.3875122070312,2026-08-22T09:43:26.299Z
sensor.air_quality_monitor_humidity,64.4210815429688,2026-08-22T09:43:36.307Z
sensor.air_quality_monitor_humidity,64.4073486328125,2026-08-22T09:43:46.313Z
sensor.air_quality_monitor_humidity,64.3707275390625,2026-08-22T09:43:56.311Z
sensor.air_quality_monitor_humidity,64.3966674804688,2026-08-22T09:44:06.319Z
sensor.air_quality_monitor_humidity,64.3875122070312,2026-08-22T09:44:16.318Z
sensor.air_quality_monitor_humidity,64.3783569335938,2026-08-22T09:44:26.320Z
sensor.air_quality_monitor_humidity,64.3875122070312,2026-08-22T09:44:36.314Z
sensor.air_quality_monitor_humidity,64.4027709960938,2026-08-22T09:44:46.332Z
sensor.air_quality_monitor_humidity,64.4149780273438,2026-08-22T09:44:56.334Z
sensor.air_quality_monitor_humidity,64.3783569335938,2026-08-22T09:45:06.337Z
sensor.air_quality_monitor_humidity,64.4393920898438,2026-08-22T09:45:16.342Z
sensor.air_quality_monitor_humidity,64.3798828125,2026-08-22T09:45:26.344Z
sensor.air_quality_monitor_humidity,64.3951416015625,2026-08-22T09:45:36.350Z
sensor.air_quality_monitor_humidity,64.4149780273438,2026-08-22T09:45:46.358Z
sensor.air_quality_monitor_humidity,64.3875122070312,2026-08-22T09:45:56.359Z
sensor.air_quality_monitor_humidity,64.3707275390625,2026-08-22T09:46:06.363Z
sensor.air_quality_monitor_humidity,64.3951416015625,2026-08-22T09:46:16.362Z
sensor.air_quality_monitor_humidity,64.3890380859375,2026-08-22T09:46:26.367Z
sensor.air_quality_monitor_humidity,64.4241333007812,2026-08-22T09:46:36.379Z
sensor.air_quality_monitor_humidity,64.4149780273438,2026-08-22T09:46:46.383Z
sensor.air_quality_monitor_humidity,64.3707275390625,2026-08-22T09:46:56.387Z
sensor.air_quality_monitor_humidity,64.3783569335938,2026-08-22T09:47:06.391Z
sensor.air_quality_monitor_humidity,64.4073486328125,2026-08-22T09:47:16.396Z
sensor.air_quality_monitor_humidity,64.4149780273438,2026-08-22T09:47:26.400Z
sensor.air_quality_monitor_humidity,64.3966674804688,2026-08-22T09:47:36.407Z
sensor.air_quality_monitor_humidity,64.4073486328125,2026-08-22T09:47:46.408Z
sensor.air_quality_monitor_humidity,64.3875122070312,2026-08-22T09:47:56.412Z
sensor.air_quality_monitor_humidity,64.34326171875,2026-08-22T09:48:06.416Z
sensor.air_quality_monitor_humidity,64.3875122070312,2026-08-22T09:48:16.420Z
sensor.air_quality_monitor_humidity,64.3814086914062,2026-08-22T09:48:26.410Z
sensor.air_quality_monitor_humidity,64.3875122070312,2026-08-22T09:48:36.429Z
sensor.air_quality_monitor_humidity,64.3600463867188,2026-08-22T09:48:46.429Z
sensor.air_quality_monitor_humidity,64.4058227539062,2026-08-22T09:48:56.433Z
sensor.air_quality_monitor_humidity,64.4424438476562,2026-08-22T09:49:06.441Z
sensor.air_quality_monitor_humidity,64.3875122070312,2026-08-22T09:49:16.439Z
sensor.air_quality_monitor_humidity,64.4271850585938,2026-08-22T09:49:36.446Z
sensor.air_quality_monitor_humidity,64.4241333007812,2026-08-22T09:49:46.450Z
sensor.air_quality_monitor_humidity,64.4256591796875,2026-08-22T09:49:56.452Z
sensor.air_quality_monitor_humidity,64.3630981445312,2026-08-22T09:50:06.456Z
sensor.air_quality_monitor_humidity,64.398193359375,2026-08-22T09:50:16.458Z
sensor.air_quality_monitor_humidity,64.3875122070312,2026-08-22T09:50:26.459Z
sensor.air_quality_monitor_humidity,64.422607421875,2026-08-22T09:50:36.466Z
sensor.air_quality_monitor_humidity,64.4088745117188,2026-08-22T09:50:46.467Z
sensor.air_quality_monitor_humidity,64.41650390625,2026-08-22T09:50:56.475Z
sensor.air_quality_monitor_humidity,64.4607543945312,2026-08-22T09:51:06.480Z
sensor.air_quality_monitor_humidity,64.398193359375,2026-08-22T09:51:16.481Z
sensor.air_quality_monitor_humidity,64.4073486328125,2026-08-22T09:51:26.485Z
sensor.air_quality_monitor_humidity,64.4149780273438,2026-08-22T09:51:36.490Z
sensor.air_quality_monitor_humidity,64.453125,2026-08-22T09:51:46.489Z
sensor.air_quality_monitor_humidity,64.3692016601562,2026-08-22T09:51:56.496Z
sensor.air_quality_monitor_humidity,64.39208984375,2026-08-22T09:52:06.501Z
sensor.air_quality_monitor_humidity,64.4088745117188,2026-08-22T09:52:16.504Z
sensor.air_quality_monitor_humidity,64.4271850585938,2026-08-22T09:52:26.507Z
sensor.air_quality_monitor_humidity,64.4180297851562,2026-08-22T09:52:36.516Z
sensor.air_quality_monitor_humidity,64.3814086914062,2026-08-22T09:52:46.526Z
sensor.air_quality_monitor_humidity,64.4180297851562,2026-08-22T09:52:56.530Z
sensor.air_quality_monitor_humidity,64.4073486328125,2026-08-22T09:53:06.535Z
sensor.air_quality_monitor_humidity,64.4363403320312,2026-08-22T09:53:16.540Z
sensor.air_quality_monitor_humidity,64.3814086914062,2026-08-22T09:53:26.542Z
sensor.air_quality_monitor_humidity,64.3997192382812,2026-08-22T09:53:36.545Z
sensor.air_quality_monitor_humidity,64.41650390625,2026-08-22T09:53:46.549Z
sensor.air_quality_monitor_humidity,64.3905639648438,2026-08-22T09:53:56.554Z
sensor.air_quality_monitor_humidity,64.434814453125,2026-08-22T09:54:06.558Z
sensor.air_quality_monitor_humidity,64.4439697265625,2026-08-22T09:54:16.564Z
sensor.air_quality_monitor_humidity,64.3905639648438,2026-08-22T09:54:26.569Z
sensor.air_quality_monitor_humidity,64.39208984375,2026-08-22T09:54:36.580Z
sensor.air_quality_monitor_humidity,64.41650390625,2026-08-22T09:54:46.582Z
sensor.air_quality_monitor_humidity,64.4271850585938,2026-08-22T09:54:56.588Z
sensor.air_quality_monitor_humidity,64.4180297851562,2026-08-22T09:55:06.592Z
sensor.air_quality_monitor_humidity,64.39208984375,2026-08-22T09:55:16.596Z
sensor.air_quality_monitor_humidity,64.4180297851562,2026-08-22T09:55:26.602Z
sensor.air_quality_monitor_humidity,64.410400390625,2026-08-22T09:55:36.605Z
sensor.air_quality_monitor_humidity,64.4195556640625,2026-08-22T09:55:46.611Z
sensor.air_quality_monitor_humidity,64.4027709960938,2026-08-22T09:55:56.619Z
sensor.air_quality_monitor_humidity,64.4454956054688,2026-08-22T09:56:06.621Z
sensor.air_quality_monitor_humidity,64.4271850585938,2026-08-22T09:56:16.625Z
sensor.air_quality_monitor_humidity,64.4561767578125,2026-08-22T09:56:26.626Z
sensor.air_quality_monitor_humidity,64.4180297851562,2026-08-22T09:56:36.632Z
sensor.air_quality_monitor_humidity,64.4195556640625,2026-08-22T09:56:46.633Z
sensor.air_quality_monitor_humidity,64.447021484375,2026-08-22T09:57:06.639Z
sensor.air_quality_monitor_humidity,64.4195556640625,2026-08-22T09:57:16.641Z
sensor.air_quality_monitor_humidity,64.39208984375,2026-08-22T09:57:26.644Z
sensor.air_quality_monitor_humidity,64.4012451171875,2026-08-22T09:57:36.635Z
sensor.air_quality_monitor_humidity,64.447021484375,2026-08-22T09:57:56.659Z
sensor.air_quality_monitor_humidity,64.4454956054688,2026-08-22T09:58:06.663Z
sensor.air_quality_monitor_humidity,64.434814453125,2026-08-22T09:58:16.671Z
sensor.air_quality_monitor_humidity,64.4119262695312,2026-08-22T09:58:26.668Z
sensor.air_quality_monitor_humidity,64.3905639648438,2026-08-22T09:58:46.675Z
sensor.air_quality_monitor_humidity,64.4210815429688,2026-08-22T09:58:56.679Z
sensor.air_quality_monitor_humidity,64.3829345703125,2026-08-22T09:59:06.682Z
sensor.air_quality_monitor_humidity,64.3753051757812,2026-08-22T09:59:16.683Z
sensor.air_quality_monitor_humidity,64.4287109375,2026-08-22T09:59:26.685Z
sensor.air_quality_monitor_humidity,64.4378662109375,2026-08-22T09:59:36.689Z
sensor.air_quality_monitor_humidity,64.4363403320312,2026-08-22T09:59:46.690Z
sensor.air_quality_monitor_humidity,64.4012451171875,2026-08-22T09:59:56.697Z
sensor.air_quality_monitor_humidity,64.4378662109375,2026-08-22T10:00:06.696Z
sensor.air_quality_monitor_humidity,64.4561767578125,2026-08-22T10:00:16.697Z
sensor.air_quality_monitor_humidity,64.4195556640625,2026-08-22T10:00:26.703Z
sensor.air_quality_monitor_humidity,64.4729614257812,2026-08-22T10:00:36.706Z
sensor.air_quality_monitor_humidity,64.4287109375,2026-08-22T10:00:46.714Z
sensor.air_quality_monitor_humidity,64.410400390625,2026-08-22T10:00:56.722Z
sensor.air_quality_monitor_humidity,64.4119262695312,2026-08-22T10:01:06.724Z
sensor.air_quality_monitor_humidity,64.447021484375,2026-08-22T10:01:16.728Z
sensor.air_quality_monitor_humidity,64.4577026367188,2026-08-22T10:01:26.730Z
sensor.air_quality_monitor_humidity,64.3951416015625,2026-08-22T10:01:36.737Z
sensor.air_quality_monitor_humidity,64.4561767578125,2026-08-22T10:01:46.744Z
sensor.air_quality_monitor_humidity,64.4302368164062,2026-08-22T10:01:56.750Z
sensor.air_quality_monitor_humidity,64.4500732421875,2026-08-22T10:02:06.751Z
sensor.air_quality_monitor_humidity,64.4683837890625,2026-08-22T10:02:16.753Z
sensor.air_quality_monitor_humidity,64.4760131835938,2026-08-22T10:02:26.760Z
sensor.air_quality_monitor_humidity,64.4683837890625,2026-08-22T10:02:36.766Z
sensor.air_quality_monitor_humidity,64.44091796875,2026-08-22T10:02:46.767Z
sensor.air_quality_monitor_humidity,64.4500732421875,2026-08-22T10:02:56.768Z
sensor.air_quality_monitor_humidity,64.5050048828125,2026-08-22T10:03:06.769Z
sensor.air_quality_monitor_humidity,64.4851684570312,2026-08-22T10:03:16.770Z
sensor.air_quality_monitor_humidity,64.4317626953125,2026-08-22T10:03:36.779Z
sensor.air_quality_monitor_humidity,64.453125,2026-08-22T10:03:46.783Z
sensor.air_quality_monitor_humidity,64.4622802734375,2026-08-22T10:03:56.785Z
sensor.air_quality_monitor_humidity,64.4790649414062,2026-08-22T10:04:06.787Z
sensor.air_quality_monitor_humidity,64.4882202148438,2026-08-22T10:04:16.792Z
sensor.air_quality_monitor_humidity,64.4973754882812,2026-08-22T10:04:26.797Z
sensor.air_quality_monitor_humidity,64.4866943359375,2026-08-22T10:04:36.803Z
sensor.air_quality_monitor_humidity,64.4622802734375,2026-08-22T10:04:46.807Z
sensor.air_quality_monitor_humidity,64.4882202148438,2026-08-22T10:04:56.815Z
sensor.air_quality_monitor_humidity,64.5172119140625,2026-08-22T10:05:06.812Z
sensor.air_quality_monitor_humidity,64.4882202148438,2026-08-22T10:05:16.816Z
sensor.air_quality_monitor_humidity,64.4454956054688,2026-08-22T10:05:26.819Z
sensor.air_quality_monitor_humidity,64.4363403320312,2026-08-22T10:05:36.822Z
sensor.air_quality_monitor_humidity,64.5095825195312,2026-08-22T10:05:46.830Z
sensor.air_quality_monitor_humidity,64.48974609375,2026-08-22T10:05:56.834Z
sensor.air_quality_monitor_humidity,64.4638061523438,2026-08-22T10:06:06.835Z
sensor.air_quality_monitor_humidity,64.4912719726562,2026-08-22T10:06:16.836Z
sensor.air_quality_monitor_humidity,64.56298828125,2026-08-22T10:06:36.844Z
sensor.air_quality_monitor_humidity,64.5187377929688,2026-08-22T10:06:46.846Z
sensor.air_quality_monitor_humidity,64.4729614257812,2026-08-22T10:06:56.849Z
sensor.air_quality_monitor_humidity,64.4912719726562,2026-08-22T10:07:06.848Z
sensor.air_quality_monitor_humidity,64.5278930664062,2026-08-22T10:07:16.852Z
sensor.air_quality_monitor_humidity,64.5004272460938,2026-08-22T10:07:26.854Z
sensor.air_quality_monitor_humidity,64.5095825195312,2026-08-22T10:07:36.864Z
sensor.air_quality_monitor_humidity,64.5370483398438,2026-08-22T10:07:46.868Z
sensor.air_quality_monitor_humidity,64.5111083984375,2026-08-22T10:07:56.869Z
sensor.air_quality_monitor_humidity,64.520263671875,2026-08-22T10:08:06.871Z
sensor.air_quality_monitor_humidity,64.5553588867188,2026-08-22T10:08:16.872Z
sensor.air_quality_monitor_humidity,64.5370483398438,2026-08-22T10:08:26.877Z
sensor.air_quality_monitor_humidity,64.5843505859375,2026-08-22T10:08:36.879Z
sensor.air_quality_monitor_humidity,64.501953125,2026-08-22T10:08:46.883Z
sensor.air_quality_monitor_humidity,64.5660400390625,2026-08-22T10:08:56.894Z
sensor.air_quality_monitor_humidity,64.5477294921875,2026-08-22T10:09:06.890Z
sensor.air_quality_monitor_humidity,64.4912719726562,2026-08-22T10:09:16.893Z
sensor.air_quality_monitor_humidity,64.53857421875,2026-08-22T10:09:26.897Z
sensor.air_quality_monitor_humidity,64.5751953125,2026-08-22T10:09:36.902Z
sensor.air_quality_monitor_humidity,64.5477294921875,2026-08-22T10:09:46.906Z
sensor.air_quality_monitor_humidity,64.5599365234375,2026-08-22T10:09:56.912Z
sensor.air_quality_monitor_humidity,64.5309448242188,2026-08-22T10:10:06.917Z
sensor.air_quality_monitor_humidity,64.5401000976562,2026-08-22T10:10:16.921Z
sensor.air_quality_monitor_humidity,64.5217895507812,2026-08-22T10:10:26.923Z
sensor.air_quality_monitor_humidity,64.4943237304688,2026-08-22T10:10:36.928Z
sensor.air_quality_monitor_humidity,64.6041870117188,2026-08-22T10:10:46.932Z
sensor.air_quality_monitor_humidity,64.5416259765625,2026-08-22T10:10:56.933Z
sensor.air_quality_monitor_humidity,64.5843505859375,2026-08-22T10:11:06.940Z
sensor.air_quality_monitor_humidity,64.5950317382812,2026-08-22T10:11:16.942Z
sensor.air_quality_monitor_humidity,64.6041870117188,2026-08-22T10:11:26.944Z
sensor.air_quality_monitor_humidity,64.5751953125,2026-08-22T10:11:36.949Z
sensor.air_quality_monitor_humidity,64.5858764648438,2026-08-22T10:11:46.955Z
sensor.air_quality_monitor_humidity,64.55078125,2026-08-22T10:11:56.969Z
sensor.air_quality_monitor_humidity,64.5858764648438,2026-08-22T10:12:06.963Z
sensor.air_quality_monitor_humidity,64.6041870117188,2026-08-22T10:12:16.967Z
sensor.air_quality_monitor_humidity,64.5599365234375,2026-08-22T10:12:26.969Z
sensor.air_quality_monitor_humidity,64.569091796875,2026-08-22T10:12:46.978Z
sensor.air_quality_monitor_humidity,64.5950317382812,2026-08-22T10:12:56.978Z
sensor.air_quality_monitor_humidity,64.605712890625,2026-08-22T10:13:06.982Z
sensor.air_quality_monitor_humidity,64.5782470703125,2026-08-22T10:13:16.982Z
sensor.air_quality_monitor_humidity,64.605712890625,2026-08-22T10:13:26.984Z
sensor.air_quality_monitor_humidity,64.5523071289062,2026-08-22T10:13:36.988Z
sensor.air_quality_monitor_humidity,64.6224975585938,2026-08-22T10:13:46.994Z
sensor.air_quality_monitor_humidity,64.5858764648438,2026-08-22T10:13:57.002Z
sensor.air_quality_monitor_humidity,64.58740234375,2026-08-22T10:14:07.003Z
sensor.air_quality_monitor_humidity,64.5797729492188,2026-08-22T10:14:17.004Z
sensor.air_quality_monitor_humidity,64.6148681640625,2026-08-22T10:14:27.010Z
sensor.air_quality_monitor_humidity,64.6331787109375,2026-08-22T10:14:37.018Z
sensor.air_quality_monitor_humidity,64.605712890625,2026-08-22T10:14:47.024Z
sensor.air_quality_monitor_humidity,64.6240234375,2026-08-22T10:15:07.031Z
sensor.air_quality_monitor_humidity,64.6163940429688,2026-08-22T10:15:17.032Z
sensor.air_quality_monitor_humidity,64.6148681640625,2026-08-22T10:15:27.021Z
sensor.air_quality_monitor_humidity,64.6255493164062,2026-08-22T10:15:37.038Z
sensor.air_quality_monitor_humidity,64.642333984375,2026-08-22T10:15:47.040Z
sensor.air_quality_monitor_humidity,64.6331787109375,2026-08-22T10:15:57.044Z
sensor.air_quality_monitor_humidity,64.6163940429688,2026-08-22T10:16:07.051Z
sensor.air_quality_monitor_humidity,64.6255493164062,2026-08-22T10:16:17.055Z
sensor.air_quality_monitor_humidity,64.6347045898438,2026-08-22T10:16:27.057Z
sensor.air_quality_monitor_humidity,64.6530151367188,2026-08-22T10:16:37.064Z
sensor.air_quality_monitor_humidity,64.6347045898438,2026-08-22T10:16:47.069Z
sensor.air_quality_monitor_humidity,64.5965576171875,2026-08-22T10:16:57.077Z
sensor.air_quality_monitor_humidity,64.6514892578125,2026-08-22T10:17:07.083Z
sensor.air_quality_monitor_humidity,64.6530151367188,2026-08-22T10:17:17.086Z
sensor.air_quality_monitor_humidity,64.6347045898438,2026-08-22T10:17:37.097Z
sensor.air_quality_monitor_humidity,64.6530151367188,2026-08-22T10:17:47.098Z
sensor.air_quality_monitor_humidity,64.642333984375,2026-08-22T10:17:57.100Z
sensor.air_quality_monitor_humidity,64.5797729492188,2026-08-22T10:18:07.099Z
sensor.air_quality_monitor_humidity,64.6163940429688,2026-08-22T10:18:17.107Z
sensor.air_quality_monitor_humidity,64.6331787109375,2026-08-22T10:18:27.114Z
sensor.air_quality_monitor_humidity,64.6255493164062,2026-08-22T10:18:37.099Z
sensor.air_quality_monitor_humidity,64.6713256835938,2026-08-22T10:18:47.121Z
sensor.air_quality_monitor_humidity,64.6514892578125,2026-08-22T10:18:57.128Z
sensor.air_quality_monitor_humidity,64.66064453125,2026-08-22T10:19:07.129Z
sensor.air_quality_monitor_humidity,64.6514892578125,2026-08-22T10:19:17.133Z
sensor.air_quality_monitor_humidity,64.6774291992188,2026-08-22T10:19:37.122Z
sensor.air_quality_monitor_humidity,64.6316528320312,2026-08-22T10:19:47.144Z
sensor.air_quality_monitor_humidity,64.6881103515625,2026-08-22T10:19:57.149Z
sensor.air_quality_monitor_humidity,64.6774291992188,2026-08-22T10:20:07.161Z
sensor.air_quality_monitor_humidity,64.6957397460938,2026-08-22T10:20:17.166Z
sensor.air_quality_monitor_humidity,64.6148681640625,2026-08-22T10:20:27.171Z
sensor.air_quality_monitor_humidity,64.6224975585938,2026-08-22T10:20:37.179Z
sensor.air_quality_monitor_humidity,64.6682739257812,2026-08-22T10:20:47.183Z
sensor.air_quality_monitor_humidity,64.6514892578125,2026-08-22T10:20:57.187Z
sensor.air_quality_monitor_humidity,64.6865844726562,2026-08-22T10:21:07.192Z
sensor.air_quality_monitor_humidity,64.68505859375,2026-08-22T10:21:17.201Z
sensor.air_quality_monitor_humidity,64.6499633789062,2026-08-22T10:21:27.209Z
sensor.air_quality_monitor_humidity,64.6865844726562,2026-08-22T10:21:37.219Z
sensor.air_quality_monitor_humidity,64.6957397460938,2026-08-22T10:21:47.220Z
sensor.air_quality_monitor_humidity,64.6774291992188,2026-08-22T10:21:57.224Z
sensor.air_quality_monitor_humidity,64.6682739257812,2026-08-22T10:22:07.226Z
sensor.air_quality_monitor_humidity,64.6774291992188,2026-08-22T10:22:27.230Z
sensor.air_quality_monitor_humidity,64.6865844726562,2026-08-22T10:22:37.241Z
sensor.air_quality_monitor_humidity,64.7140502929688,2026-08-22T10:22:47.244Z
sensor.air_quality_monitor_humidity,64.6774291992188,2026-08-22T10:22:57.246Z
sensor.air_quality_monitor_humidity,64.6865844726562,2026-08-22T10:23:07.246Z
sensor.air_quality_monitor_humidity,64.6682739257812,2026-08-22T10:23:17.250Z
sensor.air_quality_monitor_humidity,64.6865844726562,2026-08-22T10:23:27.252Z
sensor.air_quality_monitor_humidity,64.6957397460938,2026-08-22T10:23:47.257Z
sensor.air_quality_monitor_humidity,64.66064453125,2026-08-22T10:23:57.260Z
sensor.air_quality_monitor_humidity,64.6331787109375,2026-08-22T10:24:07.260Z
sensor.air_quality_monitor_humidity,64.6759033203125,2026-08-22T10:24:17.261Z
sensor.air_quality_monitor_humidity,64.7048950195312,2026-08-22T10:24:27.265Z
sensor.air_quality_monitor_humidity,64.7064208984375,2026-08-22T10:24:37.269Z
sensor.air_quality_monitor_humidity,64.6865844726562,2026-08-22T10:24:47.274Z
sensor.air_quality_monitor_humidity,64.7308349609375,2026-08-22T10:24:57.275Z
sensor.air_quality_monitor_humidity,64.7140502929688,2026-08-22T10:25:07.277Z
sensor.air_quality_monitor_humidity,64.7323608398438,2026-08-22T10:25:17.281Z
sensor.air_quality_monitor_humidity,64.715576171875,2026-08-22T10:25:27.286Z
sensor.air_quality_monitor_humidity,64.7491455078125,2026-08-22T10:25:37.296Z
sensor.air_quality_monitor_humidity,64.697265625,2026-08-22T10:25:47.295Z
sensor.air_quality_monitor_humidity,64.7140502929688,2026-08-22T10:25:57.298Z
sensor.air_quality_monitor_humidity,64.7323608398438,2026-08-22T10:26:07.300Z
sensor.air_quality_monitor_humidity,64.6881103515625,2026-08-22T10:26:17.300Z
sensor.air_quality_monitor_humidity,64.6865844726562,2026-08-22T10:26:27.303Z
sensor.air_quality_monitor_humidity,64.7247314453125,2026-08-22T10:26:37.308Z
sensor.air_quality_monitor_humidity,64.7064208984375,2026-08-22T10:26:47.312Z
sensor.air_quality_monitor_humidity,64.7613525390625,2026-08-22T10:26:57.313Z
sensor.air_quality_monitor_humidity,64.73388671875,2026-08-22T10:27:07.315Z
sensor.air_quality_monitor_humidity,64.7430419921875,2026-08-22T10:27:17.316Z
sensor.air_quality_monitor_humidity,64.7354125976562,2026-08-22T10:27:27.317Z
sensor.air_quality_monitor_humidity,64.715576171875,2026-08-22T10:27:37.321Z
sensor.air_quality_monitor_humidity,64.752197265625,2026-08-22T10:27:47.326Z
sensor.air_quality_monitor_humidity,64.7613525390625,2026-08-22T10:27:57.328Z
sensor.air_quality_monitor_humidity,64.7064208984375,2026-08-22T10:28:07.327Z
sensor.air_quality_monitor_humidity,64.7354125976562,2026-08-22T10:28:17.332Z
sensor.air_quality_monitor_humidity,64.7979736328125,2026-08-22T10:28:27.348Z
sensor.air_quality_monitor_humidity,64.7628784179688,2026-08-22T10:28:37.344Z
sensor.air_quality_monitor_humidity,64.7171020507812,2026-08-22T10:28:47.345Z
sensor.air_quality_monitor_humidity,64.7903442382812,2026-08-22T10:28:57.350Z
sensor.air_quality_monitor_humidity,64.7537231445312,2026-08-22T10:29:07.355Z
sensor.air_quality_monitor_humidity,64.7735595703125,2026-08-22T10:29:17.358Z
sensor.air_quality_monitor_humidity,64.7171020507812,2026-08-22T10:29:37.363Z
sensor.air_quality_monitor_humidity,64.764404296875,2026-08-22T10:29:47.365Z
sensor.air_quality_monitor_humidity,64.7369384765625,2026-08-22T10:29:57.371Z
sensor.air_quality_monitor_humidity,64.7720336914062,2026-08-22T10:30:07.378Z
sensor.air_quality_monitor_humidity,64.7537231445312,2026-08-22T10:30:17.381Z
sensor.air_quality_monitor_humidity,64.801025390625,2026-08-22T10:30:37.391Z
sensor.air_quality_monitor_humidity,64.7735595703125,2026-08-22T10:30:47.398Z
sensor.air_quality_monitor_humidity,64.7628784179688,2026-08-22T10:30:57.401Z
sensor.air_quality_monitor_humidity,64.78271484375,2026-08-22T10:31:07.407Z
sensor.air_quality_monitor_humidity,64.7720336914062,2026-08-22T10:31:17.409Z
sensor.air_quality_monitor_humidity,64.7354125976562,2026-08-22T10:31:27.420Z
sensor.air_quality_monitor_humidity,64.8101806640625,2026-08-22T10:31:37.427Z
sensor.air_quality_monitor_humidity,64.80712890625,2026-08-22T10:31:47.431Z
sensor.air_quality_monitor_humidity,64.7552490234375,2026-08-22T10:31:57.433Z
sensor.air_quality_monitor_humidity,64.74609375,2026-08-22T10:32:07.444Z
sensor.air_quality_monitor_humidity,64.788818359375,2026-08-22T10:32:17.445Z
sensor.air_quality_monitor_humidity,64.7445678710938,2026-08-22T10:32:27.436Z
sensor.air_quality_monitor_humidity,64.7735595703125,2026-08-22T10:32:37.462Z
sensor.air_quality_monitor_humidity,64.7720336914062,2026-08-22T10:32:47.465Z
sensor.air_quality_monitor_humidity,64.78271484375,2026-08-22T10:32:57.456Z
sensor.air_quality_monitor_humidity,64.7994995117188,2026-08-22T10:33:07.458Z
sensor.air_quality_monitor_humidity,64.7735595703125,2026-08-22T10:33:17.479Z
sensor.air_quality_monitor_humidity,64.7552490234375,2026-08-22T10:33:27.484Z
sensor.air_quality_monitor_humidity,64.7918701171875,2026-08-22T10:33:37.490Z
sensor.air_quality_monitor_humidity,64.7903442382812,2026-08-22T10:33:47.498Z
sensor.air_quality_monitor_humidity,64.7705078125,2026-08-22T10:33:57.504Z
sensor.air_quality_monitor_humidity,64.788818359375,2026-08-22T10:34:07.503Z
sensor.air_quality_monitor_humidity,64.8162841796875,2026-08-22T10:34:17.504Z
sensor.air_quality_monitor_humidity,64.7811889648438,2026-08-22T10:34:27.508Z
sensor.air_quality_monitor_humidity,64.7537231445312,2026-08-22T10:34:37.494Z
sensor.air_quality_monitor_humidity,64.7811889648438,2026-08-22T10:34:47.515Z
sensor.air_quality_monitor_humidity,64.7537231445312,2026-08-22T10:34:57.524Z
sensor.air_quality_monitor_humidity,64.788818359375,2026-08-22T10:35:07.529Z
sensor.air_quality_monitor_humidity,64.7979736328125,2026-08-22T10:35:17.534Z
sensor.air_quality_monitor_humidity,64.7628784179688,2026-08-22T10:35:27.537Z
sensor.air_quality_monitor_humidity,64.7796630859375,2026-08-22T10:35:37.541Z
sensor.air_quality_monitor_humidity,64.7705078125,2026-08-22T10:35:47.546Z
sensor.air_quality_monitor_humidity,64.8056030273438,2026-08-22T10:35:57.550Z
sensor.air_quality_monitor_humidity,64.7705078125,2026-08-22T10:36:07.554Z
sensor.air_quality_monitor_humidity,64.7994995117188,2026-08-22T10:36:17.555Z
sensor.air_quality_monitor_humidity,64.7796630859375,2026-08-22T10:36:27.558Z
sensor.air_quality_monitor_humidity,64.7430419921875,2026-08-22T10:36:37.564Z
sensor.air_quality_monitor_humidity,64.7613525390625,2026-08-22T10:36:47.564Z
sensor.air_quality_monitor_humidity,64.752197265625,2026-08-22T10:37:07.580Z
sensor.air_quality_monitor_humidity,64.7796630859375,2026-08-22T10:37:17.578Z
sensor.air_quality_monitor_humidity,64.7705078125,2026-08-22T10:37:27.580Z
sensor.air_quality_monitor_humidity,64.7689819335938,2026-08-22T10:37:37.573Z
sensor.air_quality_monitor_humidity,64.7796630859375,2026-08-22T10:37:47.596Z
sensor.air_quality_monitor_humidity,64.7705078125,2026-08-22T10:37:57.598Z
sensor.air_quality_monitor_humidity,64.7979736328125,2026-08-22T10:38:07.603Z
sensor.air_quality_monitor_humidity,64.788818359375,2026-08-22T10:38:17.608Z
sensor.air_quality_monitor_humidity,64.8056030273438,2026-08-22T10:38:47.616Z
sensor.air_quality_monitor_humidity,64.80712890625,2026-08-22T10:38:57.620Z
sensor.air_quality_monitor_humidity,64.7979736328125,2026-08-22T10:39:07.624Z
sensor.air_quality_monitor_humidity,64.7354125976562,2026-08-22T10:39:17.631Z
sensor.air_quality_monitor_humidity,64.7979736328125,2026-08-22T10:39:27.635Z
sensor.air_quality_monitor_humidity,64.80712890625,2026-08-22T10:39:37.641Z
sensor.air_quality_monitor_humidity,64.8178100585938,2026-08-22T10:39:47.647Z
sensor.air_quality_monitor_humidity,64.7811889648438,2026-08-22T10:39:57.654Z
sensor.air_quality_monitor_humidity,64.8086547851562,2026-08-22T10:40:07.655Z
sensor.air_quality_monitor_humidity,64.8361206054688,2026-08-22T10:40:27.659Z
sensor.air_quality_monitor_humidity,64.825439453125,2026-08-22T10:40:37.672Z
sensor.air_quality_monitor_humidity,64.8452758789062,2026-08-22T10:40:47.674Z
sensor.air_quality_monitor_humidity,64.801025390625,2026-08-22T10:40:57.679Z
sensor.air_quality_monitor_humidity,64.8178100585938,2026-08-22T10:41:07.683Z
sensor.air_quality_monitor_humidity,64.8162841796875,2026-08-22T10:41:17.687Z
sensor.air_quality_monitor_humidity,64.8101806640625,2026-08-22T10:41:27.691Z
sensor.air_quality_monitor_humidity,64.78271484375,2026-08-22T10:41:37.695Z
sensor.air_quality_monitor_humidity,64.801025390625,2026-08-22T10:41:47.696Z
sensor.air_quality_monitor_humidity,64.8284912109375,2026-08-22T10:41:57.700Z
sensor.air_quality_monitor_humidity,64.8452758789062,2026-08-22T10:42:07.702Z
sensor.air_quality_monitor_humidity,64.8284912109375,2026-08-22T10:42:17.705Z
sensor.air_quality_monitor_humidity,64.801025390625,2026-08-22T10:42:27.717Z
sensor.air_quality_monitor_humidity,64.8468017578125,2026-08-22T10:42:47.719Z
sensor.air_quality_monitor_humidity,64.8193359375,2026-08-22T10:43:07.723Z
sensor.air_quality_monitor_humidity,64.7918701171875,2026-08-22T10:43:17.728Z
sensor.air_quality_monitor_humidity,64.8391723632812,2026-08-22T10:43:27.731Z
sensor.air_quality_monitor_humidity,64.8193359375,2026-08-22T10:43:37.735Z
sensor.air_quality_monitor_humidity,64.8391723632812,2026-08-22T10:43:47.738Z
sensor.air_quality_monitor_humidity,64.8101806640625,2026-08-22T10:43:57.744Z
sensor.air_quality_monitor_humidity,64.8574829101562,2026-08-22T10:44:07.748Z
sensor.air_quality_monitor_humidity,64.8483276367188,2026-08-22T10:44:17.754Z
sensor.air_quality_monitor_humidity,64.837646484375,2026-08-22T10:44:27.767Z
sensor.air_quality_monitor_humidity,64.801025390625,2026-08-22T10:44:37.762Z
sensor.air_quality_monitor_humidity,unavailable,2026-08-22T10:45:15.386Z
sensor.air_quality_monitor_humidity,50.909423828125,2026-08-22T10:45:15.487Z
sensor.air_quality_monitor_humidity,52.7618408203125,2026-08-22T10:45:18.615Z
sensor.air_quality_monitor_humidity,54.4525146484375,2026-08-22T10:45:28.608Z
sensor.air_quality_monitor_humidity,55.8609008789062,2026-08-22T10:45:38.611Z
sensor.air_quality_monitor_humidity,57.110595703125,2026-08-22T10:45:48.619Z
sensor.air_quality_monitor_humidity,58.7005615234375,2026-08-22T10:45:58.615Z
sensor.air_quality_monitor_humidity,59.5809936523438,2026-08-22T10:46:08.615Z
sensor.air_quality_monitor_humidity,60.3591918945312,2026-08-22T10:46:18.617Z
sensor.air_quality_monitor_humidity,61.02294921875,2026-08-22T10:46:28.621Z
sensor.air_quality_monitor_humidity,61.5402221679688,2026-08-22T10:46:38.618Z
sensor.air_quality_monitor_humidity,62.0513916015625,2026-08-22T10:46:48.622Z
sensor.air_quality_monitor_humidity,62.4984741210938,2026-08-22T10:46:58.616Z
sensor.air_quality_monitor_humidity,63.00048828125,2026-08-22T10:47:08.622Z
sensor.air_quality_monitor_humidity,63.2278442382812,2026-08-22T10:47:18.619Z
sensor.air_quality_monitor_humidity,63.5009765625,2026-08-22T10:47:28.618Z
sensor.air_quality_monitor_humidity,63.7557983398438,2026-08-22T10:47:38.622Z
sensor.air_quality_monitor_humidity,63.9053344726562,2026-08-22T10:47:48.614Z
sensor.air_quality_monitor_humidity,64.0975952148438,2026-08-22T10:47:58.626Z
sensor.air_quality_monitor_humidity,64.24560546875,2026-08-22T10:48:08.618Z
sensor.air_quality_monitor_humidity,64.3569946289062,2026-08-22T10:48:18.623Z
sensor.air_quality_monitor_humidity,64.44091796875,2026-08-22T10:48:28.623Z
sensor.air_quality_monitor_humidity,64.5248413085938,2026-08-22T10:48:38.615Z
sensor.air_quality_monitor_humidity,64.605712890625,2026-08-22T10:48:48.626Z
sensor.air_quality_monitor_humidity,64.6438598632812,2026-08-22T10:48:58.621Z
sensor.air_quality_monitor_humidity,64.6621704101562,2026-08-22T10:49:08.622Z
sensor.air_quality_monitor_humidity,64.78271484375,2026-08-22T10:49:18.623Z
sensor.air_quality_monitor_humidity,64.7933959960938,2026-08-22T10:49:28.624Z
sensor.air_quality_monitor_humidity,64.7918701171875,2026-08-22T10:49:38.624Z
sensor.air_quality_monitor_humidity,64.8574829101562,2026-08-22T10:49:48.627Z
sensor.air_quality_monitor_humidity,64.8666381835938,2026-08-22T10:49:58.634Z
sensor.air_quality_monitor_humidity,64.959716796875,2026-08-22T10:50:08.636Z
sensor.air_quality_monitor_humidity,unavailable,2026-08-22T10:50:55.565Z
sensor.air_quality_monitor_humidity,53.7002563476562,2026-08-22T10:50:55.663Z
sensor.air_quality_monitor_humidity,unavailable,2026-08-22T10:51:35.706Z
sensor.air_quality_monitor_humidity,53.7002563476562,2026-08-22T10:52:45.841Z
