entity_id,state,last_changed
sensor.air_quality_monitor_temperature_scd41,unavailable,2026-08-22T04:00:00.000Z
sensor.air_quality_monitor_temperature_scd41,unknown,2026-08-22T04:19:33.379Z
sensor.air_quality_monitor_temperature_scd41,23.4394836425781,2026-08-22T04:19:39.291Z
sensor.air_quality_monitor_temperature_scd41,23.0549621582031,2026-08-22T04:19:49.291Z
sensor.air_quality_monitor_temperature_scd41,22.6891326904297,2026-08-22T04:19:59.292Z
sensor.air_quality_monitor_temperature_scd41,22.3900604248047,2026-08-22T04:20:09.291Z
sensor.air_quality_monitor_temperature_scd41,22.0455932617188,2026-08-22T04:20:19.292Z
sensor.air_quality_monitor_temperature_scd41,21.8746948242188,2026-08-22T04:20:29.293Z
sensor.air_quality_monitor_temperature_scd41,21.73583984375,2026-08-22T04:20:39.296Z
sensor.air_quality_monitor_temperature_scd41,21.6316986083984,2026-08-22T04:20:49.296Z
sensor.air_quality_monitor_temperature_scd41,21.5302276611328,2026-08-22T04:20:59.298Z
sensor.air_quality_monitor_temperature_scd41,21.4688110351562,2026-08-22T04:21:09.298Z
sensor.air_quality_monitor_temperature_scd41,21.4501190185547,2026-08-22T04:21:19.298Z
sensor.air_quality_monitor_temperature_scd41,21.3913726806641,2026-08-22T04:21:29.296Z
sensor.air_quality_monitor_temperature_scd41,21.3993835449219,2026-08-22T04:21:49.299Z
sensor.air_quality_monitor_temperature_scd41,21.4020538330078,2026-08-22T04:21:59.299Z
sensor.air_quality_monitor_temperature_scd41,21.4127349853516,2026-08-22T04:22:09.300Z
sensor.air_quality_monitor_temperature_scd41,21.4688110351562,2026-08-22T04:22:19.300Z
sensor.air_quality_monitor_temperature_scd41,21.4768218994141,2026-08-22T04:22:29.308Z
sensor.air_quality_monitor_temperature_scd41,21.5275573730469,2026-08-22T04:22:39.304Z
sensor.air_quality_monitor_temperature_scd41,21.5622711181641,2026-08-22T04:22:49.305Z
sensor.air_quality_monitor_temperature_scd41,21.5916442871094,2026-08-22T04:22:59.305Z
sensor.air_quality_monitor_temperature_scd41,21.6316986083984,2026-08-22T04:23:09.305Z
sensor.air_quality_monitor_temperature_scd41,21.6877746582031,2026-08-22T04:23:19.305Z
sensor.air_quality_monitor_temperature_scd41,21.7118072509766,2026-08-22T04:23:29.309Z
sensor.air_quality_monitor_temperature_scd41,21.7625427246094,2026-08-22T04:23:39.311Z
sensor.air_quality_monitor_temperature_scd41,21.8186187744141,2026-08-22T04:23:49.315Z
sensor.air_quality_monitor_temperature_scd41,21.8613433837891,2026-08-22T04:23:59.318Z
sensor.air_quality_monitor_temperature_scd41,21.9147491455078,2026-08-22T04:24:09.317Z
sensor.air_quality_monitor_temperature_scd41,21.9414520263672,2026-08-22T04:24:19.318Z
sensor.air_quality_monitor_temperature_scd41,21.9761657714844,2026-08-22T04:24:29.316Z
sensor.air_quality_monitor_temperature_scd41,22.0455932617188,2026-08-22T04:24:39.316Z
sensor.air_quality_monitor_temperature_scd41,22.1016693115234,2026-08-22T04:24:49.316Z
sensor.air_quality_monitor_temperature_scd41,22.1070098876953,2026-08-22T04:24:59.320Z
sensor.air_quality_monitor_temperature_scd41,22.1524047851562,2026-08-22T04:25:09.321Z
sensor.air_quality_monitor_temperature_scd41,22.1817779541016,2026-08-22T04:25:19.325Z
sensor.air_quality_monitor_temperature_scd41,22.2218322753906,2026-08-22T04:25:29.326Z
sensor.air_quality_monitor_temperature_scd41,22.2832489013672,2026-08-22T04:25:39.325Z
sensor.air_quality_monitor_temperature_scd41,22.3099517822266,2026-08-22T04:25:49.327Z
sensor.air_quality_monitor_temperature_scd41,22.3847198486328,2026-08-22T04:25:59.330Z
sensor.air_quality_monitor_temperature_scd41,22.4327850341797,2026-08-22T04:26:09.329Z
sensor.air_quality_monitor_temperature_scd41,22.4648284912109,2026-08-22T04:26:19.329Z
sensor.air_quality_monitor_temperature_scd41,22.4808502197266,2026-08-22T04:26:29.334Z
sensor.air_quality_monitor_temperature_scd41,22.5449371337891,2026-08-22T04:26:39.333Z
sensor.air_quality_monitor_temperature_scd41,22.5636291503906,2026-08-22T04:26:49.324Z
sensor.air_quality_monitor_temperature_scd41,22.6063537597656,2026-08-22T04:26:59.331Z
sensor.air_quality_monitor_temperature_scd41,22.6357269287109,2026-08-22T04:27:09.333Z
sensor.air_quality_monitor_temperature_scd41,22.6624298095703,2026-08-22T04:27:19.334Z
sensor.air_quality_monitor_temperature_scd41,22.6944732666016,2026-08-22T04:27:29.330Z
sensor.air_quality_monitor_temperature_scd41,22.7532196044922,2026-08-22T04:27:39.330Z
sensor.air_quality_monitor_temperature_scd41,22.7558898925781,2026-08-22T04:27:49.332Z
sensor.air_quality_monitor_temperature_scd41,22.7959442138672,2026-08-22T04:27:59.334Z
sensor.air_quality_monitor_temperature_scd41,22.8066253662109,2026-08-22T04:28:09.332Z
sensor.air_quality_monitor_temperature_scd41,22.8466796875,2026-08-22T04:28:19.333Z
sensor.air_quality_monitor_temperature_scd41,22.8733825683594,2026-08-22T04:28:29.337Z
sensor.air_quality_monitor_temperature_scd41,22.9000854492188,2026-08-22T04:28:39.341Z
sensor.air_quality_monitor_temperature_scd41,22.9214477539062,2026-08-22T04:28:49.341Z
sensor.air_quality_monitor_temperature_scd41,22.9374694824219,2026-08-22T04:28:59.350Z
sensor.air_quality_monitor_temperature_scd41,22.9668426513672,2026-08-22T04:29:09.347Z
sensor.air_quality_monitor_temperature_scd41,23.0068969726562,2026-08-22T04:29:19.347Z
sensor.air_quality_monitor_temperature_scd41,23.0309295654297,2026-08-22T04:29:29.348Z
sensor.air_quality_monitor_temperature_scd41,23.0522918701172,2026-08-22T04:29:39.351Z
sensor.air_quality_monitor_temperature_scd41,23.060302734375,2026-08-22T04:29:49.351Z
sensor.air_quality_monitor_temperature_scd41,23.0789947509766,2026-08-22T04:29:59.351Z
sensor.air_quality_monitor_temperature_scd41,23.0923461914062,2026-08-22T04:30:09.348Z
sensor.air_quality_monitor_temperature_scd41,23.1110382080078,2026-08-22T04:30:19.351Z
sensor.air_quality_monitor_temperature_scd41,23.1510925292969,2026-08-22T04:30:29.352Z
sensor.air_quality_monitor_temperature_scd41,23.1751251220703,2026-08-22T04:30:39.345Z
sensor.air_quality_monitor_temperature_scd41,23.1858062744141,2026-08-22T04:30:59.346Z
sensor.air_quality_monitor_temperature_scd41,23.2071685791016,2026-08-22T04:31:09.346Z
sensor.air_quality_monitor_temperature_scd41,23.2445526123047,2026-08-22T04:31:19.347Z
sensor.air_quality_monitor_temperature_scd41,23.2472229003906,2026-08-22T04:31:29.350Z
sensor.air_quality_monitor_temperature_scd41,23.2525634765625,2026-08-22T04:31:39.353Z
sensor.air_quality_monitor_temperature_scd41,23.2819366455078,2026-08-22T04:31:49.355Z
sensor.air_quality_monitor_temperature_scd41,23.2872772216797,2026-08-22T04:31:59.355Z
sensor.air_quality_monitor_temperature_scd41,23.3139801025391,2026-08-22T04:32:09.344Z
sensor.air_quality_monitor_temperature_scd41,23.3193206787109,2026-08-22T04:32:19.346Z
sensor.air_quality_monitor_temperature_scd41,23.3486938476562,2026-08-22T04:32:29.354Z
sensor.air_quality_monitor_temperature_scd41,23.3513641357422,2026-08-22T04:32:39.355Z
sensor.air_quality_monitor_temperature_scd41,23.3727264404297,2026-08-22T04:32:49.345Z
sensor.air_quality_monitor_temperature_scd41,23.3914184570312,2026-08-22T04:32:59.345Z
sensor.air_quality_monitor_temperature_scd41,23.4181213378906,2026-08-22T04:33:09.345Z
sensor.air_quality_monitor_temperature_scd41,23.4127807617188,2026-08-22T04:33:19.345Z
sensor.air_quality_monitor_temperature_scd41,23.4394836425781,2026-08-22T04:33:29.352Z
sensor.air_quality_monitor_temperature_scd41,23.4528350830078,2026-08-22T04:33:49.351Z
sensor.air_quality_monitor_temperature_scd41,23.4822082519531,2026-08-22T04:33:59.352Z
sensor.air_quality_monitor_temperature_scd41,23.4955596923828,2026-08-22T04:34:09.353Z
sensor.air_quality_monitor_temperature_scd41,23.5009002685547,2026-08-22T04:34:19.354Z
sensor.air_quality_monitor_temperature_scd41,23.5089111328125,2026-08-22T04:34:29.355Z
sensor.air_quality_monitor_temperature_scd41,23.5329437255859,2026-08-22T04:34:39.358Z
sensor.air_quality_monitor_temperature_scd41,23.5462951660156,2026-08-22T04:34:49.362Z
sensor.air_quality_monitor_temperature_scd41,23.5409545898438,2026-08-22T04:34:59.365Z
sensor.air_quality_monitor_temperature_scd41,23.5676574707031,2026-08-22T04:35:09.365Z
sensor.air_quality_monitor_temperature_scd41,23.5756683349609,2026-08-22T04:35:19.367Z
sensor.air_quality_monitor_temperature_scd41,23.5863494873047,2026-08-22T04:35:29.370Z
sensor.air_quality_monitor_temperature_scd41,23.6023712158203,2026-08-22T04:35:49.377Z
sensor.air_quality_monitor_temperature_scd41,23.6450958251953,2026-08-22T04:36:09.372Z
sensor.air_quality_monitor_temperature_scd41,23.6370849609375,2026-08-22T04:36:19.374Z
sensor.air_quality_monitor_temperature_scd41,23.6611175537109,2026-08-22T04:36:29.372Z
sensor.air_quality_monitor_temperature_scd41,23.6557769775391,2026-08-22T04:36:39.377Z
sensor.air_quality_monitor_temperature_scd41,23.6664581298828,2026-08-22T04:36:49.380Z
sensor.air_quality_monitor_temperature_scd41,23.6878204345703,2026-08-22T04:36:59.374Z
sensor.air_quality_monitor_temperature_scd41,23.7118530273438,2026-08-22T04:37:09.377Z
sensor.air_quality_monitor_temperature_scd41,23.7145233154297,2026-08-22T04:37:19.381Z
sensor.air_quality_monitor_temperature_scd41,23.7358856201172,2026-08-22T04:37:29.378Z
sensor.air_quality_monitor_temperature_scd41,23.743896484375,2026-08-22T04:37:39.382Z
sensor.air_quality_monitor_temperature_scd41,23.7492370605469,2026-08-22T04:37:49.383Z
sensor.air_quality_monitor_temperature_scd41,23.7599182128906,2026-08-22T04:37:59.384Z
sensor.air_quality_monitor_temperature_scd41,23.7759399414062,2026-08-22T04:38:09.384Z
sensor.air_quality_monitor_temperature_scd41,23.7786102294922,2026-08-22T04:38:19.383Z
sensor.air_quality_monitor_temperature_scd41,23.7892913818359,2026-08-22T04:38:29.389Z
sensor.air_quality_monitor_temperature_scd41,23.7973022460938,2026-08-22T04:38:39.381Z
sensor.air_quality_monitor_temperature_scd41,23.7839508056641,2026-08-22T04:38:49.384Z
sensor.air_quality_monitor_temperature_scd41,23.8106536865234,2026-08-22T04:38:59.384Z
sensor.air_quality_monitor_temperature_scd41,23.8346862792969,2026-08-22T04:39:09.382Z
sensor.air_quality_monitor_temperature_scd41,23.8266754150391,2026-08-22T04:39:19.383Z
sensor.air_quality_monitor_temperature_scd41,23.8453674316406,2026-08-22T04:39:29.390Z
sensor.air_quality_monitor_temperature_scd41,23.8613891601562,2026-08-22T04:39:49.393Z
sensor.air_quality_monitor_temperature_scd41,23.8800811767578,2026-08-22T04:39:59.393Z
sensor.air_quality_monitor_temperature_scd41,23.8854217529297,2026-08-22T04:40:09.395Z
sensor.air_quality_monitor_temperature_scd41,23.9014434814453,2026-08-22T04:40:19.395Z
sensor.air_quality_monitor_temperature_scd41,23.8854217529297,2026-08-22T04:40:29.394Z
sensor.air_quality_monitor_temperature_scd41,23.9041137695312,2026-08-22T04:40:39.400Z
sensor.air_quality_monitor_temperature_scd41,23.9014434814453,2026-08-22T04:40:49.401Z
sensor.air_quality_monitor_temperature_scd41,23.9094543457031,2026-08-22T04:40:59.402Z
sensor.air_quality_monitor_temperature_scd41,23.9067840576172,2026-08-22T04:41:09.397Z
sensor.air_quality_monitor_temperature_scd41,23.9228057861328,2026-08-22T04:41:19.403Z
sensor.air_quality_monitor_temperature_scd41,23.9174652099609,2026-08-22T04:41:29.409Z
sensor.air_quality_monitor_temperature_scd41,23.9441680908203,2026-08-22T04:41:39.406Z
sensor.air_quality_monitor_temperature_scd41,23.9334869384766,2026-08-22T04:41:49.408Z
sensor.air_quality_monitor_temperature_scd41,23.9495086669922,2026-08-22T04:41:59.411Z
sensor.air_quality_monitor_temperature_scd41,23.9601898193359,2026-08-22T04:42:09.408Z
sensor.air_quality_monitor_temperature_scd41,23.9682006835938,2026-08-22T04:42:19.403Z
sensor.air_quality_monitor_temperature_scd41,23.9628601074219,2026-08-22T04:42:29.409Z
sensor.air_quality_monitor_temperature_scd41,23.9735412597656,2026-08-22T04:42:39.414Z
sensor.air_quality_monitor_temperature_scd41,23.9922332763672,2026-08-22T04:42:49.419Z
sensor.air_quality_monitor_temperature_scd41,23.9975738525391,2026-08-22T04:42:59.419Z
sensor.air_quality_monitor_temperature_scd41,24.0189361572266,2026-08-22T04:43:09.428Z
sensor.air_quality_monitor_temperature_scd41,24.0055847167969,2026-08-22T04:43:19.430Z
sensor.air_quality_monitor_temperature_scd41,23.9975738525391,2026-08-22T04:43:29.446Z
sensor.air_quality_monitor_temperature_scd41,24.0082550048828,2026-08-22T04:43:39.439Z
sensor.air_quality_monitor_temperature_scd41,24.0216064453125,2026-08-22T04:43:49.444Z
sensor.air_quality_monitor_temperature_scd41,24.0322875976562,2026-08-22T04:43:59.454Z
sensor.air_quality_monitor_temperature_scd41,24.0162658691406,2026-08-22T04:44:19.452Z
sensor.air_quality_monitor_temperature_scd41,24.0483093261719,2026-08-22T04:44:29.463Z
sensor.air_quality_monitor_temperature_scd41,24.0242767333984,2026-08-22T04:44:39.455Z
sensor.air_quality_monitor_temperature_scd41,24.0509796142578,2026-08-22T04:44:49.459Z
sensor.air_quality_monitor_temperature_scd41,24.0776824951172,2026-08-22T04:44:59.460Z
sensor.air_quality_monitor_temperature_scd41,24.0616607666016,2026-08-22T04:45:09.465Z
sensor.air_quality_monitor_temperature_scd41,24.085693359375,2026-08-22T04:45:19.475Z
sensor.air_quality_monitor_temperature_scd41,24.0937042236328,2026-08-22T04:45:29.478Z
sensor.air_quality_monitor_temperature_scd41,24.1123962402344,2026-08-22T04:45:39.488Z
sensor.air_quality_monitor_temperature_scd41,24.0937042236328,2026-08-22T04:45:49.491Z
sensor.air_quality_monitor_temperature_scd41,24.0990447998047,2026-08-22T04:45:59.492Z
sensor.air_quality_monitor_temperature_scd41,24.1364288330078,2026-08-22T04:46:09.502Z
sensor.air_quality_monitor_temperature_scd41,24.1257476806641,2026-08-22T04:46:19.509Z
sensor.air_quality_monitor_temperature_scd41,24.1310882568359,2026-08-22T04:46:29.512Z
sensor.air_quality_monitor_temperature_scd41,24.1417694091797,2026-08-22T04:46:39.513Z
sensor.air_quality_monitor_temperature_scd41,24.1471099853516,2026-08-22T04:46:49.516Z
sensor.air_quality_monitor_temperature_scd41,24.1444396972656,2026-08-22T04:46:59.518Z
sensor.air_quality_monitor_temperature_scd41,24.1551208496094,2026-08-22T04:47:09.520Z
sensor.air_quality_monitor_temperature_scd41,24.1524505615234,2026-08-22T04:47:19.519Z
sensor.air_quality_monitor_temperature_scd41,24.1844940185547,2026-08-22T04:47:29.514Z
sensor.air_quality_monitor_temperature_scd41,24.1738128662109,2026-08-22T04:47:39.523Z
sensor.air_quality_monitor_temperature_scd41,24.1658020019531,2026-08-22T04:47:59.522Z
sensor.air_quality_monitor_temperature_scd41,24.2058563232422,2026-08-22T04:48:09.524Z
sensor.air_quality_monitor_temperature_scd41,24.2005157470703,2026-08-22T04:48:19.527Z
sensor.air_quality_monitor_temperature_scd41,24.2031860351562,2026-08-22T04:48:29.529Z
sensor.air_quality_monitor_temperature_scd41,24.2085266113281,2026-08-22T04:48:39.539Z
sensor.air_quality_monitor_temperature_scd41,24.1978454589844,2026-08-22T04:48:49.544Z
sensor.air_quality_monitor_temperature_scd41,24.2192077636719,2026-08-22T04:48:59.545Z
sensor.air_quality_monitor_temperature_scd41,24.2031860351562,2026-08-22T04:49:09.545Z
sensor.air_quality_monitor_temperature_scd41,24.2005157470703,2026-08-22T04:49:19.546Z
sensor.air_quality_monitor_temperature_scd41,24.2111968994141,2026-08-22T04:49:29.541Z
sensor.air_quality_monitor_temperature_scd41,24.2005157470703,2026-08-22T04:49:39.546Z
sensor.air_quality_monitor_temperature_scd41,24.2272186279297,2026-08-22T04:49:49.542Z
sensor.air_quality_monitor_temperature_scd41,24.2405700683594,2026-08-22T04:49:59.558Z
sensor.air_quality_monitor_temperature_scd41,24.2378997802734,2026-08-22T04:50:09.561Z
sensor.air_quality_monitor_temperature_scd41,24.2298889160156,2026-08-22T04:50:19.561Z
sensor.air_quality_monitor_temperature_scd41,24.2272186279297,2026-08-22T04:50:29.563Z
sensor.air_quality_monitor_temperature_scd41,24.2378997802734,2026-08-22T04:50:39.571Z
sensor.air_quality_monitor_temperature_scd41,24.2325592041016,2026-08-22T04:50:49.584Z
sensor.air_quality_monitor_temperature_scd41,24.2378997802734,2026-08-22T04:50:59.584Z
sensor.air_quality_monitor_temperature_scd41,24.2432403564453,2026-08-22T04:51:09.584Z
sensor.air_quality_monitor_temperature_scd41,24.2485809326172,2026-08-22T04:51:19.584Z
sensor.air_quality_monitor_temperature_scd41,24.2539215087891,2026-08-22T04:51:29.579Z
sensor.air_quality_monitor_temperature_scd41,24.2352294921875,2026-08-22T04:51:39.585Z
sensor.air_quality_monitor_temperature_scd41,24.2512512207031,2026-08-22T04:51:49.585Z
sensor.air_quality_monitor_temperature_scd41,24.2432403564453,2026-08-22T04:51:59.588Z
sensor.air_quality_monitor_temperature_scd41,24.2539215087891,2026-08-22T04:52:09.591Z
sensor.air_quality_monitor_temperature_scd41,24.2699432373047,2026-08-22T04:52:19.591Z
sensor.air_quality_monitor_temperature_scd41,24.2646026611328,2026-08-22T04:52:29.585Z
sensor.air_quality_monitor_temperature_scd41,24.2672729492188,2026-08-22T04:52:39.595Z
sensor.air_quality_monitor_temperature_scd41,24.2646026611328,2026-08-22T04:52:49.604Z
sensor.air_quality_monitor_temperature_scd41,24.2592620849609,2026-08-22T04:52:59.623Z
sensor.air_quality_monitor_temperature_scd41,24.2672729492188,2026-08-22T04:53:09.608Z
sensor.air_quality_monitor_temperature_scd41,24.2779541015625,2026-08-22T04:53:29.626Z
sensor.air_quality_monitor_temperature_scd41,24.2726135253906,2026-08-22T04:53:39.624Z
sensor.air_quality_monitor_temperature_scd41,24.2832946777344,2026-08-22T04:53:49.622Z
sensor.air_quality_monitor_temperature_scd41,24.2913055419922,2026-08-22T04:53:59.624Z
sensor.air_quality_monitor_temperature_scd41,24.2886352539062,2026-08-22T04:54:09.624Z
sensor.air_quality_monitor_temperature_scd41,24.2913055419922,2026-08-22T04:54:19.624Z
sensor.air_quality_monitor_temperature_scd41,24.2859649658203,2026-08-22T04:54:29.626Z
sensor.air_quality_monitor_temperature_scd41,24.2939758300781,2026-08-22T04:54:39.640Z
sensor.air_quality_monitor_temperature_scd41,24.2806243896484,2026-08-22T04:54:49.642Z
sensor.air_quality_monitor_temperature_scd41,24.2832946777344,2026-08-22T04:54:59.643Z
sensor.air_quality_monitor_temperature_scd41,24.2913055419922,2026-08-22T04:55:09.644Z
sensor.air_quality_monitor_temperature_scd41,24.3206787109375,2026-08-22T04:55:19.645Z
sensor.air_quality_monitor_temperature_scd41,24.3180084228516,2026-08-22T04:55:29.657Z
sensor.air_quality_monitor_temperature_scd41,24.2859649658203,2026-08-22T04:55:39.648Z
sensor.air_quality_monitor_temperature_scd41,24.3073272705078,2026-08-22T04:55:59.651Z
sensor.air_quality_monitor_temperature_scd41,24.2966461181641,2026-08-22T04:56:09.656Z
sensor.air_quality_monitor_temperature_scd41,24.3073272705078,2026-08-22T04:56:19.658Z
sensor.air_quality_monitor_temperature_scd41,24.3206787109375,2026-08-22T04:56:29.659Z
sensor.air_quality_monitor_temperature_scd41,24.3126678466797,2026-08-22T04:56:39.655Z
sensor.air_quality_monitor_temperature_scd41,24.3233489990234,2026-08-22T04:56:49.658Z
sensor.air_quality_monitor_temperature_scd41,24.3447113037109,2026-08-22T04:56:59.659Z
sensor.air_quality_monitor_temperature_scd41,24.3233489990234,2026-08-22T04:57:09.660Z
sensor.air_quality_monitor_temperature_scd41,24.3313598632812,2026-08-22T04:57:19.662Z
sensor.air_quality_monitor_temperature_scd41,24.3393707275391,2026-08-22T04:57:29.676Z
sensor.air_quality_monitor_temperature_scd41,24.3660736083984,2026-08-22T04:57:39.663Z
sensor.air_quality_monitor_temperature_scd41,24.3580627441406,2026-08-22T04:57:49.667Z
sensor.air_quality_monitor_temperature_scd41,24.3794250488281,2026-08-22T04:57:59.672Z
sensor.air_quality_monitor_temperature_scd41,24.3954467773438,2026-08-22T04:58:29.673Z
sensor.air_quality_monitor_temperature_scd41,24.3714141845703,2026-08-22T04:58:39.686Z
sensor.air_quality_monitor_temperature_scd41,24.4114685058594,2026-08-22T04:58:49.687Z
sensor.air_quality_monitor_temperature_scd41,24.4034576416016,2026-08-22T04:58:59.689Z
sensor.air_quality_monitor_temperature_scd41,24.3981170654297,2026-08-22T04:59:09.692Z
sensor.air_quality_monitor_temperature_scd41,24.4221496582031,2026-08-22T04:59:19.692Z
sensor.air_quality_monitor_temperature_scd41,24.4141387939453,2026-08-22T04:59:29.705Z
sensor.air_quality_monitor_temperature_scd41,24.4168090820312,2026-08-22T04:59:39.710Z
sensor.air_quality_monitor_temperature_scd41,24.4328308105469,2026-08-22T04:59:49.710Z
sensor.air_quality_monitor_temperature_scd41,24.4381713867188,2026-08-22T04:59:59.711Z
sensor.air_quality_monitor_temperature_scd41,24.4355010986328,2026-08-22T05:00:09.713Z
sensor.air_quality_monitor_temperature_scd41,24.4301605224609,2026-08-22T05:00:19.726Z
sensor.air_quality_monitor_temperature_scd41,24.4408416748047,2026-08-22T05:00:29.720Z
sensor.air_quality_monitor_temperature_scd41,24.4461822509766,2026-08-22T05:00:39.726Z
sensor.air_quality_monitor_temperature_scd41,24.4435119628906,2026-08-22T05:00:49.731Z
sensor.air_quality_monitor_temperature_scd41,24.4408416748047,2026-08-22T05:00:59.731Z
sensor.air_quality_monitor_temperature_scd41,24.47021484375,2026-08-22T05:01:09.733Z
sensor.air_quality_monitor_temperature_scd41,24.4355010986328,2026-08-22T05:01:19.734Z
sensor.air_quality_monitor_temperature_scd41,24.4728851318359,2026-08-22T05:01:29.745Z
sensor.air_quality_monitor_temperature_scd41,24.4675445556641,2026-08-22T05:01:39.737Z
sensor.air_quality_monitor_temperature_scd41,24.4622039794922,2026-08-22T05:02:09.750Z
sensor.air_quality_monitor_temperature_scd41,24.4568634033203,2026-08-22T05:02:19.745Z
sensor.air_quality_monitor_temperature_scd41,24.4862365722656,2026-08-22T05:02:29.750Z
sensor.air_quality_monitor_temperature_scd41,24.4808959960938,2026-08-22T05:02:39.747Z
sensor.air_quality_monitor_temperature_scd41,24.47021484375,2026-08-22T05:02:49.754Z
sensor.air_quality_monitor_temperature_scd41,24.4808959960938,2026-08-22T05:02:59.751Z
sensor.air_quality_monitor_temperature_scd41,24.4728851318359,2026-08-22T05:03:09.752Z
sensor.air_quality_monitor_temperature_scd41,24.4835662841797,2026-08-22T05:03:19.754Z
sensor.air_quality_monitor_temperature_scd41,24.4915771484375,2026-08-22T05:03:29.766Z
sensor.air_quality_monitor_temperature_scd41,24.5049285888672,2026-08-22T05:03:39.760Z
sensor.air_quality_monitor_temperature_scd41,24.4835662841797,2026-08-22T05:03:49.772Z
sensor.air_quality_monitor_temperature_scd41,24.4915771484375,2026-08-22T05:03:59.778Z
sensor.air_quality_monitor_temperature_scd41,24.5049285888672,2026-08-22T05:04:09.783Z
sensor.air_quality_monitor_temperature_scd41,24.4915771484375,2026-08-22T05:04:19.787Z
sensor.air_quality_monitor_temperature_scd41,24.5022583007812,2026-08-22T05:04:39.805Z
sensor.air_quality_monitor_temperature_scd41,24.4942474365234,2026-08-22T05:04:49.807Z
sensor.air_quality_monitor_temperature_scd41,24.5049285888672,2026-08-22T05:05:09.815Z
sensor.air_quality_monitor_temperature_scd41,24.4995880126953,2026-08-22T05:05:19.822Z
sensor.air_quality_monitor_temperature_scd41,24.4915771484375,2026-08-22T05:05:29.805Z
sensor.air_quality_monitor_temperature_scd41,24.4835662841797,2026-08-22T05:05:39.830Z
sensor.air_quality_monitor_temperature_scd41,24.4969177246094,2026-08-22T05:05:49.821Z
sensor.air_quality_monitor_temperature_scd41,24.4995880126953,2026-08-22T05:05:59.824Z
sensor.air_quality_monitor_temperature_scd41,24.4889068603516,2026-08-22T05:06:09.821Z
sensor.air_quality_monitor_temperature_scd41,24.5102691650391,2026-08-22T05:06:19.827Z
sensor.air_quality_monitor_temperature_scd41,24.4995880126953,2026-08-22T05:06:29.813Z
sensor.air_quality_monitor_temperature_scd41,24.4942474365234,2026-08-22T05:06:49.841Z
sensor.air_quality_monitor_temperature_scd41,24.5236206054688,2026-08-22T05:07:09.858Z
sensor.air_quality_monitor_temperature_scd41,24.4862365722656,2026-08-22T05:07:19.857Z
sensor.air_quality_monitor_temperature_scd41,24.5075988769531,2026-08-22T05:07:29.859Z
sensor.air_quality_monitor_temperature_scd41,24.4995880126953,2026-08-22T05:07:39.868Z
sensor.air_quality_monitor_temperature_scd41,24.5316314697266,2026-08-22T05:07:49.873Z
sensor.air_quality_monitor_temperature_scd41,24.4995880126953,2026-08-22T05:07:59.887Z
sensor.air_quality_monitor_temperature_scd41,24.512939453125,2026-08-22T05:08:09.890Z
sensor.air_quality_monitor_temperature_scd41,24.5049285888672,2026-08-22T05:08:19.890Z
sensor.air_quality_monitor_temperature_scd41,24.5209503173828,2026-08-22T05:08:29.892Z
sensor.air_quality_monitor_temperature_scd41,24.5343017578125,2026-08-22T05:08:39.903Z
sensor.air_quality_monitor_temperature_scd41,24.5236206054688,2026-08-22T05:08:49.907Z
sensor.air_quality_monitor_temperature_scd41,24.4969177246094,2026-08-22T05:08:59.907Z
sensor.air_quality_monitor_temperature_scd41,24.5289611816406,2026-08-22T05:09:09.909Z
sensor.air_quality_monitor_temperature_scd41,24.5396423339844,2026-08-22T05:09:19.910Z
sensor.air_quality_monitor_temperature_scd41,24.5262908935547,2026-08-22T05:09:29.917Z
sensor.air_quality_monitor_temperature_scd41,24.5209503173828,2026-08-22T05:09:39.919Z
sensor.air_quality_monitor_temperature_scd41,24.5262908935547,2026-08-22T05:09:49.919Z
sensor.air_quality_monitor_temperature_scd41,24.5156097412109,2026-08-22T05:09:59.926Z
sensor.air_quality_monitor_temperature_scd41,24.5343017578125,2026-08-22T05:10:09.926Z
sensor.air_quality_monitor_temperature_scd41,24.5369720458984,2026-08-22T05:10:19.916Z
sensor.air_quality_monitor_temperature_scd41,24.5449829101562,2026-08-22T05:10:29.934Z
sensor.air_quality_monitor_temperature_scd41,24.5476531982422,2026-08-22T05:10:39.934Z
sensor.air_quality_monitor_temperature_scd41,24.5209503173828,2026-08-22T05:10:49.938Z
sensor.air_quality_monitor_temperature_scd41,24.5316314697266,2026-08-22T05:10:59.938Z
sensor.air_quality_monitor_temperature_scd41,24.5423126220703,2026-08-22T05:11:09.936Z
sensor.air_quality_monitor_temperature_scd41,24.5156097412109,2026-08-22T05:11:19.937Z
sensor.air_quality_monitor_temperature_scd41,24.5476531982422,2026-08-22T05:11:29.930Z
sensor.air_quality_monitor_temperature_scd41,24.5209503173828,2026-08-22T05:11:39.947Z
sensor.air_quality_monitor_temperature_scd41,24.5343017578125,2026-08-22T05:11:49.949Z
sensor.air_quality_monitor_temperature_scd41,24.5449829101562,2026-08-22T05:11:59.956Z
sensor.air_quality_monitor_temperature_scd41,24.5423126220703,2026-08-22T05:12:09.954Z
sensor.air_quality_monitor_temperature_scd41,24.5636749267578,2026-08-22T05:12:19.956Z
sensor.air_quality_monitor_temperature_scd41,24.5529937744141,2026-08-22T05:12:29.942Z
sensor.air_quality_monitor_temperature_scd41,24.5316314697266,2026-08-22T05:12:39.960Z
sensor.air_quality_monitor_temperature_scd41,24.5610046386719,2026-08-22T05:12:49.962Z
sensor.air_quality_monitor_temperature_scd41,24.5636749267578,2026-08-22T05:12:59.966Z
sensor.air_quality_monitor_temperature_scd41,24.5796966552734,2026-08-22T05:13:09.969Z
sensor.air_quality_monitor_temperature_scd41,24.5716857910156,2026-08-22T05:13:19.970Z
sensor.air_quality_monitor_temperature_scd41,24.5449829101562,2026-08-22T05:13:29.960Z
sensor.air_quality_monitor_temperature_scd41,24.5663452148438,2026-08-22T05:13:39.979Z
sensor.air_quality_monitor_temperature_scd41,24.5716857910156,2026-08-22T05:13:49.981Z
sensor.air_quality_monitor_temperature_scd41,24.5796966552734,2026-08-22T05:14:09.992Z
sensor.air_quality_monitor_temperature_scd41,24.5663452148438,2026-08-22T05:14:19.995Z
sensor.air_quality_monitor_temperature_scd41,24.5690155029297,2026-08-22T05:14:29.976Z
sensor.air_quality_monitor_temperature_scd41,24.5957183837891,2026-08-22T05:14:39.990Z
sensor.air_quality_monitor_temperature_scd41,24.5930480957031,2026-08-22T05:14:49.998Z
sensor.air_quality_monitor_temperature_scd41,24.5850372314453,2026-08-22T05:14:59.994Z
sensor.air_quality_monitor_temperature_scd41,24.6090698242188,2026-08-22T05:15:10.002Z
sensor.air_quality_monitor_temperature_scd41,24.5850372314453,2026-08-22T05:15:20.004Z
sensor.air_quality_monitor_temperature_scd41,24.598388671875,2026-08-22T05:15:29.991Z
sensor.air_quality_monitor_temperature_scd41,24.6010589599609,2026-08-22T05:15:40.010Z
sensor.air_quality_monitor_temperature_scd41,24.6117401123047,2026-08-22T05:15:50.011Z
sensor.air_quality_monitor_temperature_scd41,24.6063995361328,2026-08-22T05:16:10.004Z
sensor.air_quality_monitor_temperature_scd41,24.6250915527344,2026-08-22T05:16:30.026Z
sensor.air_quality_monitor_temperature_scd41,24.6037292480469,2026-08-22T05:16:40.027Z
sensor.air_quality_monitor_temperature_scd41,24.6224212646484,2026-08-22T05:16:50.029Z
sensor.air_quality_monitor_temperature_scd41,24.6117401123047,2026-08-22T05:17:20.037Z
sensor.air_quality_monitor_temperature_scd41,24.6037292480469,2026-08-22T05:17:30.038Z
sensor.air_quality_monitor_temperature_scd41,24.6010589599609,2026-08-22T05:17:40.045Z
sensor.air_quality_monitor_temperature_scd41,24.6224212646484,2026-08-22T05:17:50.046Z
sensor.air_quality_monitor_temperature_scd41,24.6090698242188,2026-08-22T05:18:00.050Z
sensor.air_quality_monitor_temperature_scd41,24.6144104003906,2026-08-22T05:18:10.056Z
sensor.air_quality_monitor_temperature_scd41,24.6571350097656,2026-08-22T05:18:30.061Z
sensor.air_quality_monitor_temperature_scd41,24.6144104003906,2026-08-22T05:18:40.071Z
sensor.air_quality_monitor_temperature_scd41,24.6010589599609,2026-08-22T05:18:50.073Z
sensor.air_quality_monitor_temperature_scd41,24.6037292480469,2026-08-22T05:19:00.080Z
sensor.air_quality_monitor_temperature_scd41,24.5903778076172,2026-08-22T05:19:10.080Z
sensor.air_quality_monitor_temperature_scd41,24.6117401123047,2026-08-22T05:19:20.082Z
sensor.air_quality_monitor_temperature_scd41,24.6090698242188,2026-08-22T05:19:30.084Z
sensor.air_quality_monitor_temperature_scd41,24.5850372314453,2026-08-22T05:19:40.099Z
sensor.air_quality_monitor_temperature_scd41,24.6037292480469,2026-08-22T05:19:50.105Z
sensor.air_quality_monitor_temperature_scd41,24.6144104003906,2026-08-22T05:20:10.112Z
sensor.air_quality_monitor_temperature_scd41,24.6010589599609,2026-08-22T05:20:20.114Z
sensor.air_quality_monitor_temperature_scd41,24.5957183837891,2026-08-22T05:20:30.119Z
sensor.air_quality_monitor_temperature_scd41,24.5850372314453,2026-08-22T05:20:40.126Z
sensor.air_quality_monitor_temperature_scd41,24.5957183837891,2026-08-22T05:20:50.131Z
sensor.air_quality_monitor_temperature_scd41,24.5877075195312,2026-08-22T05:21:20.141Z
sensor.air_quality_monitor_temperature_scd41,24.5850372314453,2026-08-22T05:21:30.146Z
sensor.air_quality_monitor_temperature_scd41,24.5957183837891,2026-08-22T05:22:00.158Z
sensor.air_quality_monitor_temperature_scd41,24.5850372314453,2026-08-22T05:22:20.164Z
sensor.air_quality_monitor_temperature_scd41,24.5957183837891,2026-08-22T05:22:30.171Z
sensor.air_quality_monitor_temperature_scd41,24.5877075195312,2026-08-22T05:22:40.180Z
sensor.air_quality_monitor_temperature_scd41,24.5823669433594,2026-08-22T05:22:50.199Z
sensor.air_quality_monitor_temperature_scd41,24.598388671875,2026-08-22T05:23:00.198Z
sensor.air_quality_monitor_temperature_scd41,24.5796966552734,2026-08-22T05:23:20.209Z
sensor.air_quality_monitor_temperature_scd41,24.6063995361328,2026-08-22T05:23:30.217Z
sensor.air_quality_monitor_temperature_scd41,24.598388671875,2026-08-22T05:23:40.220Z
sensor.air_quality_monitor_temperature_scd41,24.5957183837891,2026-08-22T05:23:50.223Z
sensor.air_quality_monitor_temperature_scd41,24.6063995361328,2026-08-22T05:24:00.227Z
sensor.air_quality_monitor_temperature_scd41,24.5823669433594,2026-08-22T05:24:10.228Z
sensor.air_quality_monitor_temperature_scd41,24.5850372314453,2026-08-22T05:24:20.234Z
sensor.air_quality_monitor_temperature_scd41,24.598388671875,2026-08-22T05:24:30.240Z
sensor.air_quality_monitor_temperature_scd41,24.6090698242188,2026-08-22T05:24:40.242Z
sensor.air_quality_monitor_temperature_scd41,24.6144104003906,2026-08-22T05:24:50.250Z
sensor.air_quality_monitor_temperature_scd41,24.5957183837891,2026-08-22T05:25:00.257Z
sensor.air_quality_monitor_temperature_scd41,24.6117401123047,2026-08-22T05:25:30.266Z
sensor.air_quality_monitor_temperature_scd41,24.6144104003906,2026-08-22T05:25:40.267Z
sensor.air_quality_monitor_temperature_scd41,24.6063995361328,2026-08-22T05:25:50.278Z
sensor.air_quality_monitor_temperature_scd41,24.6144104003906,2026-08-22T05:26:00.280Z
sensor.air_quality_monitor_temperature_scd41,24.6010589599609,2026-08-22T05:26:10.281Z
sensor.air_quality_monitor_temperature_scd41,24.6224212646484,2026-08-22T05:26:20.282Z
sensor.air_quality_monitor_temperature_scd41,24.6277618408203,2026-08-22T05:26:30.284Z
sensor.air_quality_monitor_temperature_scd41,24.6117401123047,2026-08-22T05:26:40.289Z
sensor.air_quality_monitor_temperature_scd41,24.6170806884766,2026-08-22T05:27:00.305Z
sensor.air_quality_monitor_temperature_scd41,24.6224212646484,2026-08-22T05:27:10.306Z
sensor.air_quality_monitor_temperature_scd41,24.6090698242188,2026-08-22T05:27:20.309Z
sensor.air_quality_monitor_temperature_scd41,24.6144104003906,2026-08-22T05:27:40.315Z
sensor.air_quality_monitor_temperature_scd41,24.5957183837891,2026-08-22T05:27:50.319Z
sensor.air_quality_monitor_temperature_scd41,24.6117401123047,2026-08-22T05:28:00.324Z
sensor.air_quality_monitor_temperature_scd41,24.5957183837891,2026-08-22T05:28:10.325Z
sensor.air_quality_monitor_temperature_scd41,24.6144104003906,2026-08-22T05:28:20.330Z
sensor.air_quality_monitor_temperature_scd41,24.6170806884766,2026-08-22T05:28:30.339Z
sensor.air_quality_monitor_temperature_scd41,24.6250915527344,2026-08-22T05:28:50.354Z
sensor.air_quality_monitor_temperature_scd41,24.6304321289062,2026-08-22T05:29:00.353Z
sensor.air_quality_monitor_temperature_scd41,24.6197509765625,2026-08-22T05:29:10.356Z
sensor.air_quality_monitor_temperature_scd41,24.6250915527344,2026-08-22T05:29:20.359Z
sensor.air_quality_monitor_temperature_scd41,24.6197509765625,2026-08-22T05:29:30.362Z
sensor.air_quality_monitor_temperature_scd41,24.6331024169922,2026-08-22T05:29:40.370Z
sensor.air_quality_monitor_temperature_scd41,24.6224212646484,2026-08-22T05:30:10.372Z
sensor.air_quality_monitor_temperature_scd41,24.6144104003906,2026-08-22T05:30:20.375Z
sensor.air_quality_monitor_temperature_scd41,24.6224212646484,2026-08-22T05:30:30.367Z
sensor.air_quality_monitor_temperature_scd41,24.6304321289062,2026-08-22T05:30:40.382Z
sensor.air_quality_monitor_temperature_scd41,24.6224212646484,2026-08-22T05:30:50.385Z
sensor.air_quality_monitor_temperature_scd41,24.6331024169922,2026-08-22T05:31:00.389Z
sensor.air_quality_monitor_temperature_scd41,24.6277618408203,2026-08-22T05:31:20.391Z
sensor.air_quality_monitor_temperature_scd41,24.6224212646484,2026-08-22T05:31:30.380Z
sensor.air_quality_monitor_temperature_scd41,24.6491241455078,2026-08-22T05:31:40.399Z
sensor.air_quality_monitor_temperature_scd41,24.6598052978516,2026-08-22T05:31:50.400Z
sensor.air_quality_monitor_temperature_scd41,24.6357727050781,2026-08-22T05:32:00.402Z
sensor.air_quality_monitor_temperature_scd41,24.6224212646484,2026-08-22T05:32:20.407Z
sensor.air_quality_monitor_temperature_scd41,24.6277618408203,2026-08-22T05:32:30.398Z
sensor.air_quality_monitor_temperature_scd41,24.6331024169922,2026-08-22T05:32:50.416Z
sensor.air_quality_monitor_temperature_scd41,24.6624755859375,2026-08-22T05:33:00.418Z
sensor.air_quality_monitor_temperature_scd41,24.6491241455078,2026-08-22T05:33:10.422Z
sensor.air_quality_monitor_temperature_scd41,24.6437835693359,2026-08-22T05:33:20.427Z
sensor.air_quality_monitor_temperature_scd41,24.6624755859375,2026-08-22T05:33:30.419Z
sensor.air_quality_monitor_temperature_scd41,24.64111328125,2026-08-22T05:33:40.437Z
sensor.air_quality_monitor_temperature_scd41,24.6517944335938,2026-08-22T05:33:50.439Z
sensor.air_quality_monitor_temperature_scd41,24.6331024169922,2026-08-22T05:34:20.443Z
sensor.air_quality_monitor_temperature_scd41,24.6224212646484,2026-08-22T05:34:30.433Z
sensor.air_quality_monitor_temperature_scd41,24.6384429931641,2026-08-22T05:34:40.449Z
sensor.air_quality_monitor_temperature_scd41,24.6491241455078,2026-08-22T05:34:50.451Z
sensor.air_quality_monitor_temperature_scd41,24.683837890625,2026-08-22T05:35:00.452Z
sensor.air_quality_monitor_temperature_scd41,24.6331024169922,2026-08-22T05:35:10.460Z
sensor.air_quality_monitor_temperature_scd41,24.6304321289062,2026-08-22T05:35:20.454Z
sensor.air_quality_monitor_temperature_scd41,24.6331024169922,2026-08-22T05:35:30.467Z
sensor.air_quality_monitor_temperature_scd41,24.6464538574219,2026-08-22T05:35:40.473Z
sensor.air_quality_monitor_temperature_scd41,24.6331024169922,2026-08-22T05:35:50.471Z
sensor.air_quality_monitor_temperature_scd41,24.6384429931641,2026-08-22T05:36:10.478Z
sensor.air_quality_monitor_temperature_scd41,24.6117401123047,2026-08-22T05:36:20.482Z
sensor.air_quality_monitor_temperature_scd41,24.6491241455078,2026-08-22T05:36:30.485Z
sensor.air_quality_monitor_temperature_scd41,24.6197509765625,2026-08-22T05:36:40.491Z
sensor.air_quality_monitor_temperature_scd41,24.6037292480469,2026-08-22T05:36:50.497Z
sensor.air_quality_monitor_temperature_scd41,24.6117401123047,2026-08-22T05:37:00.505Z
sensor.air_quality_monitor_temperature_scd41,24.6063995361328,2026-08-22T05:37:10.507Z
sensor.air_quality_monitor_temperature_scd41,24.6224212646484,2026-08-22T05:37:20.508Z
sensor.air_quality_monitor_temperature_scd41,24.6117401123047,2026-08-22T05:37:30.513Z
sensor.air_quality_monitor_temperature_scd41,24.598388671875,2026-08-22T05:37:40.527Z
sensor.air_quality_monitor_temperature_scd41,24.6063995361328,2026-08-22T05:37:50.529Z
sensor.air_quality_monitor_temperature_scd41,24.6224212646484,2026-08-22T05:38:00.528Z
sensor.air_quality_monitor_temperature_scd41,24.6144104003906,2026-08-22T05:38:10.530Z
sensor.air_quality_monitor_temperature_scd41,24.6090698242188,2026-08-22T05:38:30.544Z
sensor.air_quality_monitor_temperature_scd41,24.6037292480469,2026-08-22T05:38:40.542Z
sensor.air_quality_monitor_temperature_scd41,24.6144104003906,2026-08-22T05:38:50.542Z
sensor.air_quality_monitor_temperature_scd41,24.6117401123047,2026-08-22T05:39:00.546Z
sensor.air_quality_monitor_temperature_scd41,24.6090698242188,2026-08-22T05:39:10.543Z
sensor.air_quality_monitor_temperature_scd41,24.6117401123047,2026-08-22T05:39:20.548Z
sensor.air_quality_monitor_temperature_scd41,24.6010589599609,2026-08-22T05:39:30.553Z
sensor.air_quality_monitor_temperature_scd41,24.6250915527344,2026-08-22T05:39:40.559Z
sensor.air_quality_monitor_temperature_scd41,24.5957183837891,2026-08-22T05:39:50.564Z
sensor.air_quality_monitor_temperature_scd41,24.6304321289062,2026-08-22T05:40:00.578Z
sensor.air_quality_monitor_temperature_scd41,24.6250915527344,2026-08-22T05:40:10.578Z
sensor.air_quality_monitor_temperature_scd41,24.6090698242188,2026-08-22T05:40:20.579Z
sensor.air_quality_monitor_temperature_scd41,24.6010589599609,2026-08-22T05:40:30.591Z
sensor.air_quality_monitor_temperature_scd41,24.6117401123047,2026-08-22T05:40:40.594Z
sensor.air_quality_monitor_temperature_scd41,24.6170806884766,2026-08-22T05:40:50.595Z
sensor.air_quality_monitor_temperature_scd41,24.5903778076172,2026-08-22T05:41:00.598Z
sensor.air_quality_monitor_temperature_scd41,24.6224212646484,2026-08-22T05:41:10.601Z
sensor.air_quality_monitor_temperature_scd41,24.6090698242188,2026-08-22T05:41:30.613Z
sensor.air_quality_monitor_temperature_scd41,24.6063995361328,2026-08-22T05:41:40.614Z
sensor.air_quality_monitor_temperature_scd41,24.6224212646484,2026-08-22T05:41:50.616Z
sensor.air_quality_monitor_temperature_scd41,24.6117401123047,2026-08-22T05:42:00.622Z
sensor.air_quality_monitor_temperature_scd41,24.6331024169922,2026-08-22T05:42:10.625Z
sensor.air_quality_monitor_temperature_scd41,24.6250915527344,2026-08-22T05:42:20.632Z
sensor.air_quality_monitor_temperature_scd41,24.6224212646484,2026-08-22T05:42:30.640Z
sensor.air_quality_monitor_temperature_scd41,24.6170806884766,2026-08-22T05:42:40.642Z
sensor.air_quality_monitor_temperature_scd41,24.6144104003906,2026-08-22T05:42:50.646Z
sensor.air_quality_monitor_temperature_scd41,24.6250915527344,2026-08-22T05:43:00.648Z
sensor.air_quality_monitor_temperature_scd41,24.6197509765625,2026-08-22T05:43:10.651Z
sensor.air_quality_monitor_temperature_scd41,24.6250915527344,2026-08-22T05:43:20.653Z
sensor.air_quality_monitor_temperature_scd41,24.6117401123047,2026-08-22T05:43:30.663Z
sensor.air_quality_monitor_temperature_scd41,24.6331024169922,2026-08-22T05:43:40.665Z
sensor.air_quality_monitor_temperature_scd41,24.6197509765625,2026-08-22T05:43:50.671Z
sensor.air_quality_monitor_temperature_scd41,24.6384429931641,2026-08-22T05:44:00.673Z
sensor.air_quality_monitor_temperature_scd41,24.6331024169922,2026-08-22T05:44:10.676Z
sensor.air_quality_monitor_temperature_scd41,24.6144104003906,2026-08-22T05:44:20.677Z
sensor.air_quality_monitor_temperature_scd41,24.6598052978516,2026-08-22T05:44:30.685Z
sensor.air_quality_monitor_temperature_scd41,24.6357727050781,2026-08-22T05:44:40.687Z
sensor.air_quality_monitor_temperature_scd41,24.6331024169922,2026-08-22T05:45:10.689Z
sensor.air_quality_monitor_temperature_scd41,24.6224212646484,2026-08-22T05:45:20.692Z
sensor.air_quality_monitor_temperature_scd41,24.6437835693359,2026-08-22T05:45:30.680Z
sensor.air_quality_monitor_temperature_scd41,24.6010589599609,2026-08-22T05:45:40.702Z
sensor.air_quality_monitor_temperature_scd41,24.6304321289062,2026-08-22T05:45:50.703Z
sensor.air_quality_monitor_temperature_scd41,24.6331024169922,2026-08-22T05:46:00.707Z
sensor.air_quality_monitor_temperature_scd41,24.6357727050781,2026-08-22T05:46:10.706Z
sensor.air_quality_monitor_temperature_scd41,24.6224212646484,2026-08-22T05:46:20.710Z
sensor.air_quality_monitor_temperature_scd41,24.6384429931641,2026-08-22T05:46:30.699Z
sensor.air_quality_monitor_temperature_scd41,24.6331024169922,2026-08-22T05:46:40.713Z
sensor.air_quality_monitor_temperature_scd41,24.6491241455078,2026-08-22T05:46:50.715Z
sensor.air_quality_monitor_temperature_scd41,24.6437835693359,2026-08-22T05:47:00.720Z
sensor.air_quality_monitor_temperature_scd41,24.6598052978516,2026-08-22T05:47:10.717Z
sensor.air_quality_monitor_temperature_scd41,24.6384429931641,2026-08-22T05:47:20.720Z
sensor.air_quality_monitor_temperature_scd41,24.6250915527344,2026-08-22T05:47:30.708Z
sensor.air_quality_monitor_temperature_scd41,24.6357727050781,2026-08-22T05:47:40.728Z
sensor.air_quality_monitor_temperature_scd41,24.64111328125,2026-08-22T05:47:50.734Z
sensor.air_quality_monitor_temperature_scd41,24.6544647216797,2026-08-22T05:48:00.736Z
sensor.air_quality_monitor_temperature_scd41,24.6437835693359,2026-08-22T05:48:20.739Z
sensor.air_quality_monitor_temperature_scd41,24.6624755859375,2026-08-22T05:48:30.748Z
sensor.air_quality_monitor_temperature_scd41,24.6331024169922,2026-08-22T05:48:40.750Z
sensor.air_quality_monitor_temperature_scd41,24.6758270263672,2026-08-22T05:48:50.757Z
sensor.air_quality_monitor_temperature_scd41,24.64111328125,2026-08-22T05:49:00.755Z
sensor.air_quality_monitor_temperature_scd41,24.6571350097656,2026-08-22T05:49:10.772Z
sensor.air_quality_monitor_temperature_scd41,24.6678161621094,2026-08-22T05:49:20.775Z
sensor.air_quality_monitor_temperature_scd41,24.6517944335938,2026-08-22T05:49:30.799Z
sensor.air_quality_monitor_temperature_scd41,24.683837890625,2026-08-22T05:49:40.796Z
sensor.air_quality_monitor_temperature_scd41,24.6758270263672,2026-08-22T05:49:50.800Z
sensor.air_quality_monitor_temperature_scd41,24.6598052978516,2026-08-22T05:50:00.803Z
sensor.air_quality_monitor_temperature_scd41,24.6704864501953,2026-08-22T05:50:10.805Z
sensor.air_quality_monitor_temperature_scd41,24.6811676025391,2026-08-22T05:50:20.810Z
sensor.air_quality_monitor_temperature_scd41,24.683837890625,2026-08-22T05:50:30.819Z
sensor.air_quality_monitor_temperature_scd41,24.6758270263672,2026-08-22T05:50:40.833Z
sensor.air_quality_monitor_temperature_scd41,24.683837890625,2026-08-22T05:50:50.840Z
sensor.air_quality_monitor_temperature_scd41,24.6704864501953,2026-08-22T05:51:00.842Z
sensor.air_quality_monitor_temperature_scd41,24.6811676025391,2026-08-22T05:51:10.844Z
sensor.air_quality_monitor_temperature_scd41,24.7025299072266,2026-08-22T05:51:30.858Z
sensor.air_quality_monitor_temperature_scd41,24.6811676025391,2026-08-22T05:51:40.858Z
sensor.air_quality_monitor_temperature_scd41,24.6971893310547,2026-08-22T05:52:00.868Z
sensor.air_quality_monitor_temperature_scd41,24.7265625,2026-08-22T05:52:10.872Z
sensor.air_quality_monitor_temperature_scd41,24.683837890625,2026-08-22T05:52:20.880Z
sensor.air_quality_monitor_temperature_scd41,24.6971893310547,2026-08-22T05:52:30.889Z
sensor.air_quality_monitor_temperature_scd41,24.7132110595703,2026-08-22T05:52:40.894Z
sensor.air_quality_monitor_temperature_scd41,24.6918487548828,2026-08-22T05:53:00.894Z
sensor.air_quality_monitor_temperature_scd41,24.7052001953125,2026-08-22T05:53:10.898Z
sensor.air_quality_monitor_temperature_scd41,24.7078704833984,2026-08-22T05:53:20.900Z
sensor.air_quality_monitor_temperature_scd41,24.7158813476562,2026-08-22T05:53:40.911Z
sensor.air_quality_monitor_temperature_scd41,24.6998596191406,2026-08-22T05:53:50.910Z
sensor.air_quality_monitor_temperature_scd41,24.7158813476562,2026-08-22T05:54:00.915Z
sensor.air_quality_monitor_temperature_scd41,24.7105407714844,2026-08-22T05:54:10.919Z
sensor.air_quality_monitor_temperature_scd41,24.7265625,2026-08-22T05:54:20.923Z
sensor.air_quality_monitor_temperature_scd41,24.7078704833984,2026-08-22T05:54:30.929Z
sensor.air_quality_monitor_temperature_scd41,24.7132110595703,2026-08-22T05:54:40.931Z
sensor.air_quality_monitor_temperature_scd41,24.7078704833984,2026-08-22T05:54:50.935Z
sensor.air_quality_monitor_temperature_scd41,24.7132110595703,2026-08-22T05:55:00.940Z
sensor.air_quality_monitor_temperature_scd41,24.6998596191406,2026-08-22T05:55:10.945Z
sensor.air_quality_monitor_temperature_scd41,24.7185516357422,2026-08-22T05:55:20.950Z
sensor.air_quality_monitor_temperature_scd41,24.7052001953125,2026-08-22T05:55:30.962Z
sensor.air_quality_monitor_temperature_scd41,24.7078704833984,2026-08-22T05:55:40.961Z
sensor.air_quality_monitor_temperature_scd41,24.7238922119141,2026-08-22T05:55:50.962Z
sensor.air_quality_monitor_temperature_scd41,24.6971893310547,2026-08-22T05:56:00.965Z
sensor.air_quality_monitor_temperature_scd41,24.6865081787109,2026-08-22T05:56:10.966Z
sensor.air_quality_monitor_temperature_scd41,24.6971893310547,2026-08-22T05:56:20.970Z
sensor.air_quality_monitor_temperature_scd41,24.7078704833984,2026-08-22T05:56:30.980Z
sensor.air_quality_monitor_temperature_scd41,24.6971893310547,2026-08-22T05:56:40.980Z
sensor.air_quality_monitor_temperature_scd41,24.7105407714844,2026-08-22T05:56:50.984Z
sensor.air_quality_monitor_temperature_scd41,24.6998596191406,2026-08-22T05:57:00.985Z
sensor.air_quality_monitor_temperature_scd41,24.6918487548828,2026-08-22T05:57:10.991Z
sensor.air_quality_monitor_temperature_scd41,24.7025299072266,2026-08-22T05:57:20.997Z
sensor.air_quality_monitor_temperature_scd41,24.6811676025391,2026-08-22T05:57:31.004Z
sensor.air_quality_monitor_temperature_scd41,24.7078704833984,2026-08-22T05:57:41.011Z
sensor.air_quality_monitor_temperature_scd41,24.6891784667969,2026-08-22T05:57:51.013Z
sensor.air_quality_monitor_temperature_scd41,24.7025299072266,2026-08-22T05:58:01.013Z
sensor.air_quality_monitor_temperature_scd41,24.6865081787109,2026-08-22T05:58:11.019Z
sensor.air_quality_monitor_temperature_scd41,24.6945190429688,2026-08-22T05:58:21.022Z
sensor.air_quality_monitor_temperature_scd41,24.683837890625,2026-08-22T05:58:41.037Z
sensor.air_quality_monitor_temperature_scd41,24.6998596191406,2026-08-22T05:58:51.038Z
sensor.air_quality_monitor_temperature_scd41,24.683837890625,2026-08-22T05:59:01.043Z
sensor.air_quality_monitor_temperature_scd41,24.6811676025391,2026-08-22T05:59:11.043Z
sensor.air_quality_monitor_temperature_scd41,24.6998596191406,2026-08-22T05:59:21.051Z
sensor.air_quality_monitor_temperature_scd41,24.6971893310547,2026-08-22T05:59:31.060Z
sensor.air_quality_monitor_temperature_scd41,24.7132110595703,2026-08-22T05:59:41.060Z
sensor.air_quality_monitor_temperature_scd41,24.6998596191406,2026-08-22T05:59:51.072Z
sensor.air_quality_monitor_temperature_scd41,24.6971893310547,2026-08-22T06:00:01.070Z
sensor.air_quality_monitor_temperature_scd41,24.6945190429688,2026-08-22T06:00:11.073Z
sensor.air_quality_monitor_temperature_scd41,24.6891784667969,2026-08-22T06:00:21.080Z
sensor.air_quality_monitor_temperature_scd41,24.6784973144531,2026-08-22T06:00:31.087Z
sensor.air_quality_monitor_temperature_scd41,24.6971893310547,2026-08-22T06:00:41.090Z
sensor.air_quality_monitor_temperature_scd41,24.6918487548828,2026-08-22T06:01:01.094Z
sensor.air_quality_monitor_temperature_scd41,24.6865081787109,2026-08-22T06:01:11.098Z
sensor.air_quality_monitor_temperature_scd41,24.6971893310547,2026-08-22T06:01:21.105Z
sensor.air_quality_monitor_temperature_scd41,24.7025299072266,2026-08-22T06:01:31.105Z
sensor.air_quality_monitor_temperature_scd41,24.683837890625,2026-08-22T06:01:41.110Z
sensor.air_quality_monitor_temperature_scd41,24.7078704833984,2026-08-22T06:01:51.111Z
sensor.air_quality_monitor_temperature_scd41,24.683837890625,2026-08-22T06:02:31.122Z
sensor.air_quality_monitor_temperature_scd41,24.7238922119141,2026-08-22T06:02:41.131Z
sensor.air_quality_monitor_temperature_scd41,24.6918487548828,2026-08-22T06:02:51.138Z
sensor.air_quality_monitor_temperature_scd41,24.6891784667969,2026-08-22T06:03:01.139Z
sensor.air_quality_monitor_temperature_scd41,24.6998596191406,2026-08-22T06:03:11.145Z
sensor.air_quality_monitor_temperature_scd41,24.7265625,2026-08-22T06:03:21.151Z
sensor.air_quality_monitor_temperature_scd41,24.7319030761719,2026-08-22T06:03:31.158Z
sensor.air_quality_monitor_temperature_scd41,24.7105407714844,2026-08-22T06:03:41.171Z
sensor.air_quality_monitor_temperature_scd41,24.7078704833984,2026-08-22T06:03:51.172Z
sensor.air_quality_monitor_temperature_scd41,24.7212219238281,2026-08-22T06:04:01.178Z
sensor.air_quality_monitor_temperature_scd41,24.7185516357422,2026-08-22T06:04:11.180Z
sensor.air_quality_monitor_temperature_scd41,24.7132110595703,2026-08-22T06:04:21.187Z
sensor.air_quality_monitor_temperature_scd41,24.7158813476562,2026-08-22T06:04:31.194Z
sensor.air_quality_monitor_temperature_scd41,24.7399139404297,2026-08-22T06:04:41.195Z
sensor.air_quality_monitor_temperature_scd41,24.7319030761719,2026-08-22T06:04:51.199Z
sensor.air_quality_monitor_temperature_scd41,24.7372436523438,2026-08-22T06:05:01.203Z
sensor.air_quality_monitor_temperature_scd41,24.7425842285156,2026-08-22T06:05:11.207Z
sensor.air_quality_monitor_temperature_scd41,24.7345733642578,2026-08-22T06:05:21.210Z
sensor.air_quality_monitor_temperature_scd41,24.7452545166016,2026-08-22T06:05:31.212Z
sensor.air_quality_monitor_temperature_scd41,24.7345733642578,2026-08-22T06:05:41.214Z
sensor.air_quality_monitor_temperature_scd41,24.7479248046875,2026-08-22T06:06:01.218Z
sensor.air_quality_monitor_temperature_scd41,24.7452545166016,2026-08-22T06:06:11.224Z
sensor.air_quality_monitor_temperature_scd41,24.7479248046875,2026-08-22T06:06:21.226Z
sensor.air_quality_monitor_temperature_scd41,24.7345733642578,2026-08-22T06:06:31.235Z
sensor.air_quality_monitor_temperature_scd41,24.7399139404297,2026-08-22T06:06:41.235Z
sensor.air_quality_monitor_temperature_scd41,24.7345733642578,2026-08-22T06:06:51.237Z
sensor.air_quality_monitor_temperature_scd41,24.7612762451172,2026-08-22T06:07:01.237Z
sensor.air_quality_monitor_temperature_scd41,24.7452545166016,2026-08-22T06:07:11.242Z
sensor.air_quality_monitor_temperature_scd41,24.7345733642578,2026-08-22T06:07:21.250Z
sensor.air_quality_monitor_temperature_scd41,24.7452545166016,2026-08-22T06:07:31.255Z
sensor.air_quality_monitor_temperature_scd41,24.7479248046875,2026-08-22T06:07:41.256Z
sensor.air_quality_monitor_temperature_scd41,24.7372436523438,2026-08-22T06:07:51.256Z
sensor.air_quality_monitor_temperature_scd41,24.7586059570312,2026-08-22T06:08:01.264Z
sensor.air_quality_monitor_temperature_scd41,24.7532653808594,2026-08-22T06:08:11.265Z
sensor.air_quality_monitor_temperature_scd41,24.7345733642578,2026-08-22T06:08:21.271Z
sensor.air_quality_monitor_temperature_scd41,24.7265625,2026-08-22T06:08:41.281Z
sensor.air_quality_monitor_temperature_scd41,24.7238922119141,2026-08-22T06:08:51.281Z
sensor.air_quality_monitor_temperature_scd41,24.7452545166016,2026-08-22T06:09:01.289Z
sensor.air_quality_monitor_temperature_scd41,24.7265625,2026-08-22T06:09:11.296Z
sensor.air_quality_monitor_temperature_scd41,24.7319030761719,2026-08-22T06:09:21.301Z
sensor.air_quality_monitor_temperature_scd41,24.7265625,2026-08-22T06:09:41.306Z
sensor.air_quality_monitor_temperature_scd41,24.7372436523438,2026-08-22T06:09:51.312Z
sensor.air_quality_monitor_temperature_scd41,24.7345733642578,2026-08-22T06:10:01.316Z
sensor.air_quality_monitor_temperature_scd41,24.7238922119141,2026-08-22T06:10:11.324Z
sensor.air_quality_monitor_temperature_scd41,24.7345733642578,2026-08-22T06:10:21.334Z
sensor.air_quality_monitor_temperature_scd41,24.7078704833984,2026-08-22T06:10:31.335Z
sensor.air_quality_monitor_temperature_scd41,24.7105407714844,2026-08-22T06:10:41.335Z
sensor.air_quality_monitor_temperature_scd41,24.6971893310547,2026-08-22T06:10:51.336Z
sensor.air_quality_monitor_temperature_scd41,24.7105407714844,2026-08-22T06:11:01.340Z
sensor.air_quality_monitor_temperature_scd41,24.7132110595703,2026-08-22T06:11:11.344Z
sensor.air_quality_monitor_temperature_scd41,24.6971893310547,2026-08-22T06:11:31.348Z
sensor.air_quality_monitor_temperature_scd41,24.7025299072266,2026-08-22T06:11:41.352Z
sensor.air_quality_monitor_temperature_scd41,24.6918487548828,2026-08-22T06:11:51.356Z
sensor.air_quality_monitor_temperature_scd41,24.7078704833984,2026-08-22T06:12:01.361Z
sensor.air_quality_monitor_temperature_scd41,24.7025299072266,2026-08-22T06:12:11.363Z
sensor.air_quality_monitor_temperature_scd41,24.683837890625,2026-08-22T06:12:21.368Z
sensor.air_quality_monitor_temperature_scd41,24.6945190429688,2026-08-22T06:12:31.373Z
sensor.air_quality_monitor_temperature_scd41,24.683837890625,2026-08-22T06:12:41.378Z
sensor.air_quality_monitor_temperature_scd41,24.6758270263672,2026-08-22T06:12:51.379Z
sensor.air_quality_monitor_temperature_scd41,24.6651458740234,2026-08-22T06:13:01.386Z
sensor.air_quality_monitor_temperature_scd41,24.6758270263672,2026-08-22T06:13:11.388Z
sensor.air_quality_monitor_temperature_scd41,24.7105407714844,2026-08-22T06:13:21.396Z
sensor.air_quality_monitor_temperature_scd41,24.6598052978516,2026-08-22T06:13:31.396Z
sensor.air_quality_monitor_temperature_scd41,24.6437835693359,2026-08-22T06:13:41.397Z
sensor.air_quality_monitor_temperature_scd41,24.6571350097656,2026-08-22T06:13:51.400Z
sensor.air_quality_monitor_temperature_scd41,24.64111328125,2026-08-22T06:14:01.403Z
sensor.air_quality_monitor_temperature_scd41,24.6678161621094,2026-08-22T06:14:11.409Z
sensor.air_quality_monitor_temperature_scd41,24.64111328125,2026-08-22T06:14:21.414Z
sensor.air_quality_monitor_temperature_scd41,24.6304321289062,2026-08-22T06:14:31.420Z
sensor.air_quality_monitor_temperature_scd41,24.6331024169922,2026-08-22T06:14:41.419Z
sensor.air_quality_monitor_temperature_scd41,24.6491241455078,2026-08-22T06:14:51.421Z
sensor.air_quality_monitor_temperature_scd41,24.6170806884766,2026-08-22T06:15:01.423Z
sensor.air_quality_monitor_temperature_scd41,24.6331024169922,2026-08-22T06:15:11.428Z
sensor.air_quality_monitor_temperature_scd41,24.64111328125,2026-08-22T06:15:21.431Z
sensor.air_quality_monitor_temperature_scd41,24.6117401123047,2026-08-22T06:15:31.433Z
sensor.air_quality_monitor_temperature_scd41,24.6090698242188,2026-08-22T06:15:41.434Z
sensor.air_quality_monitor_temperature_scd41,24.6224212646484,2026-08-22T06:15:51.438Z
sensor.air_quality_monitor_temperature_scd41,24.5957183837891,2026-08-22T06:16:01.442Z
sensor.air_quality_monitor_temperature_scd41,24.6170806884766,2026-08-22T06:16:11.448Z
sensor.air_quality_monitor_temperature_scd41,24.6117401123047,2026-08-22T06:16:21.449Z
sensor.air_quality_monitor_temperature_scd41,24.6010589599609,2026-08-22T06:16:41.454Z
sensor.air_quality_monitor_temperature_scd41,24.5957183837891,2026-08-22T06:16:51.458Z
sensor.air_quality_monitor_temperature_scd41,24.6090698242188,2026-08-22T06:17:01.459Z
sensor.air_quality_monitor_temperature_scd41,24.6144104003906,2026-08-22T06:17:11.460Z
sensor.air_quality_monitor_temperature_scd41,24.6117401123047,2026-08-22T06:17:21.462Z
sensor.air_quality_monitor_temperature_scd41,24.5903778076172,2026-08-22T06:17:31.466Z
sensor.air_quality_monitor_temperature_scd41,24.5583343505859,2026-08-22T06:17:51.478Z
sensor.air_quality_monitor_temperature_scd41,24.5610046386719,2026-08-22T06:18:01.481Z
sensor.air_quality_monitor_temperature_scd41,24.5957183837891,2026-08-22T06:18:11.485Z
sensor.air_quality_monitor_temperature_scd41,24.5796966552734,2026-08-22T06:18:21.490Z
sensor.air_quality_monitor_temperature_scd41,24.5716857910156,2026-08-22T06:18:31.497Z
sensor.air_quality_monitor_temperature_scd41,24.5823669433594,2026-08-22T06:18:41.500Z
sensor.air_quality_monitor_temperature_scd41,24.5716857910156,2026-08-22T06:18:51.504Z
sensor.air_quality_monitor_temperature_scd41,24.5449829101562,2026-08-22T06:19:01.504Z
sensor.air_quality_monitor_temperature_scd41,24.5663452148438,2026-08-22T06:19:11.505Z
sensor.air_quality_monitor_temperature_scd41,24.5529937744141,2026-08-22T06:19:21.515Z
sensor.air_quality_monitor_temperature_scd41,24.5610046386719,2026-08-22T06:19:31.519Z
sensor.air_quality_monitor_temperature_scd41,24.5583343505859,2026-08-22T06:19:41.520Z
sensor.air_quality_monitor_temperature_scd41,24.5476531982422,2026-08-22T06:19:51.524Z
sensor.air_quality_monitor_temperature_scd41,24.5343017578125,2026-08-22T06:20:01.523Z
sensor.air_quality_monitor_temperature_scd41,24.5583343505859,2026-08-22T06:20:11.524Z
sensor.air_quality_monitor_temperature_scd41,24.5343017578125,2026-08-22T06:20:21.529Z
sensor.air_quality_monitor_temperature_scd41,24.5369720458984,2026-08-22T06:20:31.533Z
sensor.air_quality_monitor_temperature_scd41,24.5610046386719,2026-08-22T06:20:41.534Z
sensor.air_quality_monitor_temperature_scd41,24.5529937744141,2026-08-22T06:20:51.538Z
sensor.air_quality_monitor_temperature_scd41,24.5476531982422,2026-08-22T06:21:01.542Z
sensor.air_quality_monitor_temperature_scd41,24.5209503173828,2026-08-22T06:21:11.540Z
sensor.air_quality_monitor_temperature_scd41,24.5262908935547,2026-08-22T06:21:21.544Z
sensor.air_quality_monitor_temperature_scd41,24.5102691650391,2026-08-22T06:21:31.550Z
sensor.air_quality_monitor_temperature_scd41,24.5262908935547,2026-08-22T06:21:41.550Z
sensor.air_quality_monitor_temperature_scd41,24.512939453125,2026-08-22T06:21:51.556Z
sensor.air_quality_monitor_temperature_scd41,24.5316314697266,2026-08-22T06:22:01.556Z
sensor.air_quality_monitor_temperature_scd41,24.5049285888672,2026-08-22T06:22:11.564Z
sensor.air_quality_monitor_temperature_scd41,24.5262908935547,2026-08-22T06:22:21.568Z
sensor.air_quality_monitor_temperature_scd41,24.5209503173828,2026-08-22T06:22:31.574Z
sensor.air_quality_monitor_temperature_scd41,24.5022583007812,2026-08-22T06:22:41.580Z
sensor.air_quality_monitor_temperature_scd41,24.5049285888672,2026-08-22T06:22:51.582Z
sensor.air_quality_monitor_temperature_scd41,24.5262908935547,2026-08-22T06:23:01.585Z
sensor.air_quality_monitor_temperature_scd41,24.512939453125,2026-08-22T06:23:11.593Z
sensor.air_quality_monitor_temperature_scd41,24.5396423339844,2026-08-22T06:23:21.587Z
sensor.air_quality_monitor_temperature_scd41,24.5075988769531,2026-08-22T06:23:31.591Z
sensor.air_quality_monitor_temperature_scd41,24.4969177246094,2026-08-22T06:23:51.595Z
sensor.air_quality_monitor_temperature_scd41,24.4942474365234,2026-08-22T06:24:01.597Z
sensor.air_quality_monitor_temperature_scd41,24.4862365722656,2026-08-22T06:24:11.601Z
sensor.air_quality_monitor_temperature_scd41,24.4835662841797,2026-08-22T06:24:21.606Z
sensor.air_quality_monitor_temperature_scd41,24.4942474365234,2026-08-22T06:24:31.612Z
sensor.air_quality_monitor_temperature_scd41,24.4915771484375,2026-08-22T06:24:41.615Z
sensor.air_quality_monitor_temperature_scd41,24.4942474365234,2026-08-22T06:24:51.619Z
sensor.air_quality_monitor_temperature_scd41,24.4915771484375,2026-08-22T06:25:01.620Z
sensor.air_quality_monitor_temperature_scd41,24.5075988769531,2026-08-22T06:25:11.624Z
sensor.air_quality_monitor_temperature_scd41,24.4969177246094,2026-08-22T06:25:21.626Z
sensor.air_quality_monitor_temperature_scd41,24.4835662841797,2026-08-22T06:25:31.630Z
sensor.air_quality_monitor_temperature_scd41,24.5049285888672,2026-08-22T06:25:41.635Z
sensor.air_quality_monitor_temperature_scd41,24.5102691650391,2026-08-22T06:25:51.636Z
sensor.air_quality_monitor_temperature_scd41,24.5049285888672,2026-08-22T06:26:01.640Z
sensor.air_quality_monitor_temperature_scd41,24.4808959960938,2026-08-22T06:26:11.641Z
sensor.air_quality_monitor_temperature_scd41,24.4942474365234,2026-08-22T06:26:21.646Z
sensor.air_quality_monitor_temperature_scd41,24.5075988769531,2026-08-22T06:26:31.650Z
sensor.air_quality_monitor_temperature_scd41,24.4835662841797,2026-08-22T06:26:41.654Z
sensor.air_quality_monitor_temperature_scd41,24.5049285888672,2026-08-22T06:26:51.663Z
sensor.air_quality_monitor_temperature_scd41,24.4782257080078,2026-08-22T06:27:01.667Z
sensor.air_quality_monitor_temperature_scd41,24.4835662841797,2026-08-22T06:27:11.668Z
sensor.air_quality_monitor_temperature_scd41,24.4942474365234,2026-08-22T06:27:21.668Z
sensor.air_quality_monitor_temperature_scd41,24.5049285888672,2026-08-22T06:27:31.674Z
sensor.air_quality_monitor_temperature_scd41,24.4728851318359,2026-08-22T06:27:41.674Z
sensor.air_quality_monitor_temperature_scd41,24.4915771484375,2026-08-22T06:27:51.679Z
sensor.air_quality_monitor_temperature_scd41,24.4808959960938,2026-08-22T06:28:01.681Z
sensor.air_quality_monitor_temperature_scd41,24.4862365722656,2026-08-22T06:28:21.671Z
sensor.air_quality_monitor_temperature_scd41,24.4568634033203,2026-08-22T06:28:31.690Z
sensor.air_quality_monitor_temperature_scd41,24.47021484375,2026-08-22T06:28:51.692Z
sensor.air_quality_monitor_temperature_scd41,24.4675445556641,2026-08-22T06:29:01.699Z
sensor.air_quality_monitor_temperature_scd41,24.4515228271484,2026-08-22T06:29:11.700Z
sensor.air_quality_monitor_temperature_scd41,24.4488525390625,2026-08-22T06:29:21.701Z
sensor.air_quality_monitor_temperature_scd41,24.4568634033203,2026-08-22T06:29:31.705Z
sensor.air_quality_monitor_temperature_scd41,24.4541931152344,2026-08-22T06:29:41.705Z
sensor.air_quality_monitor_temperature_scd41,24.47021484375,2026-08-22T06:29:51.709Z
sensor.air_quality_monitor_temperature_scd41,24.4435119628906,2026-08-22T06:30:01.710Z
sensor.air_quality_monitor_temperature_scd41,24.4568634033203,2026-08-22T06:30:11.712Z
sensor.air_quality_monitor_temperature_scd41,24.4301605224609,2026-08-22T06:30:41.720Z
sensor.air_quality_monitor_temperature_scd41,24.4381713867188,2026-08-22T06:30:51.724Z
sensor.air_quality_monitor_temperature_scd41,24.4194793701172,2026-08-22T06:31:01.727Z
sensor.air_quality_monitor_temperature_scd41,24.4435119628906,2026-08-22T06:31:11.729Z
sensor.air_quality_monitor_temperature_scd41,24.4355010986328,2026-08-22T06:31:21.733Z
sensor.air_quality_monitor_temperature_scd41,24.4408416748047,2026-08-22T06:31:31.737Z
sensor.air_quality_monitor_temperature_scd41,24.4568634033203,2026-08-22T06:32:01.744Z
sensor.air_quality_monitor_temperature_scd41,24.4194793701172,2026-08-22T06:32:11.746Z
sensor.air_quality_monitor_temperature_scd41,24.4221496582031,2026-08-22T06:32:31.757Z
sensor.air_quality_monitor_temperature_scd41,24.427490234375,2026-08-22T06:32:41.761Z
sensor.air_quality_monitor_temperature_scd41,24.4168090820312,2026-08-22T06:32:51.765Z
sensor.air_quality_monitor_temperature_scd41,24.4141387939453,2026-08-22T06:33:01.767Z
sensor.air_quality_monitor_temperature_scd41,24.4087982177734,2026-08-22T06:33:11.774Z
sensor.air_quality_monitor_temperature_scd41,24.4194793701172,2026-08-22T06:33:21.776Z
sensor.air_quality_monitor_temperature_scd41,24.4061279296875,2026-08-22T06:33:31.780Z
sensor.air_quality_monitor_temperature_scd41,24.4141387939453,2026-08-22T06:33:41.783Z
sensor.air_quality_monitor_temperature_scd41,24.4301605224609,2026-08-22T06:33:51.782Z
sensor.air_quality_monitor_temperature_scd41,24.427490234375,2026-08-22T06:34:01.784Z
sensor.air_quality_monitor_temperature_scd41,24.4114685058594,2026-08-22T06:34:11.790Z
sensor.air_quality_monitor_temperature_scd41,24.4221496582031,2026-08-22T06:34:21.794Z
sensor.air_quality_monitor_temperature_scd41,24.4168090820312,2026-08-22T06:34:31.799Z
sensor.air_quality_monitor_temperature_scd41,24.4114685058594,2026-08-22T06:34:41.803Z
sensor.air_quality_monitor_temperature_scd41,24.4194793701172,2026-08-22T06:34:51.807Z
sensor.air_quality_monitor_temperature_scd41,24.4034576416016,2026-08-22T06:35:01.809Z
sensor.air_quality_monitor_temperature_scd41,24.3767547607422,2026-08-22T06:35:11.810Z
sensor.air_quality_monitor_temperature_scd41,24.4034576416016,2026-08-22T06:35:21.815Z
sensor.air_quality_monitor_temperature_scd41,24.4061279296875,2026-08-22T06:35:31.820Z
sensor.air_quality_monitor_temperature_scd41,24.4034576416016,2026-08-22T06:35:41.827Z
sensor.air_quality_monitor_temperature_scd41,24.4221496582031,2026-08-22T06:35:51.832Z
sensor.air_quality_monitor_temperature_scd41,24.4141387939453,2026-08-22T06:36:01.837Z
sensor.air_quality_monitor_temperature_scd41,24.4087982177734,2026-08-22T06:36:11.839Z
sensor.air_quality_monitor_temperature_scd41,24.4034576416016,2026-08-22T06:36:21.842Z
sensor.air_quality_monitor_temperature_scd41,24.4141387939453,2026-08-22T06:36:31.852Z
sensor.air_quality_monitor_temperature_scd41,24.4034576416016,2026-08-22T06:36:41.858Z
sensor.air_quality_monitor_temperature_scd41,24.3874359130859,2026-08-22T06:36:51.860Z
sensor.air_quality_monitor_temperature_scd41,24.4034576416016,2026-08-22T06:37:01.860Z
sensor.air_quality_monitor_temperature_scd41,24.3954467773438,2026-08-22T06:37:11.865Z
sensor.air_quality_monitor_temperature_scd41,24.4141387939453,2026-08-22T06:37:31.870Z
sensor.air_quality_monitor_temperature_scd41,24.4034576416016,2026-08-22T06:37:41.877Z
sensor.air_quality_monitor_temperature_scd41,24.3981170654297,2026-08-22T06:37:51.879Z
sensor.air_quality_monitor_temperature_scd41,24.4194793701172,2026-08-22T06:38:01.881Z
sensor.air_quality_monitor_temperature_scd41,24.4061279296875,2026-08-22T06:38:11.881Z
sensor.air_quality_monitor_temperature_scd41,24.3927764892578,2026-08-22T06:38:21.885Z
sensor.air_quality_monitor_temperature_scd41,24.4301605224609,2026-08-22T06:38:31.886Z
sensor.air_quality_monitor_temperature_scd41,24.3954467773438,2026-08-22T06:38:41.888Z
sensor.air_quality_monitor_temperature_scd41,24.4168090820312,2026-08-22T06:38:51.890Z
sensor.air_quality_monitor_temperature_scd41,24.427490234375,2026-08-22T06:39:01.893Z
sensor.air_quality_monitor_temperature_scd41,24.4061279296875,2026-08-22T06:39:11.897Z
sensor.air_quality_monitor_temperature_scd41,24.4221496582031,2026-08-22T06:39:21.902Z
sensor.air_quality_monitor_temperature_scd41,24.4194793701172,2026-08-22T06:39:31.907Z
sensor.air_quality_monitor_temperature_scd41,24.427490234375,2026-08-22T06:39:41.907Z
sensor.air_quality_monitor_temperature_scd41,24.4141387939453,2026-08-22T06:39:51.907Z
sensor.air_quality_monitor_temperature_scd41,24.4301605224609,2026-08-22T06:40:01.910Z
sensor.air_quality_monitor_temperature_scd41,24.4221496582031,2026-08-22T06:40:11.913Z
sensor.air_quality_monitor_temperature_scd41,24.4301605224609,2026-08-22T06:40:21.914Z
sensor.air_quality_monitor_temperature_scd41,24.4168090820312,2026-08-22T06:40:31.919Z
sensor.air_quality_monitor_temperature_scd41,24.4141387939453,2026-08-22T06:40:41.921Z
sensor.air_quality_monitor_temperature_scd41,24.427490234375,2026-08-22T06:40:51.926Z
sensor.air_quality_monitor_temperature_scd41,24.4194793701172,2026-08-22T06:41:01.930Z
sensor.air_quality_monitor_temperature_scd41,24.4061279296875,2026-08-22T06:41:51.939Z
sensor.air_quality_monitor_temperature_scd41,24.427490234375,2026-08-22T06:42:01.944Z
sensor.air_quality_monitor_temperature_scd41,24.4034576416016,2026-08-22T06:42:11.948Z
sensor.air_quality_monitor_temperature_scd41,24.4194793701172,2026-08-22T06:42:21.953Z
sensor.air_quality_monitor_temperature_scd41,24.4034576416016,2026-08-22T06:42:31.958Z
sensor.air_quality_monitor_temperature_scd41,24.4087982177734,2026-08-22T06:42:41.967Z
sensor.air_quality_monitor_temperature_scd41,24.4221496582031,2026-08-22T06:42:51.965Z
sensor.air_quality_monitor_temperature_scd41,24.4034576416016,2026-08-22T06:43:01.973Z
sensor.air_quality_monitor_temperature_scd41,24.4061279296875,2026-08-22T06:43:21.975Z
sensor.air_quality_monitor_temperature_scd41,24.4114685058594,2026-08-22T06:43:31.989Z
sensor.air_quality_monitor_temperature_scd41,24.4221496582031,2026-08-22T06:43:51.992Z
sensor.air_quality_monitor_temperature_scd41,24.4061279296875,2026-08-22T06:44:01.992Z
sensor.air_quality_monitor_temperature_scd41,24.4194793701172,2026-08-22T06:44:11.996Z
sensor.air_quality_monitor_temperature_scd41,24.4168090820312,2026-08-22T06:44:22.001Z
sensor.air_quality_monitor_temperature_scd41,24.4194793701172,2026-08-22T06:44:32.009Z
sensor.air_quality_monitor_temperature_scd41,24.4301605224609,2026-08-22T06:44:42.013Z
sensor.air_quality_monitor_temperature_scd41,24.427490234375,2026-08-22T06:44:52.016Z
sensor.air_quality_monitor_temperature_scd41,24.4194793701172,2026-08-22T06:45:02.018Z
sensor.air_quality_monitor_temperature_scd41,24.4221496582031,2026-08-22T06:45:12.020Z
sensor.air_quality_monitor_temperature_scd41,24.4168090820312,2026-08-22T06:45:22.023Z
sensor.air_quality_monitor_temperature_scd41,24.4328308105469,2026-08-22T06:45:32.027Z
sensor.air_quality_monitor_temperature_scd41,24.4087982177734,2026-08-22T06:45:42.027Z
sensor.air_quality_monitor_temperature_scd41,24.4194793701172,2026-08-22T06:45:52.032Z
sensor.air_quality_monitor_temperature_scd41,24.4461822509766,2026-08-22T06:46:02.038Z
sensor.air_quality_monitor_temperature_scd41,24.4301605224609,2026-08-22T06:46:12.040Z
sensor.air_quality_monitor_temperature_scd41,24.4194793701172,2026-08-22T06:46:22.046Z
sensor.air_quality_monitor_temperature_scd41,24.4301605224609,2026-08-22T06:46:32.052Z
sensor.air_quality_monitor_temperature_scd41,24.4221496582031,2026-08-22T06:46:42.057Z
sensor.air_quality_monitor_temperature_scd41,24.4141387939453,2026-08-22T06:46:52.058Z
sensor.air_quality_monitor_temperature_scd41,24.4355010986328,2026-08-22T06:47:02.067Z
sensor.air_quality_monitor_temperature_scd41,24.4194793701172,2026-08-22T06:47:12.073Z
sensor.air_quality_monitor_temperature_scd41,24.4248199462891,2026-08-22T06:47:22.078Z
sensor.air_quality_monitor_temperature_scd41,24.4541931152344,2026-08-22T06:47:32.083Z
sensor.air_quality_monitor_temperature_scd41,24.4248199462891,2026-08-22T06:47:42.087Z
sensor.air_quality_monitor_temperature_scd41,24.4408416748047,2026-08-22T06:47:52.090Z
sensor.air_quality_monitor_temperature_scd41,24.4435119628906,2026-08-22T06:48:02.092Z
sensor.air_quality_monitor_temperature_scd41,24.4488525390625,2026-08-22T06:48:12.093Z
sensor.air_quality_monitor_temperature_scd41,24.4328308105469,2026-08-22T06:48:22.095Z
sensor.air_quality_monitor_temperature_scd41,24.4381713867188,2026-08-22T06:48:32.101Z
sensor.air_quality_monitor_temperature_scd41,24.4301605224609,2026-08-22T06:48:42.100Z
sensor.air_quality_monitor_temperature_scd41,24.4461822509766,2026-08-22T06:48:52.106Z
sensor.air_quality_monitor_temperature_scd41,24.4435119628906,2026-08-22T06:49:02.110Z
sensor.air_quality_monitor_temperature_scd41,24.4461822509766,2026-08-22T06:49:12.098Z
sensor.air_quality_monitor_temperature_scd41,24.4622039794922,2026-08-22T06:49:22.120Z
sensor.air_quality_monitor_temperature_scd41,24.4595336914062,2026-08-22T06:49:32.127Z
sensor.air_quality_monitor_temperature_scd41,24.4408416748047,2026-08-22T06:49:42.134Z
sensor.air_quality_monitor_temperature_scd41,24.4595336914062,2026-08-22T06:49:52.135Z
sensor.air_quality_monitor_temperature_scd41,24.4488525390625,2026-08-22T06:50:02.140Z
sensor.air_quality_monitor_temperature_scd41,24.4648742675781,2026-08-22T06:50:12.146Z
sensor.air_quality_monitor_temperature_scd41,24.4515228271484,2026-08-22T06:50:22.149Z
sensor.air_quality_monitor_temperature_scd41,24.4568634033203,2026-08-22T06:50:32.154Z
sensor.air_quality_monitor_temperature_scd41,24.4515228271484,2026-08-22T06:50:52.162Z
sensor.air_quality_monitor_temperature_scd41,24.4595336914062,2026-08-22T06:51:02.164Z
sensor.air_quality_monitor_temperature_scd41,24.4675445556641,2026-08-22T06:51:12.169Z
sensor.air_quality_monitor_temperature_scd41,24.47021484375,2026-08-22T06:51:22.170Z
sensor.air_quality_monitor_temperature_scd41,24.4675445556641,2026-08-22T06:51:32.179Z
sensor.air_quality_monitor_temperature_scd41,24.4568634033203,2026-08-22T06:51:42.181Z
sensor.air_quality_monitor_temperature_scd41,24.4622039794922,2026-08-22T06:51:52.188Z
sensor.air_quality_monitor_temperature_scd41,24.4675445556641,2026-08-22T06:52:02.189Z
sensor.air_quality_monitor_temperature_scd41,24.4568634033203,2026-08-22T06:52:12.197Z
sensor.air_quality_monitor_temperature_scd41,24.4782257080078,2026-08-22T06:52:22.202Z
sensor.air_quality_monitor_temperature_scd41,24.4622039794922,2026-08-22T06:52:32.209Z
sensor.air_quality_monitor_temperature_scd41,24.47021484375,2026-08-22T06:52:42.211Z
sensor.air_quality_monitor_temperature_scd41,24.4862365722656,2026-08-22T06:52:52.212Z
sensor.air_quality_monitor_temperature_scd41,24.4755554199219,2026-08-22T06:53:02.214Z
sensor.air_quality_monitor_temperature_scd41,24.4889068603516,2026-08-22T06:53:12.216Z
sensor.air_quality_monitor_temperature_scd41,24.4675445556641,2026-08-22T06:53:22.224Z
sensor.air_quality_monitor_temperature_scd41,24.4862365722656,2026-08-22T06:53:42.242Z
sensor.air_quality_monitor_temperature_scd41,24.4889068603516,2026-08-22T06:53:52.246Z
sensor.air_quality_monitor_temperature_scd41,24.4728851318359,2026-08-22T06:54:02.248Z
sensor.air_quality_monitor_temperature_scd41,24.4915771484375,2026-08-22T06:54:12.253Z
sensor.air_quality_monitor_temperature_scd41,24.4969177246094,2026-08-22T06:54:32.265Z
sensor.air_quality_monitor_temperature_scd41,24.4808959960938,2026-08-22T06:54:52.273Z
sensor.air_quality_monitor_temperature_scd41,24.4835662841797,2026-08-22T06:55:02.275Z
sensor.air_quality_monitor_temperature_scd41,24.4728851318359,2026-08-22T06:55:12.279Z
sensor.air_quality_monitor_temperature_scd41,24.4782257080078,2026-08-22T06:55:22.283Z
sensor.air_quality_monitor_temperature_scd41,24.4995880126953,2026-08-22T06:55:32.288Z
sensor.air_quality_monitor_temperature_scd41,24.4969177246094,2026-08-22T06:55:42.288Z
sensor.air_quality_monitor_temperature_scd41,24.5102691650391,2026-08-22T06:55:52.290Z
sensor.air_quality_monitor_temperature_scd41,24.4969177246094,2026-08-22T06:56:02.290Z
sensor.air_quality_monitor_temperature_scd41,24.5049285888672,2026-08-22T06:56:12.292Z
sensor.air_quality_monitor_temperature_scd41,24.4942474365234,2026-08-22T06:56:22.294Z
sensor.air_quality_monitor_temperature_scd41,24.5049285888672,2026-08-22T06:56:32.299Z
sensor.air_quality_monitor_temperature_scd41,24.5102691650391,2026-08-22T06:56:42.304Z
sensor.air_quality_monitor_temperature_scd41,24.4942474365234,2026-08-22T06:57:02.308Z
sensor.air_quality_monitor_temperature_scd41,24.5102691650391,2026-08-22T06:57:12.314Z
sensor.air_quality_monitor_temperature_scd41,24.4862365722656,2026-08-22T06:57:22.316Z
sensor.air_quality_monitor_temperature_scd41,24.5022583007812,2026-08-22T06:57:32.324Z
sensor.air_quality_monitor_temperature_scd41,24.5102691650391,2026-08-22T06:57:42.325Z
sensor.air_quality_monitor_temperature_scd41,24.5049285888672,2026-08-22T06:57:52.330Z
sensor.air_quality_monitor_temperature_scd41,24.4942474365234,2026-08-22T06:58:02.331Z
sensor.air_quality_monitor_temperature_scd41,24.5209503173828,2026-08-22T06:58:12.335Z
sensor.air_quality_monitor_temperature_scd41,24.5343017578125,2026-08-22T06:58:22.338Z
sensor.air_quality_monitor_temperature_scd41,24.4942474365234,2026-08-22T06:58:32.342Z
sensor.air_quality_monitor_temperature_scd41,24.4835662841797,2026-08-22T06:58:42.352Z
sensor.air_quality_monitor_temperature_scd41,24.4808959960938,2026-08-22T06:58:52.357Z
sensor.air_quality_monitor_temperature_scd41,24.5075988769531,2026-08-22T06:59:12.361Z
sensor.air_quality_monitor_temperature_scd41,24.4755554199219,2026-08-22T06:59:22.364Z
sensor.air_quality_monitor_temperature_scd41,24.4862365722656,2026-08-22T06:59:32.368Z
sensor.air_quality_monitor_temperature_scd41,24.4782257080078,2026-08-22T06:59:42.379Z
sensor.air_quality_monitor_temperature_scd41,24.4942474365234,2026-08-22T06:59:52.383Z
sensor.air_quality_monitor_temperature_scd41,24.5209503173828,2026-08-22T07:00:02.388Z
sensor.air_quality_monitor_temperature_scd41,24.4889068603516,2026-08-22T07:00:12.388Z
sensor.air_quality_monitor_temperature_scd41,24.4862365722656,2026-08-22T07:00:22.391Z
sensor.air_quality_monitor_temperature_scd41,24.4835662841797,2026-08-22T07:00:32.398Z
sensor.air_quality_monitor_temperature_scd41,24.4915771484375,2026-08-22T07:00:42.399Z
sensor.air_quality_monitor_temperature_scd41,24.4835662841797,2026-08-22T07:00:52.401Z
sensor.air_quality_monitor_temperature_scd41,24.4808959960938,2026-08-22T07:01:02.410Z
sensor.air_quality_monitor_temperature_scd41,24.4835662841797,2026-08-22T07:01:12.415Z
sensor.air_quality_monitor_temperature_scd41,24.4675445556641,2026-08-22T07:01:22.419Z
sensor.air_quality_monitor_temperature_scd41,24.5049285888672,2026-08-22T07:01:32.407Z
sensor.air_quality_monitor_temperature_scd41,24.4889068603516,2026-08-22T07:01:42.427Z
sensor.air_quality_monitor_temperature_scd41,24.4995880126953,2026-08-22T07:01:52.433Z
sensor.air_quality_monitor_temperature_scd41,24.4915771484375,2026-08-22T07:02:02.427Z
sensor.air_quality_monitor_temperature_scd41,24.47021484375,2026-08-22T07:02:12.427Z
sensor.air_quality_monitor_temperature_scd41,24.4782257080078,2026-08-22T07:02:22.437Z
sensor.air_quality_monitor_temperature_scd41,24.4728851318359,2026-08-22T07:02:32.421Z
sensor.air_quality_monitor_temperature_scd41,24.4782257080078,2026-08-22T07:02:42.436Z
sensor.air_quality_monitor_temperature_scd41,24.4728851318359,2026-08-22T07:02:52.442Z
sensor.air_quality_monitor_temperature_scd41,24.5075988769531,2026-08-22T07:03:02.449Z
sensor.air_quality_monitor_temperature_scd41,24.4782257080078,2026-08-22T07:03:12.454Z
sensor.air_quality_monitor_temperature_scd41,24.4915771484375,2026-08-22T07:03:32.448Z
sensor.air_quality_monitor_temperature_scd41,24.4648742675781,2026-08-22T07:03:42.470Z
sensor.air_quality_monitor_temperature_scd41,24.4862365722656,2026-08-22T07:03:52.481Z
sensor.air_quality_monitor_temperature_scd41,24.4808959960938,2026-08-22T07:04:02.484Z
sensor.air_quality_monitor_temperature_scd41,24.47021484375,2026-08-22T07:04:12.488Z
sensor.air_quality_monitor_temperature_scd41,24.4889068603516,2026-08-22T07:04:22.493Z
sensor.air_quality_monitor_temperature_scd41,24.47021484375,2026-08-22T07:04:32.497Z
sensor.air_quality_monitor_temperature_scd41,24.4675445556641,2026-08-22T07:04:42.499Z
sensor.air_quality_monitor_temperature_scd41,24.4969177246094,2026-08-22T07:05:02.508Z
sensor.air_quality_monitor_temperature_scd41,24.4622039794922,2026-08-22T07:05:12.514Z
sensor.air_quality_monitor_temperature_scd41,24.4862365722656,2026-08-22T07:05:22.518Z
sensor.air_quality_monitor_temperature_scd41,24.4889068603516,2026-08-22T07:05:52.525Z
sensor.air_quality_monitor_temperature_scd41,24.4675445556641,2026-08-22T07:06:02.529Z
sensor.air_quality_monitor_temperature_scd41,24.4835662841797,2026-08-22T07:06:12.534Z
sensor.air_quality_monitor_temperature_scd41,24.4675445556641,2026-08-22T07:06:22.539Z
sensor.air_quality_monitor_temperature_scd41,24.4835662841797,2026-08-22T07:06:32.543Z
sensor.air_quality_monitor_temperature_scd41,24.4675445556641,2026-08-22T07:06:42.551Z
sensor.air_quality_monitor_temperature_scd41,24.4595336914062,2026-08-22T07:06:52.559Z
sensor.air_quality_monitor_temperature_scd41,24.4675445556641,2026-08-22T07:07:02.559Z
sensor.air_quality_monitor_temperature_scd41,24.4515228271484,2026-08-22T07:07:12.564Z
sensor.air_quality_monitor_temperature_scd41,24.4568634033203,2026-08-22T07:07:22.566Z
sensor.air_quality_monitor_temperature_scd41,24.4675445556641,2026-08-22T07:07:32.563Z
sensor.air_quality_monitor_temperature_scd41,24.4862365722656,2026-08-22T07:07:42.579Z
sensor.air_quality_monitor_temperature_scd41,24.4515228271484,2026-08-22T07:07:52.578Z
sensor.air_quality_monitor_temperature_scd41,24.4568634033203,2026-08-22T07:08:02.582Z
sensor.air_quality_monitor_temperature_scd41,24.4328308105469,2026-08-22T07:08:12.587Z
sensor.air_quality_monitor_temperature_scd41,24.4595336914062,2026-08-22T07:08:22.588Z
sensor.air_quality_monitor_temperature_scd41,24.4488525390625,2026-08-22T07:08:32.595Z
sensor.air_quality_monitor_temperature_scd41,24.4381713867188,2026-08-22T07:08:42.604Z
sensor.air_quality_monitor_temperature_scd41,24.4488525390625,2026-08-22T07:08:52.608Z
sensor.air_quality_monitor_temperature_scd41,24.4355010986328,2026-08-22T07:09:02.614Z
sensor.air_quality_monitor_temperature_scd41,24.427490234375,2026-08-22T07:09:12.616Z
sensor.air_quality_monitor_temperature_scd41,24.4461822509766,2026-08-22T07:09:22.617Z
sensor.air_quality_monitor_temperature_scd41,24.4488525390625,2026-08-22T07:09:42.629Z
sensor.air_quality_monitor_temperature_scd41,24.4515228271484,2026-08-22T07:09:52.630Z
sensor.air_quality_monitor_temperature_scd41,24.4488525390625,2026-08-22T07:10:02.632Z
sensor.air_quality_monitor_temperature_scd41,24.4435119628906,2026-08-22T07:10:12.638Z
sensor.air_quality_monitor_temperature_scd41,24.4568634033203,2026-08-22T07:10:32.645Z
sensor.air_quality_monitor_temperature_scd41,24.4408416748047,2026-08-22T07:10:42.650Z
sensor.air_quality_monitor_temperature_scd41,24.4568634033203,2026-08-22T07:10:52.652Z
sensor.air_quality_monitor_temperature_scd41,24.4461822509766,2026-08-22T07:11:02.658Z
sensor.air_quality_monitor_temperature_scd41,24.4435119628906,2026-08-22T07:11:12.666Z
sensor.air_quality_monitor_temperature_scd41,24.4461822509766,2026-08-22T07:11:22.666Z
sensor.air_quality_monitor_temperature_scd41,24.4435119628906,2026-08-22T07:11:32.669Z
sensor.air_quality_monitor_temperature_scd41,24.4515228271484,2026-08-22T07:11:42.674Z
sensor.air_quality_monitor_temperature_scd41,24.4568634033203,2026-08-22T07:11:52.678Z
sensor.air_quality_monitor_temperature_scd41,24.4675445556641,2026-08-22T07:12:12.684Z
sensor.air_quality_monitor_temperature_scd41,24.4622039794922,2026-08-22T07:12:22.689Z
sensor.air_quality_monitor_temperature_scd41,24.4568634033203,2026-08-22T07:12:32.695Z
sensor.air_quality_monitor_temperature_scd41,24.4862365722656,2026-08-22T07:12:52.705Z
sensor.air_quality_monitor_temperature_scd41,24.4595336914062,2026-08-22T07:13:02.706Z
sensor.air_quality_monitor_temperature_scd41,24.4969177246094,2026-08-22T07:13:12.708Z
sensor.air_quality_monitor_temperature_scd41,24.4942474365234,2026-08-22T07:13:22.710Z
sensor.air_quality_monitor_temperature_scd41,24.4889068603516,2026-08-22T07:13:42.715Z
sensor.air_quality_monitor_temperature_scd41,24.47021484375,2026-08-22T07:13:52.742Z
sensor.air_quality_monitor_temperature_scd41,24.4675445556641,2026-08-22T07:14:02.727Z
sensor.air_quality_monitor_temperature_scd41,24.4728851318359,2026-08-22T07:14:12.731Z
sensor.air_quality_monitor_temperature_scd41,24.5075988769531,2026-08-22T07:14:22.736Z
sensor.air_quality_monitor_temperature_scd41,24.4808959960938,2026-08-22T07:14:32.743Z
sensor.air_quality_monitor_temperature_scd41,24.4969177246094,2026-08-22T07:14:42.744Z
sensor.air_quality_monitor_temperature_scd41,24.4755554199219,2026-08-22T07:14:52.746Z
sensor.air_quality_monitor_temperature_scd41,24.5022583007812,2026-08-22T07:15:02.753Z
sensor.air_quality_monitor_temperature_scd41,24.4568634033203,2026-08-22T07:15:12.757Z
sensor.air_quality_monitor_temperature_scd41,24.4728851318359,2026-08-22T07:15:22.762Z
sensor.air_quality_monitor_temperature_scd41,24.4755554199219,2026-08-22T07:15:52.777Z
sensor.air_quality_monitor_temperature_scd41,24.4622039794922,2026-08-22T07:16:02.783Z
sensor.air_quality_monitor_temperature_scd41,24.4862365722656,2026-08-22T07:16:12.789Z
sensor.air_quality_monitor_temperature_scd41,24.4889068603516,2026-08-22T07:16:22.795Z
sensor.air_quality_monitor_temperature_scd41,24.4728851318359,2026-08-22T07:16:32.786Z
sensor.air_quality_monitor_temperature_scd41,24.4782257080078,2026-08-22T07:16:42.806Z
sensor.air_quality_monitor_temperature_scd41,24.4622039794922,2026-08-22T07:16:52.807Z
sensor.air_quality_monitor_temperature_scd41,24.4728851318359,2026-08-22T07:17:02.815Z
sensor.air_quality_monitor_temperature_scd41,24.4835662841797,2026-08-22T07:17:12.818Z
sensor.air_quality_monitor_temperature_scd41,24.4675445556641,2026-08-22T07:17:22.826Z
sensor.air_quality_monitor_temperature_scd41,24.4862365722656,2026-08-22T07:17:32.812Z
sensor.air_quality_monitor_temperature_scd41,24.47021484375,2026-08-22T07:17:42.826Z
sensor.air_quality_monitor_temperature_scd41,24.4675445556641,2026-08-22T07:17:52.831Z
sensor.air_quality_monitor_temperature_scd41,24.4728851318359,2026-08-22T07:18:02.837Z
sensor.air_quality_monitor_temperature_scd41,24.4675445556641,2026-08-22T07:18:22.846Z
sensor.air_quality_monitor_temperature_scd41,24.4595336914062,2026-08-22T07:18:32.837Z
sensor.air_quality_monitor_temperature_scd41,24.4675445556641,2026-08-22T07:18:42.861Z
sensor.air_quality_monitor_temperature_scd41,24.4568634033203,2026-08-22T07:18:52.866Z
sensor.air_quality_monitor_temperature_scd41,24.4808959960938,2026-08-22T07:19:02.869Z
sensor.air_quality_monitor_temperature_scd41,24.4648742675781,2026-08-22T07:19:12.872Z
sensor.air_quality_monitor_temperature_scd41,24.47021484375,2026-08-22T07:19:22.877Z
sensor.air_quality_monitor_temperature_scd41,24.4488525390625,2026-08-22T07:19:32.881Z
sensor.air_quality_monitor_temperature_scd41,24.4648742675781,2026-08-22T07:19:42.885Z
sensor.air_quality_monitor_temperature_scd41,24.4675445556641,2026-08-22T07:19:52.887Z
sensor.air_quality_monitor_temperature_scd41,24.4568634033203,2026-08-22T07:20:02.891Z
sensor.air_quality_monitor_temperature_scd41,24.4515228271484,2026-08-22T07:20:12.895Z
sensor.air_quality_monitor_temperature_scd41,24.4568634033203,2026-08-22T07:20:22.897Z
sensor.air_quality_monitor_temperature_scd41,24.4541931152344,2026-08-22T07:20:32.905Z
sensor.air_quality_monitor_temperature_scd41,24.4408416748047,2026-08-22T07:20:42.909Z
sensor.air_quality_monitor_temperature_scd41,24.4541931152344,2026-08-22T07:20:52.907Z
sensor.air_quality_monitor_temperature_scd41,24.4568634033203,2026-08-22T07:21:02.911Z
sensor.air_quality_monitor_temperature_scd41,24.4408416748047,2026-08-22T07:21:12.917Z
sensor.air_quality_monitor_temperature_scd41,24.4515228271484,2026-08-22T07:21:22.923Z
sensor.air_quality_monitor_temperature_scd41,24.4408416748047,2026-08-22T07:21:32.925Z
sensor.air_quality_monitor_temperature_scd41,24.4301605224609,2026-08-22T07:21:52.928Z
sensor.air_quality_monitor_temperature_scd41,24.4408416748047,2026-08-22T07:22:02.930Z
sensor.air_quality_monitor_temperature_scd41,24.4221496582031,2026-08-22T07:22:12.935Z
sensor.air_quality_monitor_temperature_scd41,24.4328308105469,2026-08-22T07:22:22.941Z
sensor.air_quality_monitor_temperature_scd41,24.4408416748047,2026-08-22T07:22:32.951Z
sensor.air_quality_monitor_temperature_scd41,24.4301605224609,2026-08-22T07:22:42.958Z
sensor.air_quality_monitor_temperature_scd41,24.4408416748047,2026-08-22T07:22:52.960Z
sensor.air_quality_monitor_temperature_scd41,24.4435119628906,2026-08-22T07:23:12.963Z
sensor.air_quality_monitor_temperature_scd41,24.4248199462891,2026-08-22T07:23:22.966Z
sensor.air_quality_monitor_temperature_scd41,24.4194793701172,2026-08-22T07:23:32.969Z
sensor.air_quality_monitor_temperature_scd41,24.4168090820312,2026-08-22T07:23:42.972Z
sensor.air_quality_monitor_temperature_scd41,24.4221496582031,2026-08-22T07:23:52.980Z
sensor.air_quality_monitor_temperature_scd41,24.4114685058594,2026-08-22T07:24:02.981Z
sensor.air_quality_monitor_temperature_scd41,24.427490234375,2026-08-22T07:24:12.990Z
sensor.air_quality_monitor_temperature_scd41,24.4381713867188,2026-08-22T07:24:22.984Z
sensor.air_quality_monitor_temperature_scd41,24.4248199462891,2026-08-22T07:24:32.992Z
sensor.air_quality_monitor_temperature_scd41,24.4114685058594,2026-08-22T07:24:42.993Z
sensor.air_quality_monitor_temperature_scd41,24.3981170654297,2026-08-22T07:24:53.002Z
sensor.air_quality_monitor_temperature_scd41,24.4301605224609,2026-08-22T07:25:03.002Z
sensor.air_quality_monitor_temperature_scd41,24.4007873535156,2026-08-22T07:25:13.006Z
sensor.air_quality_monitor_temperature_scd41,24.3927764892578,2026-08-22T07:25:23.013Z
sensor.air_quality_monitor_temperature_scd41,24.427490234375,2026-08-22T07:25:33.020Z
sensor.air_quality_monitor_temperature_scd41,24.4141387939453,2026-08-22T07:25:43.023Z
sensor.air_quality_monitor_temperature_scd41,24.4168090820312,2026-08-22T07:25:53.025Z
sensor.air_quality_monitor_temperature_scd41,24.4034576416016,2026-08-22T07:26:03.026Z
sensor.air_quality_monitor_temperature_scd41,24.4141387939453,2026-08-22T07:26:23.030Z
sensor.air_quality_monitor_temperature_scd41,24.3927764892578,2026-08-22T07:26:33.038Z
sensor.air_quality_monitor_temperature_scd41,24.3981170654297,2026-08-22T07:26:43.046Z
sensor.air_quality_monitor_temperature_scd41,24.4034576416016,2026-08-22T07:26:53.051Z
sensor.air_quality_monitor_temperature_scd41,24.4061279296875,2026-08-22T07:27:03.052Z
sensor.air_quality_monitor_temperature_scd41,24.4034576416016,2026-08-22T07:27:13.056Z
sensor.air_quality_monitor_temperature_scd41,24.4194793701172,2026-08-22T07:27:23.061Z
sensor.air_quality_monitor_temperature_scd41,24.3981170654297,2026-08-22T07:27:33.051Z
sensor.air_quality_monitor_temperature_scd41,24.3767547607422,2026-08-22T07:27:43.054Z
sensor.air_quality_monitor_temperature_scd41,24.4114685058594,2026-08-22T07:27:53.075Z
sensor.air_quality_monitor_temperature_scd41,24.4194793701172,2026-08-22T07:28:03.078Z
sensor.air_quality_monitor_temperature_scd41,24.4061279296875,2026-08-22T07:28:23.081Z
sensor.air_quality_monitor_temperature_scd41,24.3687438964844,2026-08-22T07:28:33.088Z
sensor.air_quality_monitor_temperature_scd41,24.3901062011719,2026-08-22T07:28:43.089Z
sensor.air_quality_monitor_temperature_scd41,24.3954467773438,2026-08-22T07:28:53.095Z
sensor.air_quality_monitor_temperature_scd41,24.4007873535156,2026-08-22T07:29:03.101Z
sensor.air_quality_monitor_temperature_scd41,24.4034576416016,2026-08-22T07:29:13.107Z
sensor.air_quality_monitor_temperature_scd41,24.4061279296875,2026-08-22T07:29:23.107Z
sensor.air_quality_monitor_temperature_scd41,24.3927764892578,2026-08-22T07:29:33.101Z
sensor.air_quality_monitor_temperature_scd41,24.3794250488281,2026-08-22T07:29:53.116Z
sensor.air_quality_monitor_temperature_scd41,24.4087982177734,2026-08-22T07:30:03.122Z
sensor.air_quality_monitor_temperature_scd41,24.4328308105469,2026-08-22T07:30:13.130Z
sensor.air_quality_monitor_temperature_scd41,24.4221496582031,2026-08-22T07:30:23.126Z
sensor.air_quality_monitor_temperature_scd41,24.4061279296875,2026-08-22T07:30:33.119Z
sensor.air_quality_monitor_temperature_scd41,24.4087982177734,2026-08-22T07:30:43.139Z
sensor.air_quality_monitor_temperature_scd41,24.4034576416016,2026-08-22T07:30:53.144Z
sensor.air_quality_monitor_temperature_scd41,24.4194793701172,2026-08-22T07:31:13.147Z
sensor.air_quality_monitor_temperature_scd41,24.3954467773438,2026-08-22T07:31:23.147Z
sensor.air_quality_monitor_temperature_scd41,24.4034576416016,2026-08-22T07:31:33.141Z
sensor.air_quality_monitor_temperature_scd41,24.4168090820312,2026-08-22T07:31:43.161Z
sensor.air_quality_monitor_temperature_scd41,24.3981170654297,2026-08-22T07:31:53.163Z
sensor.air_quality_monitor_temperature_scd41,24.4034576416016,2026-08-22T07:32:03.164Z
sensor.air_quality_monitor_temperature_scd41,24.3927764892578,2026-08-22T07:32:13.165Z
sensor.air_quality_monitor_temperature_scd41,24.4141387939453,2026-08-22T07:32:23.164Z
sensor.air_quality_monitor_temperature_scd41,24.4087982177734,2026-08-22T07:32:33.152Z
sensor.air_quality_monitor_temperature_scd41,24.4034576416016,2026-08-22T07:32:43.168Z
sensor.air_quality_monitor_temperature_scd41,24.3927764892578,2026-08-22T07:32:53.169Z
sensor.air_quality_monitor_temperature_scd41,24.4061279296875,2026-08-22T07:33:03.169Z
sensor.air_quality_monitor_temperature_scd41,24.4114685058594,2026-08-22T07:33:13.172Z
sensor.air_quality_monitor_temperature_scd41,24.3954467773438,2026-08-22T07:33:23.179Z
sensor.air_quality_monitor_temperature_scd41,24.4007873535156,2026-08-22T07:33:33.170Z
sensor.air_quality_monitor_temperature_scd41,24.4034576416016,2026-08-22T07:33:43.188Z
sensor.air_quality_monitor_temperature_scd41,24.4194793701172,2026-08-22T07:33:53.194Z
sensor.air_quality_monitor_temperature_scd41,24.4221496582031,2026-08-22T07:34:03.196Z
sensor.air_quality_monitor_temperature_scd41,24.4087982177734,2026-08-22T07:34:13.197Z
sensor.air_quality_monitor_temperature_scd41,24.3874359130859,2026-08-22T07:34:23.199Z
sensor.air_quality_monitor_temperature_scd41,24.4007873535156,2026-08-22T07:34:33.208Z
sensor.air_quality_monitor_temperature_scd41,24.4168090820312,2026-08-22T07:34:43.209Z
sensor.air_quality_monitor_temperature_scd41,24.4061279296875,2026-08-22T07:34:53.215Z
sensor.air_quality_monitor_temperature_scd41,24.4007873535156,2026-08-22T07:35:03.219Z
sensor.air_quality_monitor_temperature_scd41,24.4114685058594,2026-08-22T07:35:13.221Z
sensor.air_quality_monitor_temperature_scd41,24.3927764892578,2026-08-22T07:35:23.222Z
sensor.air_quality_monitor_temperature_scd41,24.4034576416016,2026-08-22T07:35:33.229Z
sensor.air_quality_monitor_temperature_scd41,24.4087982177734,2026-08-22T07:35:43.237Z
sensor.air_quality_monitor_temperature_scd41,24.3927764892578,2026-08-22T07:35:53.238Z
sensor.air_quality_monitor_temperature_scd41,24.3954467773438,2026-08-22T07:36:03.241Z
sensor.air_quality_monitor_temperature_scd41,24.4034576416016,2026-08-22T07:36:13.246Z
sensor.air_quality_monitor_temperature_scd41,24.4007873535156,2026-08-22T07:36:23.247Z
sensor.air_quality_monitor_temperature_scd41,24.3874359130859,2026-08-22T07:36:33.259Z
sensor.air_quality_monitor_temperature_scd41,24.4034576416016,2026-08-22T07:36:43.260Z
sensor.air_quality_monitor_temperature_scd41,24.3927764892578,2026-08-22T07:36:53.265Z
sensor.air_quality_monitor_temperature_scd41,24.4034576416016,2026-08-22T07:37:13.270Z
sensor.air_quality_monitor_temperature_scd41,24.3820953369141,2026-08-22T07:37:23.274Z
sensor.air_quality_monitor_temperature_scd41,24.4034576416016,2026-08-22T07:37:33.265Z
sensor.air_quality_monitor_temperature_scd41,24.3954467773438,2026-08-22T07:37:43.288Z
sensor.air_quality_monitor_temperature_scd41,24.4007873535156,2026-08-22T07:37:53.290Z
sensor.air_quality_monitor_temperature_scd41,24.4114685058594,2026-08-22T07:38:03.295Z
sensor.air_quality_monitor_temperature_scd41,24.3981170654297,2026-08-22T07:38:13.300Z
sensor.air_quality_monitor_temperature_scd41,24.4141387939453,2026-08-22T07:38:23.304Z
sensor.air_quality_monitor_temperature_scd41,24.3981170654297,2026-08-22T07:38:33.306Z
sensor.air_quality_monitor_temperature_scd41,24.4061279296875,2026-08-22T07:38:43.319Z
sensor.air_quality_monitor_temperature_scd41,24.4248199462891,2026-08-22T07:38:53.317Z
sensor.air_quality_monitor_temperature_scd41,24.4194793701172,2026-08-22T07:39:03.322Z
sensor.air_quality_monitor_temperature_scd41,24.4061279296875,2026-08-22T07:39:13.329Z
sensor.air_quality_monitor_temperature_scd41,24.4328308105469,2026-08-22T07:39:23.334Z
sensor.air_quality_monitor_temperature_scd41,24.4061279296875,2026-08-22T07:39:33.342Z
sensor.air_quality_monitor_temperature_scd41,24.4221496582031,2026-08-22T07:39:43.342Z
sensor.air_quality_monitor_temperature_scd41,24.4328308105469,2026-08-22T07:39:53.351Z
sensor.air_quality_monitor_temperature_scd41,24.4301605224609,2026-08-22T07:40:03.351Z
sensor.air_quality_monitor_temperature_scd41,24.4034576416016,2026-08-22T07:40:13.355Z
sensor.air_quality_monitor_temperature_scd41,24.4408416748047,2026-08-22T07:40:23.363Z
sensor.air_quality_monitor_temperature_scd41,24.4221496582031,2026-08-22T07:40:43.367Z
sensor.air_quality_monitor_temperature_scd41,24.4408416748047,2026-08-22T07:40:53.375Z
sensor.air_quality_monitor_temperature_scd41,24.4595336914062,2026-08-22T07:41:03.376Z
sensor.air_quality_monitor_temperature_scd41,24.4408416748047,2026-08-22T07:41:13.379Z
sensor.air_quality_monitor_temperature_scd41,24.4568634033203,2026-08-22T07:41:23.395Z
sensor.air_quality_monitor_temperature_scd41,24.4408416748047,2026-08-22T07:41:33.403Z
sensor.air_quality_monitor_temperature_scd41,24.4568634033203,2026-08-22T07:41:43.402Z
sensor.air_quality_monitor_temperature_scd41,24.4728851318359,2026-08-22T07:41:53.407Z
sensor.air_quality_monitor_temperature_scd41,24.4515228271484,2026-08-22T07:42:03.408Z
sensor.air_quality_monitor_temperature_scd41,24.4488525390625,2026-08-22T07:42:23.411Z
sensor.air_quality_monitor_temperature_scd41,24.4541931152344,2026-08-22T07:42:33.420Z
sensor.air_quality_monitor_temperature_scd41,24.4301605224609,2026-08-22T07:42:43.421Z
sensor.air_quality_monitor_temperature_scd41,24.4622039794922,2026-08-22T07:42:53.424Z
sensor.air_quality_monitor_temperature_scd41,24.4515228271484,2026-08-22T07:43:03.425Z
sensor.air_quality_monitor_temperature_scd41,24.4488525390625,2026-08-22T07:43:23.431Z
sensor.air_quality_monitor_temperature_scd41,24.4568634033203,2026-08-22T07:43:33.440Z
sensor.air_quality_monitor_temperature_scd41,24.4461822509766,2026-08-22T07:43:43.443Z
sensor.air_quality_monitor_temperature_scd41,24.4381713867188,2026-08-22T07:43:53.447Z
sensor.air_quality_monitor_temperature_scd41,24.4541931152344,2026-08-22T07:44:03.449Z
sensor.air_quality_monitor_temperature_scd41,24.4328308105469,2026-08-22T07:44:13.453Z
sensor.air_quality_monitor_temperature_scd41,24.4648742675781,2026-08-22T07:44:23.458Z
sensor.air_quality_monitor_temperature_scd41,24.4622039794922,2026-08-22T07:44:43.472Z
sensor.air_quality_monitor_temperature_scd41,24.4595336914062,2026-08-22T07:44:53.477Z
sensor.air_quality_monitor_temperature_scd41,24.4568634033203,2026-08-22T07:45:03.478Z
sensor.air_quality_monitor_temperature_scd41,24.4675445556641,2026-08-22T07:45:13.486Z
sensor.air_quality_monitor_temperature_scd41,24.4595336914062,2026-08-22T07:45:23.489Z
sensor.air_quality_monitor_temperature_scd41,24.4568634033203,2026-08-22T07:45:33.498Z
sensor.air_quality_monitor_temperature_scd41,24.4595336914062,2026-08-22T07:45:43.502Z
sensor.air_quality_monitor_temperature_scd41,24.4675445556641,2026-08-22T07:45:53.508Z
sensor.air_quality_monitor_temperature_scd41,24.4595336914062,2026-08-22T07:46:03.510Z
sensor.air_quality_monitor_temperature_scd41,24.4568634033203,2026-08-22T07:46:13.513Z
sensor.air_quality_monitor_temperature_scd41,24.4515228271484,2026-08-22T07:46:23.517Z
sensor.air_quality_monitor_temperature_scd41,24.4568634033203,2026-08-22T07:46:33.522Z
sensor.air_quality_monitor_temperature_scd41,24.4515228271484,2026-08-22T07:46:43.523Z
sensor.air_quality_monitor_temperature_scd41,24.4835662841797,2026-08-22T07:46:53.525Z
sensor.air_quality_monitor_temperature_scd41,24.4461822509766,2026-08-22T07:47:03.529Z
sensor.air_quality_monitor_temperature_scd41,24.4595336914062,2026-08-22T07:47:13.534Z
sensor.air_quality_monitor_temperature_scd41,24.4568634033203,2026-08-22T07:47:23.539Z
sensor.air_quality_monitor_temperature_scd41,24.4461822509766,2026-08-22T07:47:33.543Z
sensor.air_quality_monitor_temperature_scd41,24.4622039794922,2026-08-22T07:47:43.548Z
sensor.air_quality_monitor_temperature_scd41,24.4461822509766,2026-08-22T07:47:53.552Z
sensor.air_quality_monitor_temperature_scd41,24.4381713867188,2026-08-22T07:48:03.554Z
sensor.air_quality_monitor_temperature_scd41,24.4461822509766,2026-08-22T07:48:13.555Z
sensor.air_quality_monitor_temperature_scd41,24.4435119628906,2026-08-22T07:48:33.563Z
sensor.air_quality_monitor_temperature_scd41,24.4541931152344,2026-08-22T07:48:43.565Z
sensor.air_quality_monitor_temperature_scd41,24.4595336914062,2026-08-22T07:48:53.571Z
sensor.air_quality_monitor_temperature_scd41,24.4648742675781,2026-08-22T07:49:03.572Z
sensor.air_quality_monitor_temperature_scd41,24.4488525390625,2026-08-22T07:49:13.572Z
sensor.air_quality_monitor_temperature_scd41,24.4568634033203,2026-08-22T07:49:23.573Z
sensor.air_quality_monitor_temperature_scd41,24.4435119628906,2026-08-22T07:49:33.578Z
sensor.air_quality_monitor_temperature_scd41,24.4408416748047,2026-08-22T07:49:43.580Z
sensor.air_quality_monitor_temperature_scd41,24.4568634033203,2026-08-22T07:49:53.591Z
sensor.air_quality_monitor_temperature_scd41,24.4328308105469,2026-08-22T07:50:03.598Z
sensor.air_quality_monitor_temperature_scd41,24.4301605224609,2026-08-22T07:50:13.603Z
sensor.air_quality_monitor_temperature_scd41,24.4328308105469,2026-08-22T07:50:23.601Z
sensor.air_quality_monitor_temperature_scd41,24.4435119628906,2026-08-22T07:50:33.612Z
sensor.air_quality_monitor_temperature_scd41,24.4328308105469,2026-08-22T07:50:43.610Z
sensor.air_quality_monitor_temperature_scd41,24.4408416748047,2026-08-22T07:50:53.615Z
sensor.air_quality_monitor_temperature_scd41,24.4194793701172,2026-08-22T07:51:03.616Z
sensor.air_quality_monitor_temperature_scd41,24.4248199462891,2026-08-22T07:51:13.617Z
sensor.air_quality_monitor_temperature_scd41,24.4355010986328,2026-08-22T07:51:23.624Z
sensor.air_quality_monitor_temperature_scd41,24.4435119628906,2026-08-22T07:51:33.610Z
sensor.air_quality_monitor_temperature_scd41,24.4408416748047,2026-08-22T07:51:43.624Z
sensor.air_quality_monitor_temperature_scd41,24.4114685058594,2026-08-22T07:51:53.634Z
sensor.air_quality_monitor_temperature_scd41,24.4301605224609,2026-08-22T07:52:03.642Z
sensor.air_quality_monitor_temperature_scd41,24.4461822509766,2026-08-22T07:52:23.647Z
sensor.air_quality_monitor_temperature_scd41,24.4301605224609,2026-08-22T07:52:33.652Z
sensor.air_quality_monitor_temperature_scd41,24.4248199462891,2026-08-22T07:52:53.662Z
sensor.air_quality_monitor_temperature_scd41,24.4034576416016,2026-08-22T07:53:03.664Z
sensor.air_quality_monitor_temperature_scd41,24.4221496582031,2026-08-22T07:53:13.668Z
sensor.air_quality_monitor_temperature_scd41,24.4328308105469,2026-08-22T07:53:23.672Z
sensor.air_quality_monitor_temperature_scd41,24.4221496582031,2026-08-22T07:53:33.677Z
sensor.air_quality_monitor_temperature_scd41,24.4114685058594,2026-08-22T07:53:43.687Z
sensor.air_quality_monitor_temperature_scd41,24.4034576416016,2026-08-22T07:53:53.691Z
sensor.air_quality_monitor_temperature_scd41,24.4114685058594,2026-08-22T07:54:13.695Z
sensor.air_quality_monitor_temperature_scd41,24.4087982177734,2026-08-22T07:54:23.698Z
sensor.air_quality_monitor_temperature_scd41,24.4034576416016,2026-08-22T07:54:33.703Z
sensor.air_quality_monitor_temperature_scd41,24.4007873535156,2026-08-22T07:54:43.709Z
sensor.air_quality_monitor_temperature_scd41,24.4087982177734,2026-08-22T07:54:53.711Z
sensor.air_quality_monitor_temperature_scd41,24.3954467773438,2026-08-22T07:55:03.714Z
sensor.air_quality_monitor_temperature_scd41,24.4034576416016,2026-08-22T07:55:33.722Z
sensor.air_quality_monitor_temperature_scd41,24.3927764892578,2026-08-22T07:55:43.721Z
sensor.air_quality_monitor_temperature_scd41,24.3714141845703,2026-08-22T07:55:53.724Z
sensor.air_quality_monitor_temperature_scd41,24.3820953369141,2026-08-22T07:56:03.730Z
sensor.air_quality_monitor_temperature_scd41,24.3954467773438,2026-08-22T07:56:13.733Z
sensor.air_quality_monitor_temperature_scd41,24.3820953369141,2026-08-22T07:56:23.737Z
sensor.air_quality_monitor_temperature_scd41,24.3794250488281,2026-08-22T07:56:33.741Z
sensor.air_quality_monitor_temperature_scd41,24.3767547607422,2026-08-22T07:56:43.743Z
sensor.air_quality_monitor_temperature_scd41,24.3393707275391,2026-08-22T07:57:23.748Z
sensor.air_quality_monitor_temperature_scd41,24.3820953369141,2026-08-22T07:57:33.752Z
sensor.air_quality_monitor_temperature_scd41,24.3714141845703,2026-08-22T07:57:43.751Z
sensor.air_quality_monitor_temperature_scd41,24.3687438964844,2026-08-22T07:57:53.758Z
sensor.air_quality_monitor_temperature_scd41,24.3527221679688,2026-08-22T07:58:13.768Z
sensor.air_quality_monitor_temperature_scd41,24.3500518798828,2026-08-22T07:58:23.772Z
sensor.air_quality_monitor_temperature_scd41,24.3660736083984,2026-08-22T07:58:33.778Z
sensor.air_quality_monitor_temperature_scd41,24.3500518798828,2026-08-22T07:58:43.782Z
sensor.air_quality_monitor_temperature_scd41,24.3367004394531,2026-08-22T07:58:53.780Z
sensor.air_quality_monitor_temperature_scd41,24.3340301513672,2026-08-22T07:59:03.783Z
sensor.air_quality_monitor_temperature_scd41,24.3393707275391,2026-08-22T07:59:13.786Z
sensor.air_quality_monitor_temperature_scd41,24.3527221679688,2026-08-22T07:59:23.791Z
sensor.air_quality_monitor_temperature_scd41,24.3473815917969,2026-08-22T07:59:33.796Z
sensor.air_quality_monitor_temperature_scd41,24.3367004394531,2026-08-22T07:59:43.798Z
sensor.air_quality_monitor_temperature_scd41,24.3313598632812,2026-08-22T08:00:03.804Z
sensor.air_quality_monitor_temperature_scd41,24.3340301513672,2026-08-22T08:00:13.810Z
sensor.air_quality_monitor_temperature_scd41,24.3447113037109,2026-08-22T08:00:23.815Z
sensor.air_quality_monitor_temperature_scd41,24.3286895751953,2026-08-22T08:00:43.832Z
sensor.air_quality_monitor_temperature_scd41,24.3367004394531,2026-08-22T08:00:53.827Z
sensor.air_quality_monitor_temperature_scd41,24.3286895751953,2026-08-22T08:01:03.831Z
sensor.air_quality_monitor_temperature_scd41,24.342041015625,2026-08-22T08:01:13.836Z
sensor.air_quality_monitor_temperature_scd41,24.3180084228516,2026-08-22T08:01:23.841Z
sensor.air_quality_monitor_temperature_scd41,24.3019866943359,2026-08-22T08:01:43.850Z
sensor.air_quality_monitor_temperature_scd41,24.2966461181641,2026-08-22T08:01:53.852Z
sensor.air_quality_monitor_temperature_scd41,24.3019866943359,2026-08-22T08:02:03.853Z
sensor.air_quality_monitor_temperature_scd41,24.3180084228516,2026-08-22T08:02:13.855Z
sensor.air_quality_monitor_temperature_scd41,24.3233489990234,2026-08-22T08:02:23.858Z
sensor.air_quality_monitor_temperature_scd41,24.29931640625,2026-08-22T08:02:33.862Z
sensor.air_quality_monitor_temperature_scd41,24.3099975585938,2026-08-22T08:02:43.862Z
sensor.air_quality_monitor_temperature_scd41,24.3233489990234,2026-08-22T08:02:53.867Z
sensor.air_quality_monitor_temperature_scd41,24.2913055419922,2026-08-22T08:03:03.868Z
sensor.air_quality_monitor_temperature_scd41,24.2806243896484,2026-08-22T08:03:13.874Z
sensor.air_quality_monitor_temperature_scd41,24.3019866943359,2026-08-22T08:03:23.879Z
sensor.air_quality_monitor_temperature_scd41,24.29931640625,2026-08-22T08:03:33.885Z
sensor.air_quality_monitor_temperature_scd41,24.2913055419922,2026-08-22T08:03:43.887Z
sensor.air_quality_monitor_temperature_scd41,24.3019866943359,2026-08-22T08:03:53.892Z
sensor.air_quality_monitor_temperature_scd41,24.2886352539062,2026-08-22T08:04:03.896Z
sensor.air_quality_monitor_temperature_scd41,24.2832946777344,2026-08-22T08:04:13.900Z
sensor.air_quality_monitor_temperature_scd41,24.29931640625,2026-08-22T08:04:23.901Z
sensor.air_quality_monitor_temperature_scd41,24.2726135253906,2026-08-22T08:04:33.906Z
sensor.air_quality_monitor_temperature_scd41,24.2779541015625,2026-08-22T08:04:43.912Z
sensor.air_quality_monitor_temperature_scd41,24.2646026611328,2026-08-22T08:04:53.911Z
sensor.air_quality_monitor_temperature_scd41,24.2779541015625,2026-08-22T08:05:03.918Z
sensor.air_quality_monitor_temperature_scd41,24.2646026611328,2026-08-22T08:05:13.917Z
sensor.air_quality_monitor_temperature_scd41,24.3019866943359,2026-08-22T08:05:23.923Z
sensor.air_quality_monitor_temperature_scd41,24.2619323730469,2026-08-22T08:05:33.926Z
sensor.air_quality_monitor_temperature_scd41,24.2646026611328,2026-08-22T08:05:43.932Z
sensor.air_quality_monitor_temperature_scd41,24.2726135253906,2026-08-22T08:05:53.929Z
sensor.air_quality_monitor_temperature_scd41,24.2752838134766,2026-08-22T08:06:03.937Z
sensor.air_quality_monitor_temperature_scd41,24.2832946777344,2026-08-22T08:06:13.939Z
sensor.air_quality_monitor_temperature_scd41,24.2646026611328,2026-08-22T08:06:23.943Z
sensor.air_quality_monitor_temperature_scd41,24.2539215087891,2026-08-22T08:06:33.952Z
sensor.air_quality_monitor_temperature_scd41,24.2646026611328,2026-08-22T08:06:53.958Z
sensor.air_quality_monitor_temperature_scd41,24.2752838134766,2026-08-22T08:07:03.962Z
sensor.air_quality_monitor_temperature_scd41,24.2459106445312,2026-08-22T08:07:13.964Z
sensor.air_quality_monitor_temperature_scd41,24.2405700683594,2026-08-22T08:07:23.966Z
sensor.air_quality_monitor_temperature_scd41,24.2378997802734,2026-08-22T08:07:33.969Z
sensor.air_quality_monitor_temperature_scd41,24.2592620849609,2026-08-22T08:07:43.968Z
sensor.air_quality_monitor_temperature_scd41,24.2325592041016,2026-08-22T08:07:53.971Z
sensor.air_quality_monitor_temperature_scd41,24.2378997802734,2026-08-22T08:08:03.974Z
sensor.air_quality_monitor_temperature_scd41,24.256591796875,2026-08-22T08:08:13.978Z
sensor.air_quality_monitor_temperature_scd41,24.2539215087891,2026-08-22T08:08:23.984Z
sensor.air_quality_monitor_temperature_scd41,24.2272186279297,2026-08-22T08:08:33.989Z
sensor.air_quality_monitor_temperature_scd41,24.2459106445312,2026-08-22T08:08:43.989Z
sensor.air_quality_monitor_temperature_scd41,24.2352294921875,2026-08-22T08:09:03.996Z
sensor.air_quality_monitor_temperature_scd41,24.2672729492188,2026-08-22T08:09:14.002Z
sensor.air_quality_monitor_temperature_scd41,24.256591796875,2026-08-22T08:09:24.005Z
sensor.air_quality_monitor_temperature_scd41,24.2378997802734,2026-08-22T08:09:34.008Z
sensor.air_quality_monitor_temperature_scd41,24.2298889160156,2026-08-22T08:09:44.013Z
sensor.air_quality_monitor_temperature_scd41,24.2485809326172,2026-08-22T08:09:54.017Z
sensor.air_quality_monitor_temperature_scd41,24.2378997802734,2026-08-22T08:10:04.019Z
sensor.air_quality_monitor_temperature_scd41,24.2405700683594,2026-08-22T08:10:14.022Z
sensor.air_quality_monitor_temperature_scd41,24.2378997802734,2026-08-22T08:10:24.027Z
sensor.air_quality_monitor_temperature_scd41,24.2298889160156,2026-08-22T08:10:34.035Z
sensor.air_quality_monitor_temperature_scd41,24.2031860351562,2026-08-22T08:10:44.032Z
sensor.air_quality_monitor_temperature_scd41,24.2352294921875,2026-08-22T08:10:54.036Z
sensor.air_quality_monitor_temperature_scd41,24.2325592041016,2026-08-22T08:11:04.042Z
sensor.air_quality_monitor_temperature_scd41,24.2539215087891,2026-08-22T08:11:14.046Z
sensor.air_quality_monitor_temperature_scd41,24.2165374755859,2026-08-22T08:11:24.047Z
sensor.air_quality_monitor_temperature_scd41,24.2111968994141,2026-08-22T08:11:34.051Z
sensor.air_quality_monitor_temperature_scd41,24.2005157470703,2026-08-22T08:11:44.054Z
sensor.air_quality_monitor_temperature_scd41,24.2111968994141,2026-08-22T08:11:54.056Z
sensor.air_quality_monitor_temperature_scd41,24.2031860351562,2026-08-22T08:12:04.060Z
sensor.air_quality_monitor_temperature_scd41,24.2165374755859,2026-08-22T08:12:14.065Z
sensor.air_quality_monitor_temperature_scd41,24.2111968994141,2026-08-22T08:12:34.074Z
sensor.air_quality_monitor_temperature_scd41,24.2058563232422,2026-08-22T08:12:44.076Z
sensor.air_quality_monitor_temperature_scd41,24.2298889160156,2026-08-22T08:12:54.079Z
sensor.air_quality_monitor_temperature_scd41,24.2325592041016,2026-08-22T08:13:04.080Z
sensor.air_quality_monitor_temperature_scd41,24.2165374755859,2026-08-22T08:13:14.085Z
sensor.air_quality_monitor_temperature_scd41,24.2085266113281,2026-08-22T08:13:24.083Z
sensor.air_quality_monitor_temperature_scd41,24.2031860351562,2026-08-22T08:13:34.087Z
sensor.air_quality_monitor_temperature_scd41,24.2085266113281,2026-08-22T08:13:44.092Z
sensor.air_quality_monitor_temperature_scd41,24.2031860351562,2026-08-22T08:13:54.100Z
sensor.air_quality_monitor_temperature_scd41,24.1898345947266,2026-08-22T08:14:04.101Z
sensor.air_quality_monitor_temperature_scd41,24.2165374755859,2026-08-22T08:14:14.102Z
sensor.air_quality_monitor_temperature_scd41,24.1978454589844,2026-08-22T08:14:24.103Z
sensor.air_quality_monitor_temperature_scd41,24.2111968994141,2026-08-22T08:14:34.107Z
sensor.air_quality_monitor_temperature_scd41,24.2005157470703,2026-08-22T08:14:44.111Z
sensor.air_quality_monitor_temperature_scd41,24.1818237304688,2026-08-22T08:14:54.116Z
sensor.air_quality_monitor_temperature_scd41,24.2058563232422,2026-08-22T08:15:04.118Z
sensor.air_quality_monitor_temperature_scd41,24.1978454589844,2026-08-22T08:15:14.122Z
sensor.air_quality_monitor_temperature_scd41,24.2298889160156,2026-08-22T08:15:24.134Z
sensor.air_quality_monitor_temperature_scd41,24.2192077636719,2026-08-22T08:15:34.132Z
sensor.air_quality_monitor_temperature_scd41,24.2165374755859,2026-08-22T08:15:44.136Z
sensor.air_quality_monitor_temperature_scd41,24.2005157470703,2026-08-22T08:15:54.137Z
sensor.air_quality_monitor_temperature_scd41,24.2165374755859,2026-08-22T08:16:04.138Z
sensor.air_quality_monitor_temperature_scd41,24.2058563232422,2026-08-22T08:16:14.142Z
sensor.air_quality_monitor_temperature_scd41,24.2138671875,2026-08-22T08:16:24.148Z
sensor.air_quality_monitor_temperature_scd41,24.1951751708984,2026-08-22T08:16:34.161Z
sensor.air_quality_monitor_temperature_scd41,24.2245483398438,2026-08-22T08:16:44.161Z
sensor.air_quality_monitor_temperature_scd41,24.2165374755859,2026-08-22T08:16:54.165Z
sensor.air_quality_monitor_temperature_scd41,24.2325592041016,2026-08-22T08:17:24.169Z
sensor.air_quality_monitor_temperature_scd41,24.2272186279297,2026-08-22T08:17:34.183Z
sensor.air_quality_monitor_temperature_scd41,24.2378997802734,2026-08-22T08:17:44.173Z
sensor.air_quality_monitor_temperature_scd41,24.2165374755859,2026-08-22T08:17:54.175Z
sensor.air_quality_monitor_temperature_scd41,24.2192077636719,2026-08-22T08:18:04.179Z
sensor.air_quality_monitor_temperature_scd41,24.2272186279297,2026-08-22T08:18:34.190Z
sensor.air_quality_monitor_temperature_scd41,24.2218780517578,2026-08-22T08:18:44.191Z
sensor.air_quality_monitor_temperature_scd41,24.2111968994141,2026-08-22T08:18:54.195Z
sensor.air_quality_monitor_temperature_scd41,24.2298889160156,2026-08-22T08:19:04.198Z
sensor.air_quality_monitor_temperature_scd41,24.2272186279297,2026-08-22T08:19:14.199Z
sensor.air_quality_monitor_temperature_scd41,24.2432403564453,2026-08-22T08:19:24.204Z
sensor.air_quality_monitor_temperature_scd41,24.2298889160156,2026-08-22T08:19:34.211Z
sensor.air_quality_monitor_temperature_scd41,24.2245483398438,2026-08-22T08:20:04.223Z
sensor.air_quality_monitor_temperature_scd41,24.2298889160156,2026-08-22T08:20:14.223Z
sensor.air_quality_monitor_temperature_scd41,24.2378997802734,2026-08-22T08:20:24.226Z
sensor.air_quality_monitor_temperature_scd41,24.2165374755859,2026-08-22T08:20:44.239Z
sensor.air_quality_monitor_temperature_scd41,24.2325592041016,2026-08-22T08:20:54.240Z
sensor.air_quality_monitor_temperature_scd41,24.2352294921875,2026-08-22T08:21:04.244Z
sensor.air_quality_monitor_temperature_scd41,24.2218780517578,2026-08-22T08:21:14.251Z
sensor.air_quality_monitor_temperature_scd41,24.2405700683594,2026-08-22T08:21:24.250Z
sensor.air_quality_monitor_temperature_scd41,24.2218780517578,2026-08-22T08:21:34.257Z
sensor.air_quality_monitor_temperature_scd41,24.2111968994141,2026-08-22T08:21:54.259Z
sensor.air_quality_monitor_temperature_scd41,24.2165374755859,2026-08-22T08:22:04.264Z
sensor.air_quality_monitor_temperature_scd41,24.2272186279297,2026-08-22T08:22:14.270Z
sensor.air_quality_monitor_temperature_scd41,24.2005157470703,2026-08-22T08:22:24.269Z
sensor.air_quality_monitor_temperature_scd41,24.2325592041016,2026-08-22T08:22:34.276Z
sensor.air_quality_monitor_temperature_scd41,24.2245483398438,2026-08-22T08:22:44.275Z
sensor.air_quality_monitor_temperature_scd41,24.2459106445312,2026-08-22T08:22:54.281Z
sensor.air_quality_monitor_temperature_scd41,24.2378997802734,2026-08-22T08:23:04.285Z
sensor.air_quality_monitor_temperature_scd41,24.2165374755859,2026-08-22T08:23:14.286Z
sensor.air_quality_monitor_temperature_scd41,24.2192077636719,2026-08-22T08:23:44.296Z
sensor.air_quality_monitor_temperature_scd41,24.2111968994141,2026-08-22T08:23:54.299Z
sensor.air_quality_monitor_temperature_scd41,24.2218780517578,2026-08-22T08:24:04.301Z
sensor.air_quality_monitor_temperature_scd41,24.2352294921875,2026-08-22T08:24:14.305Z
sensor.air_quality_monitor_temperature_scd41,24.2138671875,2026-08-22T08:24:24.310Z
sensor.air_quality_monitor_temperature_scd41,24.2192077636719,2026-08-22T08:24:34.304Z
sensor.air_quality_monitor_temperature_scd41,24.2138671875,2026-08-22T08:24:54.322Z
sensor.air_quality_monitor_temperature_scd41,24.2272186279297,2026-08-22T08:25:04.327Z
sensor.air_quality_monitor_temperature_scd41,24.2165374755859,2026-08-22T08:25:14.333Z
sensor.air_quality_monitor_temperature_scd41,24.1951751708984,2026-08-22T08:25:24.337Z
sensor.air_quality_monitor_temperature_scd41,24.2058563232422,2026-08-22T08:25:34.329Z
sensor.air_quality_monitor_temperature_scd41,24.2031860351562,2026-08-22T08:25:44.347Z
sensor.air_quality_monitor_temperature_scd41,24.2005157470703,2026-08-22T08:25:54.351Z
sensor.air_quality_monitor_temperature_scd41,24.2031860351562,2026-08-22T08:26:04.352Z
sensor.air_quality_monitor_temperature_scd41,24.2111968994141,2026-08-22T08:26:14.353Z
sensor.air_quality_monitor_temperature_scd41,24.1951751708984,2026-08-22T08:26:34.360Z
sensor.air_quality_monitor_temperature_scd41,24.2058563232422,2026-08-22T08:26:44.362Z
sensor.air_quality_monitor_temperature_scd41,24.2165374755859,2026-08-22T08:26:54.368Z
sensor.air_quality_monitor_temperature_scd41,24.2005157470703,2026-08-22T08:27:04.372Z
sensor.air_quality_monitor_temperature_scd41,24.2138671875,2026-08-22T08:27:24.377Z
sensor.air_quality_monitor_temperature_scd41,24.2192077636719,2026-08-22T08:27:34.383Z
sensor.air_quality_monitor_temperature_scd41,24.2058563232422,2026-08-22T08:27:44.388Z
sensor.air_quality_monitor_temperature_scd41,24.2218780517578,2026-08-22T08:27:54.389Z
sensor.air_quality_monitor_temperature_scd41,24.2005157470703,2026-08-22T08:28:04.391Z
sensor.air_quality_monitor_temperature_scd41,24.2111968994141,2026-08-22T08:28:14.392Z
sensor.air_quality_monitor_temperature_scd41,24.2192077636719,2026-08-22T08:28:24.393Z
sensor.air_quality_monitor_temperature_scd41,24.1898345947266,2026-08-22T08:28:34.399Z
sensor.air_quality_monitor_temperature_scd41,24.2165374755859,2026-08-22T08:28:44.407Z
sensor.air_quality_monitor_temperature_scd41,24.2245483398438,2026-08-22T08:28:54.411Z
sensor.air_quality_monitor_temperature_scd41,24.2138671875,2026-08-22T08:29:14.414Z
sensor.air_quality_monitor_temperature_scd41,24.2298889160156,2026-08-22T08:29:24.415Z
sensor.air_quality_monitor_temperature_scd41,24.2352294921875,2026-08-22T08:29:34.424Z
sensor.air_quality_monitor_temperature_scd41,24.2378997802734,2026-08-22T08:29:44.432Z
sensor.air_quality_monitor_temperature_scd41,24.2298889160156,2026-08-22T08:29:54.481Z
sensor.air_quality_monitor_temperature_scd41,24.2058563232422,2026-08-22T08:30:04.437Z
sensor.air_quality_monitor_temperature_scd41,24.2325592041016,2026-08-22T08:30:14.438Z
sensor.air_quality_monitor_temperature_scd41,24.2298889160156,2026-08-22T08:30:24.443Z
sensor.air_quality_monitor_temperature_scd41,24.2272186279297,2026-08-22T08:30:34.447Z
sensor.air_quality_monitor_temperature_scd41,24.2352294921875,2026-08-22T08:30:44.449Z
sensor.air_quality_monitor_temperature_scd41,24.256591796875,2026-08-22T08:31:04.462Z
sensor.air_quality_monitor_temperature_scd41,24.2432403564453,2026-08-22T08:31:14.469Z
sensor.air_quality_monitor_temperature_scd41,24.2378997802734,2026-08-22T08:31:24.459Z
sensor.air_quality_monitor_temperature_scd41,24.2432403564453,2026-08-22T08:31:54.492Z
sensor.air_quality_monitor_temperature_scd41,24.2405700683594,2026-08-22T08:32:14.497Z
sensor.air_quality_monitor_temperature_scd41,24.2485809326172,2026-08-22T08:32:24.506Z
sensor.air_quality_monitor_temperature_scd41,24.2539215087891,2026-08-22T08:32:34.514Z
sensor.air_quality_monitor_temperature_scd41,24.2432403564453,2026-08-22T08:32:44.518Z
sensor.air_quality_monitor_temperature_scd41,24.2646026611328,2026-08-22T08:32:54.524Z
sensor.air_quality_monitor_temperature_scd41,24.256591796875,2026-08-22T08:33:04.526Z
sensor.air_quality_monitor_temperature_scd41,24.2325592041016,2026-08-22T08:33:14.529Z
sensor.air_quality_monitor_temperature_scd41,24.256591796875,2026-08-22T08:33:34.537Z
sensor.air_quality_monitor_temperature_scd41,24.2672729492188,2026-08-22T08:33:54.539Z
sensor.air_quality_monitor_temperature_scd41,24.2512512207031,2026-08-22T08:34:04.543Z
sensor.air_quality_monitor_temperature_scd41,24.2699432373047,2026-08-22T08:34:24.549Z
sensor.air_quality_monitor_temperature_scd41,24.2459106445312,2026-08-22T08:34:34.559Z
sensor.air_quality_monitor_temperature_scd41,24.2539215087891,2026-08-22T08:34:44.559Z
sensor.air_quality_monitor_temperature_scd41,24.2405700683594,2026-08-22T08:35:04.572Z
sensor.air_quality_monitor_temperature_scd41,24.2432403564453,2026-08-22T08:35:14.576Z
sensor.air_quality_monitor_temperature_scd41,24.2459106445312,2026-08-22T08:35:24.583Z
sensor.air_quality_monitor_temperature_scd41,24.2512512207031,2026-08-22T08:35:34.583Z
sensor.air_quality_monitor_temperature_scd41,24.256591796875,2026-08-22T08:35:44.591Z
sensor.air_quality_monitor_temperature_scd41,24.2539215087891,2026-08-22T08:35:54.593Z
sensor.air_quality_monitor_temperature_scd41,24.2646026611328,2026-08-22T08:36:04.593Z
sensor.air_quality_monitor_temperature_scd41,24.2485809326172,2026-08-22T08:36:14.595Z
sensor.air_quality_monitor_temperature_scd41,24.2592620849609,2026-08-22T08:36:24.603Z
sensor.air_quality_monitor_temperature_scd41,24.256591796875,2026-08-22T08:36:34.605Z
sensor.air_quality_monitor_temperature_scd41,24.2485809326172,2026-08-22T08:36:44.606Z
sensor.air_quality_monitor_temperature_scd41,24.256591796875,2026-08-22T08:36:54.611Z
sensor.air_quality_monitor_temperature_scd41,24.2646026611328,2026-08-22T08:37:04.615Z
sensor.air_quality_monitor_temperature_scd41,24.2752838134766,2026-08-22T08:37:34.630Z
sensor.air_quality_monitor_temperature_scd41,24.2646026611328,2026-08-22T08:37:44.630Z
sensor.air_quality_monitor_temperature_scd41,24.2539215087891,2026-08-22T08:38:04.633Z
sensor.air_quality_monitor_temperature_scd41,24.2832946777344,2026-08-22T08:38:14.635Z
sensor.air_quality_monitor_temperature_scd41,24.256591796875,2026-08-22T08:38:24.640Z
sensor.air_quality_monitor_temperature_scd41,24.2832946777344,2026-08-22T08:38:34.646Z
sensor.air_quality_monitor_temperature_scd41,24.2672729492188,2026-08-22T08:38:44.647Z
sensor.air_quality_monitor_temperature_scd41,24.2752838134766,2026-08-22T08:38:54.647Z
sensor.air_quality_monitor_temperature_scd41,24.3019866943359,2026-08-22T08:39:04.652Z
sensor.air_quality_monitor_temperature_scd41,24.2672729492188,2026-08-22T08:39:14.657Z
sensor.air_quality_monitor_temperature_scd41,24.2646026611328,2026-08-22T08:39:24.658Z
sensor.air_quality_monitor_temperature_scd41,24.2806243896484,2026-08-22T08:39:34.661Z
sensor.air_quality_monitor_temperature_scd41,24.2672729492188,2026-08-22T08:39:44.665Z
sensor.air_quality_monitor_temperature_scd41,24.2619323730469,2026-08-22T08:39:54.672Z
sensor.air_quality_monitor_temperature_scd41,24.2672729492188,2026-08-22T08:40:04.673Z
sensor.air_quality_monitor_temperature_scd41,24.2832946777344,2026-08-22T08:40:14.677Z
sensor.air_quality_monitor_temperature_scd41,24.2619323730469,2026-08-22T08:40:24.679Z
sensor.air_quality_monitor_temperature_scd41,24.2485809326172,2026-08-22T08:40:34.684Z
sensor.air_quality_monitor_temperature_scd41,24.2699432373047,2026-08-22T08:40:44.696Z
sensor.air_quality_monitor_temperature_scd41,24.2432403564453,2026-08-22T08:40:54.699Z
sensor.air_quality_monitor_temperature_scd41,24.2539215087891,2026-08-22T08:41:04.704Z
sensor.air_quality_monitor_temperature_scd41,24.2672729492188,2026-08-22T08:41:14.708Z
sensor.air_quality_monitor_temperature_scd41,24.2699432373047,2026-08-22T08:41:24.719Z
sensor.air_quality_monitor_temperature_scd41,24.2672729492188,2026-08-22T08:41:34.715Z
sensor.air_quality_monitor_temperature_scd41,24.2539215087891,2026-08-22T08:41:44.719Z
sensor.air_quality_monitor_temperature_scd41,24.2592620849609,2026-08-22T08:41:54.724Z
sensor.air_quality_monitor_temperature_scd41,24.2752838134766,2026-08-22T08:42:04.725Z
sensor.air_quality_monitor_temperature_scd41,24.2592620849609,2026-08-22T08:42:14.729Z
sensor.air_quality_monitor_temperature_scd41,24.2539215087891,2026-08-22T08:42:24.732Z
sensor.air_quality_monitor_temperature_scd41,24.2646026611328,2026-08-22T08:42:44.750Z
sensor.air_quality_monitor_temperature_scd41,24.2672729492188,2026-08-22T08:42:54.756Z
sensor.air_quality_monitor_temperature_scd41,24.256591796875,2026-08-22T08:43:04.756Z
sensor.air_quality_monitor_temperature_scd41,24.2619323730469,2026-08-22T08:43:14.763Z
sensor.air_quality_monitor_temperature_scd41,24.2592620849609,2026-08-22T08:43:24.767Z
sensor.air_quality_monitor_temperature_scd41,24.2378997802734,2026-08-22T08:43:34.777Z
sensor.air_quality_monitor_temperature_scd41,24.2592620849609,2026-08-22T08:43:44.781Z
sensor.air_quality_monitor_temperature_scd41,24.2405700683594,2026-08-22T08:43:54.782Z
sensor.air_quality_monitor_temperature_scd41,24.2646026611328,2026-08-22T08:44:04.782Z
sensor.air_quality_monitor_temperature_scd41,24.2539215087891,2026-08-22T08:44:14.789Z
sensor.air_quality_monitor_temperature_scd41,24.256591796875,2026-08-22T08:44:24.792Z
sensor.air_quality_monitor_temperature_scd41,24.2352294921875,2026-08-22T08:44:34.778Z
sensor.air_quality_monitor_temperature_scd41,24.2512512207031,2026-08-22T08:44:44.792Z
sensor.air_quality_monitor_temperature_scd41,24.2672729492188,2026-08-22T08:44:54.800Z
sensor.air_quality_monitor_temperature_scd41,24.2512512207031,2026-08-22T08:45:04.809Z
sensor.air_quality_monitor_temperature_scd41,24.2432403564453,2026-08-22T08:45:14.811Z
sensor.air_quality_monitor_temperature_scd41,24.2539215087891,2026-08-22T08:45:24.816Z
sensor.air_quality_monitor_temperature_scd41,24.2646026611328,2026-08-22T08:45:34.825Z
sensor.air_quality_monitor_temperature_scd41,24.2806243896484,2026-08-22T08:45:44.826Z
sensor.air_quality_monitor_temperature_scd41,24.2672729492188,2026-08-22T08:45:54.831Z
sensor.air_quality_monitor_temperature_scd41,24.2752838134766,2026-08-22T08:46:04.834Z
sensor.air_quality_monitor_temperature_scd41,24.2726135253906,2026-08-22T08:46:14.839Z
sensor.air_quality_monitor_temperature_scd41,24.2806243896484,2026-08-22T08:46:24.840Z
sensor.air_quality_monitor_temperature_scd41,24.2913055419922,2026-08-22T08:46:34.848Z
sensor.air_quality_monitor_temperature_scd41,24.2859649658203,2026-08-22T08:46:54.849Z
sensor.air_quality_monitor_temperature_scd41,24.2699432373047,2026-08-22T08:47:04.856Z
sensor.air_quality_monitor_temperature_scd41,24.2913055419922,2026-08-22T08:47:14.860Z
sensor.air_quality_monitor_temperature_scd41,24.3073272705078,2026-08-22T08:47:24.864Z
sensor.air_quality_monitor_temperature_scd41,24.3046569824219,2026-08-22T08:47:34.873Z
sensor.air_quality_monitor_temperature_scd41,24.3099975585938,2026-08-22T08:47:44.877Z
sensor.air_quality_monitor_temperature_scd41,24.3180084228516,2026-08-22T08:47:54.884Z
sensor.air_quality_monitor_temperature_scd41,24.3286895751953,2026-08-22T08:48:24.891Z
sensor.air_quality_monitor_temperature_scd41,24.3153381347656,2026-08-22T08:48:34.904Z
sensor.air_quality_monitor_temperature_scd41,24.3180084228516,2026-08-22T08:48:44.896Z
sensor.air_quality_monitor_temperature_scd41,24.3447113037109,2026-08-22T08:48:54.901Z
sensor.air_quality_monitor_temperature_scd41,24.3367004394531,2026-08-22T08:49:04.907Z
sensor.air_quality_monitor_temperature_scd41,24.342041015625,2026-08-22T08:49:14.906Z
sensor.air_quality_monitor_temperature_scd41,24.3313598632812,2026-08-22T08:49:24.915Z
sensor.air_quality_monitor_temperature_scd41,24.342041015625,2026-08-22T08:49:44.930Z
sensor.air_quality_monitor_temperature_scd41,24.3340301513672,2026-08-22T08:49:54.937Z
sensor.air_quality_monitor_temperature_scd41,24.3313598632812,2026-08-22T08:50:04.938Z
sensor.air_quality_monitor_temperature_scd41,24.3286895751953,2026-08-22T08:50:14.938Z
sensor.air_quality_monitor_temperature_scd41,24.3447113037109,2026-08-22T08:50:24.945Z
sensor.air_quality_monitor_temperature_scd41,24.3313598632812,2026-08-22T08:50:34.953Z
sensor.air_quality_monitor_temperature_scd41,24.3447113037109,2026-08-22T08:50:44.953Z
sensor.air_quality_monitor_temperature_scd41,24.3473815917969,2026-08-22T08:50:54.958Z
sensor.air_quality_monitor_temperature_scd41,24.3393707275391,2026-08-22T08:51:04.963Z
sensor.air_quality_monitor_temperature_scd41,24.3527221679688,2026-08-22T08:51:14.967Z
sensor.air_quality_monitor_temperature_scd41,24.3553924560547,2026-08-22T08:51:24.972Z
sensor.air_quality_monitor_temperature_scd41,24.3660736083984,2026-08-22T08:51:34.978Z
sensor.air_quality_monitor_temperature_scd41,24.3767547607422,2026-08-22T08:51:44.982Z
sensor.air_quality_monitor_temperature_scd41,24.3553924560547,2026-08-22T08:52:04.988Z
sensor.air_quality_monitor_temperature_scd41,24.3714141845703,2026-08-22T08:52:14.991Z
sensor.air_quality_monitor_temperature_scd41,24.342041015625,2026-08-22T08:52:24.996Z
sensor.air_quality_monitor_temperature_scd41,24.3660736083984,2026-08-22T08:52:35.000Z
sensor.air_quality_monitor_temperature_scd41,24.3500518798828,2026-08-22T08:52:45.002Z
sensor.air_quality_monitor_temperature_scd41,24.3553924560547,2026-08-22T08:52:55.011Z
sensor.air_quality_monitor_temperature_scd41,24.3500518798828,2026-08-22T08:53:05.019Z
sensor.air_quality_monitor_temperature_scd41,24.3687438964844,2026-08-22T08:53:15.024Z
sensor.air_quality_monitor_temperature_scd41,24.3447113037109,2026-08-22T08:53:25.028Z
sensor.air_quality_monitor_temperature_scd41,24.3553924560547,2026-08-22T08:53:35.037Z
sensor.air_quality_monitor_temperature_scd41,24.3740844726562,2026-08-22T08:53:45.037Z
sensor.air_quality_monitor_temperature_scd41,24.3687438964844,2026-08-22T08:53:55.041Z
sensor.air_quality_monitor_temperature_scd41,24.3740844726562,2026-08-22T08:54:15.046Z
sensor.air_quality_monitor_temperature_scd41,24.384765625,2026-08-22T08:54:25.050Z
sensor.air_quality_monitor_temperature_scd41,24.3820953369141,2026-08-22T08:54:35.054Z
sensor.air_quality_monitor_temperature_scd41,24.3794250488281,2026-08-22T08:54:45.057Z
sensor.air_quality_monitor_temperature_scd41,24.3714141845703,2026-08-22T08:54:55.062Z
sensor.air_quality_monitor_temperature_scd41,24.3874359130859,2026-08-22T08:55:05.066Z
sensor.air_quality_monitor_temperature_scd41,24.3794250488281,2026-08-22T08:55:15.070Z
sensor.air_quality_monitor_temperature_scd41,24.3767547607422,2026-08-22T08:55:25.073Z
sensor.air_quality_monitor_temperature_scd41,24.3794250488281,2026-08-22T08:55:35.080Z
sensor.air_quality_monitor_temperature_scd41,24.3740844726562,2026-08-22T08:55:45.085Z
sensor.air_quality_monitor_temperature_scd41,24.3580627441406,2026-08-22T08:55:55.091Z
sensor.air_quality_monitor_temperature_scd41,24.3767547607422,2026-08-22T08:56:05.093Z
sensor.air_quality_monitor_temperature_scd41,24.3553924560547,2026-08-22T08:56:25.098Z
sensor.air_quality_monitor_temperature_scd41,24.3660736083984,2026-08-22T08:56:35.105Z
sensor.air_quality_monitor_temperature_scd41,24.3687438964844,2026-08-22T08:56:45.104Z
sensor.air_quality_monitor_temperature_scd41,24.3553924560547,2026-08-22T08:56:55.108Z
sensor.air_quality_monitor_temperature_scd41,24.384765625,2026-08-22T08:57:05.110Z
sensor.air_quality_monitor_temperature_scd41,24.3660736083984,2026-08-22T08:57:15.114Z
sensor.air_quality_monitor_temperature_scd41,24.3714141845703,2026-08-22T08:57:25.115Z
sensor.air_quality_monitor_temperature_scd41,24.3660736083984,2026-08-22T08:57:35.118Z
sensor.air_quality_monitor_temperature_scd41,24.3820953369141,2026-08-22T08:57:45.121Z
sensor.air_quality_monitor_temperature_scd41,24.3767547607422,2026-08-22T08:57:55.127Z
sensor.air_quality_monitor_temperature_scd41,24.3660736083984,2026-08-22T08:58:05.120Z
sensor.air_quality_monitor_temperature_scd41,24.3553924560547,2026-08-22T08:58:15.125Z
sensor.air_quality_monitor_temperature_scd41,24.3580627441406,2026-08-22T08:58:25.131Z
sensor.air_quality_monitor_temperature_scd41,24.3740844726562,2026-08-22T08:58:35.118Z
sensor.air_quality_monitor_temperature_scd41,24.3473815917969,2026-08-22T08:58:55.132Z
sensor.air_quality_monitor_temperature_scd41,24.3553924560547,2026-08-22T08:59:05.140Z
sensor.air_quality_monitor_temperature_scd41,24.3500518798828,2026-08-22T08:59:15.141Z
sensor.air_quality_monitor_temperature_scd41,24.3580627441406,2026-08-22T08:59:25.147Z
sensor.air_quality_monitor_temperature_scd41,24.3447113037109,2026-08-22T08:59:35.152Z
sensor.air_quality_monitor_temperature_scd41,24.3500518798828,2026-08-22T08:59:45.154Z
sensor.air_quality_monitor_temperature_scd41,24.3740844726562,2026-08-22T08:59:55.158Z
sensor.air_quality_monitor_temperature_scd41,24.3553924560547,2026-08-22T09:00:05.160Z
sensor.air_quality_monitor_temperature_scd41,24.3473815917969,2026-08-22T09:00:15.164Z
sensor.air_quality_monitor_temperature_scd41,24.3687438964844,2026-08-22T09:00:25.169Z
sensor.air_quality_monitor_temperature_scd41,24.3313598632812,2026-08-22T09:00:35.176Z
sensor.air_quality_monitor_temperature_scd41,24.3553924560547,2026-08-22T09:00:45.179Z
sensor.air_quality_monitor_temperature_scd41,24.3340301513672,2026-08-22T09:00:55.183Z
sensor.air_quality_monitor_temperature_scd41,24.3553924560547,2026-08-22T09:01:05.185Z
sensor.air_quality_monitor_temperature_scd41,24.3580627441406,2026-08-22T09:01:25.194Z
sensor.air_quality_monitor_temperature_scd41,24.3660736083984,2026-08-22T09:01:35.205Z
sensor.air_quality_monitor_temperature_scd41,24.3473815917969,2026-08-22T09:01:45.208Z
sensor.air_quality_monitor_temperature_scd41,24.3553924560547,2026-08-22T09:01:55.213Z
sensor.air_quality_monitor_temperature_scd41,24.3447113037109,2026-08-22T09:02:05.215Z
sensor.air_quality_monitor_temperature_scd41,24.3553924560547,2026-08-22T09:02:15.218Z
sensor.air_quality_monitor_temperature_scd41,24.3286895751953,2026-08-22T09:02:25.220Z
sensor.air_quality_monitor_temperature_scd41,24.3180084228516,2026-08-22T09:02:35.227Z
sensor.air_quality_monitor_temperature_scd41,24.3500518798828,2026-08-22T09:02:45.230Z
sensor.air_quality_monitor_temperature_scd41,24.3393707275391,2026-08-22T09:02:55.232Z
sensor.air_quality_monitor_temperature_scd41,24.3687438964844,2026-08-22T09:03:05.233Z
sensor.air_quality_monitor_temperature_scd41,24.3580627441406,2026-08-22T09:03:15.238Z
sensor.air_quality_monitor_temperature_scd41,24.3313598632812,2026-08-22T09:03:25.243Z
sensor.air_quality_monitor_temperature_scd41,24.3500518798828,2026-08-22T09:03:35.247Z
sensor.air_quality_monitor_temperature_scd41,24.3393707275391,2026-08-22T09:03:45.264Z
sensor.air_quality_monitor_temperature_scd41,24.3553924560547,2026-08-22T09:03:55.258Z
sensor.air_quality_monitor_temperature_scd41,24.3473815917969,2026-08-22T09:04:05.263Z
sensor.air_quality_monitor_temperature_scd41,24.3393707275391,2026-08-22T09:04:15.267Z
sensor.air_quality_monitor_temperature_scd41,24.3367004394531,2026-08-22T09:04:35.275Z
sensor.air_quality_monitor_temperature_scd41,24.3313598632812,2026-08-22T09:04:45.277Z
sensor.air_quality_monitor_temperature_scd41,24.3473815917969,2026-08-22T09:04:55.282Z
sensor.air_quality_monitor_temperature_scd41,24.3313598632812,2026-08-22T09:05:05.286Z
sensor.air_quality_monitor_temperature_scd41,24.3473815917969,2026-08-22T09:05:15.290Z
sensor.air_quality_monitor_temperature_scd41,24.3447113037109,2026-08-22T09:05:25.281Z
sensor.air_quality_monitor_temperature_scd41,24.3340301513672,2026-08-22T09:05:45.305Z
sensor.air_quality_monitor_temperature_scd41,24.3286895751953,2026-08-22T09:05:55.312Z
sensor.air_quality_monitor_temperature_scd41,24.3313598632812,2026-08-22T09:06:05.315Z
sensor.air_quality_monitor_temperature_scd41,24.3447113037109,2026-08-22T09:06:15.320Z
sensor.air_quality_monitor_temperature_scd41,24.3473815917969,2026-08-22T09:06:25.326Z
sensor.air_quality_monitor_temperature_scd41,24.3286895751953,2026-08-22T09:06:35.328Z
sensor.air_quality_monitor_temperature_scd41,24.3393707275391,2026-08-22T09:06:45.329Z
sensor.air_quality_monitor_temperature_scd41,24.3500518798828,2026-08-22T09:06:55.335Z
sensor.air_quality_monitor_temperature_scd41,24.3340301513672,2026-08-22T09:07:05.340Z
sensor.air_quality_monitor_temperature_scd41,24.3500518798828,2026-08-22T09:07:15.345Z
sensor.air_quality_monitor_temperature_scd41,24.3286895751953,2026-08-22T09:07:25.349Z
sensor.air_quality_monitor_temperature_scd41,24.3447113037109,2026-08-22T09:07:35.357Z
sensor.air_quality_monitor_temperature_scd41,24.3313598632812,2026-08-22T09:07:45.363Z
sensor.air_quality_monitor_temperature_scd41,24.3580627441406,2026-08-22T09:07:55.370Z
sensor.air_quality_monitor_temperature_scd41,24.3393707275391,2026-08-22T09:08:05.374Z
sensor.air_quality_monitor_temperature_scd41,24.3447113037109,2026-08-22T09:08:15.378Z
sensor.air_quality_monitor_temperature_scd41,24.3660736083984,2026-08-22T09:08:25.380Z
sensor.air_quality_monitor_temperature_scd41,24.3553924560547,2026-08-22T09:08:35.389Z
sensor.air_quality_monitor_temperature_scd41,24.3580627441406,2026-08-22T09:08:45.395Z
sensor.air_quality_monitor_temperature_scd41,24.3447113037109,2026-08-22T09:08:55.399Z
sensor.air_quality_monitor_temperature_scd41,24.3553924560547,2026-08-22T09:09:05.401Z
sensor.air_quality_monitor_temperature_scd41,24.3580627441406,2026-08-22T09:09:15.405Z
sensor.air_quality_monitor_temperature_scd41,24.3367004394531,2026-08-22T09:09:25.409Z
sensor.air_quality_monitor_temperature_scd41,24.3313598632812,2026-08-22T09:09:35.423Z
sensor.air_quality_monitor_temperature_scd41,24.3473815917969,2026-08-22T09:09:45.428Z
sensor.air_quality_monitor_temperature_scd41,24.342041015625,2026-08-22T09:09:55.439Z
sensor.air_quality_monitor_temperature_scd41,24.3340301513672,2026-08-22T09:10:05.436Z
sensor.air_quality_monitor_temperature_scd41,24.3527221679688,2026-08-22T09:10:15.441Z
sensor.air_quality_monitor_temperature_scd41,24.3340301513672,2026-08-22T09:10:25.450Z
sensor.air_quality_monitor_temperature_scd41,24.3447113037109,2026-08-22T09:10:35.452Z
sensor.air_quality_monitor_temperature_scd41,24.3473815917969,2026-08-22T09:10:45.438Z
sensor.air_quality_monitor_temperature_scd41,24.3286895751953,2026-08-22T09:10:55.452Z
sensor.air_quality_monitor_temperature_scd41,24.3206787109375,2026-08-22T09:11:05.459Z
sensor.air_quality_monitor_temperature_scd41,24.3286895751953,2026-08-22T09:11:15.456Z
sensor.air_quality_monitor_temperature_scd41,24.3367004394531,2026-08-22T09:11:25.463Z
sensor.air_quality_monitor_temperature_scd41,24.3340301513672,2026-08-22T09:11:35.456Z
sensor.air_quality_monitor_temperature_scd41,24.3180084228516,2026-08-22T09:11:45.472Z
sensor.air_quality_monitor_temperature_scd41,24.3340301513672,2026-08-22T09:11:55.479Z
sensor.air_quality_monitor_temperature_scd41,24.3393707275391,2026-08-22T09:12:05.484Z
sensor.air_quality_monitor_temperature_scd41,24.3340301513672,2026-08-22T09:12:15.488Z
sensor.air_quality_monitor_temperature_scd41,24.3580627441406,2026-08-22T09:12:25.492Z
sensor.air_quality_monitor_temperature_scd41,24.342041015625,2026-08-22T09:12:35.501Z
sensor.air_quality_monitor_temperature_scd41,24.3286895751953,2026-08-22T09:12:45.504Z
sensor.air_quality_monitor_temperature_scd41,24.3500518798828,2026-08-22T09:12:55.508Z
sensor.air_quality_monitor_temperature_scd41,24.3286895751953,2026-08-22T09:13:05.509Z
sensor.air_quality_monitor_temperature_scd41,24.3180084228516,2026-08-22T09:13:15.511Z
sensor.air_quality_monitor_temperature_scd41,24.3206787109375,2026-08-22T09:13:25.511Z
sensor.air_quality_monitor_temperature_scd41,24.3286895751953,2026-08-22T09:13:35.520Z
sensor.air_quality_monitor_temperature_scd41,24.3180084228516,2026-08-22T09:13:45.525Z
sensor.air_quality_monitor_temperature_scd41,24.342041015625,2026-08-22T09:13:55.534Z
sensor.air_quality_monitor_temperature_scd41,24.3206787109375,2026-08-22T09:14:05.536Z
sensor.air_quality_monitor_temperature_scd41,24.3367004394531,2026-08-22T09:14:15.537Z
sensor.air_quality_monitor_temperature_scd41,24.3313598632812,2026-08-22T09:14:25.538Z
sensor.air_quality_monitor_temperature_scd41,24.3367004394531,2026-08-22T09:14:35.542Z
sensor.air_quality_monitor_temperature_scd41,24.3286895751953,2026-08-22T09:14:45.544Z
sensor.air_quality_monitor_temperature_scd41,24.3206787109375,2026-08-22T09:14:55.546Z
sensor.air_quality_monitor_temperature_scd41,24.3447113037109,2026-08-22T09:15:05.552Z
sensor.air_quality_monitor_temperature_scd41,24.3286895751953,2026-08-22T09:15:15.552Z
sensor.air_quality_monitor_temperature_scd41,24.3313598632812,2026-08-22T09:15:25.560Z
sensor.air_quality_monitor_temperature_scd41,24.3553924560547,2026-08-22T09:15:35.548Z
sensor.air_quality_monitor_temperature_scd41,24.3260192871094,2026-08-22T09:15:45.562Z
sensor.air_quality_monitor_temperature_scd41,24.3286895751953,2026-08-22T09:16:15.576Z
sensor.air_quality_monitor_temperature_scd41,24.3447113037109,2026-08-22T09:16:25.583Z
sensor.air_quality_monitor_temperature_scd41,24.3180084228516,2026-08-22T09:16:45.594Z
sensor.air_quality_monitor_temperature_scd41,24.3340301513672,2026-08-22T09:16:55.598Z
sensor.air_quality_monitor_temperature_scd41,24.342041015625,2026-08-22T09:17:15.605Z
sensor.air_quality_monitor_temperature_scd41,24.3286895751953,2026-08-22T09:17:25.609Z
sensor.air_quality_monitor_temperature_scd41,24.3180084228516,2026-08-22T09:17:35.615Z
sensor.air_quality_monitor_temperature_scd41,24.3286895751953,2026-08-22T09:17:45.620Z
sensor.air_quality_monitor_temperature_scd41,24.3447113037109,2026-08-22T09:17:55.628Z
sensor.air_quality_monitor_temperature_scd41,24.3073272705078,2026-08-22T09:18:05.632Z
sensor.air_quality_monitor_temperature_scd41,24.3286895751953,2026-08-22T09:18:15.634Z
sensor.air_quality_monitor_temperature_scd41,24.3180084228516,2026-08-22T09:18:25.640Z
sensor.air_quality_monitor_temperature_scd41,24.3206787109375,2026-08-22T09:18:35.645Z
sensor.air_quality_monitor_temperature_scd41,24.3099975585938,2026-08-22T09:18:55.653Z
sensor.air_quality_monitor_temperature_scd41,24.3447113037109,2026-08-22T09:19:15.656Z
sensor.air_quality_monitor_temperature_scd41,24.3180084228516,2026-08-22T09:19:25.659Z
sensor.air_quality_monitor_temperature_scd41,24.3260192871094,2026-08-22T09:19:35.666Z
sensor.air_quality_monitor_temperature_scd41,24.3286895751953,2026-08-22T09:19:45.676Z
sensor.air_quality_monitor_temperature_scd41,24.3099975585938,2026-08-22T09:20:05.676Z
sensor.air_quality_monitor_temperature_scd41,24.3126678466797,2026-08-22T09:20:15.683Z
sensor.air_quality_monitor_temperature_scd41,24.3099975585938,2026-08-22T09:20:25.684Z
sensor.air_quality_monitor_temperature_scd41,24.3153381347656,2026-08-22T09:20:45.698Z
sensor.air_quality_monitor_temperature_scd41,24.3286895751953,2026-08-22T09:20:55.703Z
sensor.air_quality_monitor_temperature_scd41,24.3073272705078,2026-08-22T09:21:05.708Z
sensor.air_quality_monitor_temperature_scd41,24.3233489990234,2026-08-22T09:21:25.716Z
sensor.air_quality_monitor_temperature_scd41,24.3473815917969,2026-08-22T09:21:35.723Z
sensor.air_quality_monitor_temperature_scd41,24.3286895751953,2026-08-22T09:21:45.730Z
sensor.air_quality_monitor_temperature_scd41,24.3313598632812,2026-08-22T09:21:55.736Z
sensor.air_quality_monitor_temperature_scd41,24.3393707275391,2026-08-22T09:22:05.742Z
sensor.air_quality_monitor_temperature_scd41,24.3286895751953,2026-08-22T09:22:15.746Z
sensor.air_quality_monitor_temperature_scd41,24.3180084228516,2026-08-22T09:22:25.751Z
sensor.air_quality_monitor_temperature_scd41,24.3340301513672,2026-08-22T09:22:35.754Z
sensor.air_quality_monitor_temperature_scd41,24.3126678466797,2026-08-22T09:22:45.755Z
sensor.air_quality_monitor_temperature_scd41,24.3393707275391,2026-08-22T09:22:55.763Z
sensor.air_quality_monitor_temperature_scd41,24.3286895751953,2026-08-22T09:23:05.769Z
sensor.air_quality_monitor_temperature_scd41,24.3099975585938,2026-08-22T09:23:15.772Z
sensor.air_quality_monitor_temperature_scd41,24.3260192871094,2026-08-22T09:23:25.775Z
sensor.air_quality_monitor_temperature_scd41,24.3206787109375,2026-08-22T09:23:35.783Z
sensor.air_quality_monitor_temperature_scd41,24.3286895751953,2026-08-22T09:23:45.785Z
sensor.air_quality_monitor_temperature_scd41,24.3340301513672,2026-08-22T09:24:05.791Z
sensor.air_quality_monitor_temperature_scd41,24.3473815917969,2026-08-22T09:24:15.798Z
sensor.air_quality_monitor_temperature_scd41,24.3286895751953,2026-08-22T09:24:25.805Z
sensor.air_quality_monitor_temperature_scd41,24.3500518798828,2026-08-22T09:24:35.810Z
sensor.air_quality_monitor_temperature_scd41,24.3473815917969,2026-08-22T09:24:45.816Z
sensor.air_quality_monitor_temperature_scd41,24.3527221679688,2026-08-22T09:25:05.820Z
sensor.air_quality_monitor_temperature_scd41,24.3473815917969,2026-08-22T09:25:15.822Z
sensor.air_quality_monitor_temperature_scd41,24.3367004394531,2026-08-22T09:25:25.827Z
sensor.air_quality_monitor_temperature_scd41,24.3180084228516,2026-08-22T09:25:35.819Z
sensor.air_quality_monitor_temperature_scd41,24.3340301513672,2026-08-22T09:25:45.835Z
sensor.air_quality_monitor_temperature_scd41,24.3286895751953,2026-08-22T09:26:05.844Z
sensor.air_quality_monitor_temperature_scd41,24.3527221679688,2026-08-22T09:26:15.851Z
sensor.air_quality_monitor_temperature_scd41,24.3286895751953,2026-08-22T09:26:25.852Z
sensor.air_quality_monitor_temperature_scd41,24.3367004394531,2026-08-22T09:26:35.844Z
sensor.air_quality_monitor_temperature_scd41,24.3286895751953,2026-08-22T09:26:45.865Z
sensor.air_quality_monitor_temperature_scd41,24.3553924560547,2026-08-22T09:27:05.869Z
sensor.air_quality_monitor_temperature_scd41,24.3447113037109,2026-08-22T09:27:15.874Z
sensor.air_quality_monitor_temperature_scd41,24.3393707275391,2026-08-22T09:27:25.878Z
sensor.air_quality_monitor_temperature_scd41,24.3447113037109,2026-08-22T09:27:35.884Z
sensor.air_quality_monitor_temperature_scd41,24.3393707275391,2026-08-22T09:27:45.892Z
sensor.air_quality_monitor_temperature_scd41,24.3473815917969,2026-08-22T09:27:55.898Z
sensor.air_quality_monitor_temperature_scd41,24.3313598632812,2026-08-22T09:28:05.906Z
sensor.air_quality_monitor_temperature_scd41,24.3393707275391,2026-08-22T09:28:15.906Z
sensor.air_quality_monitor_temperature_scd41,24.3660736083984,2026-08-22T09:28:35.917Z
sensor.air_quality_monitor_temperature_scd41,24.3447113037109,2026-08-22T09:28:45.926Z
sensor.air_quality_monitor_temperature_scd41,24.342041015625,2026-08-22T09:28:55.930Z
sensor.air_quality_monitor_temperature_scd41,24.3286895751953,2026-08-22T09:29:05.931Z
sensor.air_quality_monitor_temperature_scd41,24.3393707275391,2026-08-22T09:29:15.933Z
sensor.air_quality_monitor_temperature_scd41,24.3206787109375,2026-08-22T09:29:25.937Z
sensor.air_quality_monitor_temperature_scd41,24.3313598632812,2026-08-22T09:29:35.945Z
sensor.air_quality_monitor_temperature_scd41,24.342041015625,2026-08-22T09:30:05.950Z
sensor.air_quality_monitor_temperature_scd41,24.3393707275391,2026-08-22T09:30:15.956Z
sensor.air_quality_monitor_temperature_scd41,24.3687438964844,2026-08-22T09:30:25.963Z
sensor.air_quality_monitor_temperature_scd41,24.3553924560547,2026-08-22T09:30:35.965Z
sensor.air_quality_monitor_temperature_scd41,24.3393707275391,2026-08-22T09:30:45.974Z
sensor.air_quality_monitor_temperature_scd41,24.3367004394531,2026-08-22T09:30:55.978Z
sensor.air_quality_monitor_temperature_scd41,24.3447113037109,2026-08-22T09:31:05.979Z
sensor.air_quality_monitor_temperature_scd41,24.3687438964844,2026-08-22T09:31:15.985Z
sensor.air_quality_monitor_temperature_scd41,24.3286895751953,2026-08-22T09:31:25.989Z
sensor.air_quality_monitor_temperature_scd41,24.3580627441406,2026-08-22T09:31:35.994Z
sensor.air_quality_monitor_temperature_scd41,24.3393707275391,2026-08-22T09:31:45.993Z
sensor.air_quality_monitor_temperature_scd41,24.3340301513672,2026-08-22T09:31:56.002Z
sensor.air_quality_monitor_temperature_scd41,24.3286895751953,2026-08-22T09:32:05.995Z
sensor.air_quality_monitor_temperature_scd41,24.3393707275391,2026-08-22T09:32:15.996Z
sensor.air_quality_monitor_temperature_scd41,24.342041015625,2026-08-22T09:32:35.990Z
sensor.air_quality_monitor_temperature_scd41,24.3260192871094,2026-08-22T09:32:46.000Z
sensor.air_quality_monitor_temperature_scd41,24.3286895751953,2026-08-22T09:32:56.012Z
sensor.air_quality_monitor_temperature_scd41,24.3233489990234,2026-08-22T09:33:16.006Z
sensor.air_quality_monitor_temperature_scd41,24.3126678466797,2026-08-22T09:33:26.012Z
sensor.air_quality_monitor_temperature_scd41,24.3260192871094,2026-08-22T09:33:36.019Z
sensor.air_quality_monitor_temperature_scd41,24.3126678466797,2026-08-22T09:33:46.016Z
sensor.air_quality_monitor_temperature_scd41,24.3180084228516,2026-08-22T09:33:56.020Z
sensor.air_quality_monitor_temperature_scd41,24.3473815917969,2026-08-22T09:34:06.024Z
sensor.air_quality_monitor_temperature_scd41,24.3313598632812,2026-08-22T09:34:16.029Z
sensor.air_quality_monitor_temperature_scd41,24.3206787109375,2026-08-22T09:34:36.040Z
sensor.air_quality_monitor_temperature_scd41,24.3286895751953,2026-08-22T09:34:56.048Z
sensor.air_quality_monitor_temperature_scd41,24.3260192871094,2026-08-22T09:35:06.058Z
sensor.air_quality_monitor_temperature_scd41,24.3286895751953,2026-08-22T09:35:16.064Z
sensor.air_quality_monitor_temperature_scd41,24.3180084228516,2026-08-22T09:35:26.066Z
sensor.air_quality_monitor_temperature_scd41,24.3153381347656,2026-08-22T09:35:36.074Z
sensor.air_quality_monitor_temperature_scd41,24.2966461181641,2026-08-22T09:35:46.078Z
sensor.air_quality_monitor_temperature_scd41,24.3206787109375,2026-08-22T09:35:56.085Z
sensor.air_quality_monitor_temperature_scd41,24.3313598632812,2026-08-22T09:36:06.087Z
sensor.air_quality_monitor_temperature_scd41,24.3206787109375,2026-08-22T09:36:16.094Z
sensor.air_quality_monitor_temperature_scd41,24.3019866943359,2026-08-22T09:36:26.099Z
sensor.air_quality_monitor_temperature_scd41,24.3180084228516,2026-08-22T09:36:36.107Z
sensor.air_quality_monitor_temperature_scd41,24.2966461181641,2026-08-22T09:36:46.111Z
sensor.air_quality_monitor_temperature_scd41,24.3180084228516,2026-08-22T09:36:56.117Z
sensor.air_quality_monitor_temperature_scd41,24.3073272705078,2026-08-22T09:37:06.122Z
sensor.air_quality_monitor_temperature_scd41,24.3180084228516,2026-08-22T09:37:16.129Z
sensor.air_quality_monitor_temperature_scd41,24.3473815917969,2026-08-22T09:37:26.136Z
sensor.air_quality_monitor_temperature_scd41,24.2966461181641,2026-08-22T09:37:36.137Z
sensor.air_quality_monitor_temperature_scd41,24.3447113037109,2026-08-22T09:37:46.145Z
sensor.air_quality_monitor_temperature_scd41,24.3286895751953,2026-08-22T09:37:56.151Z
sensor.air_quality_monitor_temperature_scd41,24.3206787109375,2026-08-22T09:38:16.160Z
sensor.air_quality_monitor_temperature_scd41,24.3180084228516,2026-08-22T09:38:26.168Z
sensor.air_quality_monitor_temperature_scd41,24.3233489990234,2026-08-22T09:38:36.155Z
sensor.air_quality_monitor_temperature_scd41,24.3527221679688,2026-08-22T09:38:46.173Z
sensor.air_quality_monitor_temperature_scd41,24.3473815917969,2026-08-22T09:38:56.181Z
sensor.air_quality_monitor_temperature_scd41,24.3260192871094,2026-08-22T09:39:06.189Z
sensor.air_quality_monitor_temperature_scd41,24.342041015625,2026-08-22T09:39:16.193Z
sensor.air_quality_monitor_temperature_scd41,24.3500518798828,2026-08-22T09:39:26.194Z
sensor.air_quality_monitor_temperature_scd41,24.3447113037109,2026-08-22T09:39:36.196Z
sensor.air_quality_monitor_temperature_scd41,24.3367004394531,2026-08-22T09:39:46.204Z
sensor.air_quality_monitor_temperature_scd41,24.3286895751953,2026-08-22T09:39:56.211Z
sensor.air_quality_monitor_temperature_scd41,24.3740844726562,2026-08-22T09:40:16.218Z
sensor.air_quality_monitor_temperature_scd41,24.3447113037109,2026-08-22T09:40:26.222Z
sensor.air_quality_monitor_temperature_scd41,24.3687438964844,2026-08-22T09:40:36.230Z
sensor.air_quality_monitor_temperature_scd41,24.3580627441406,2026-08-22T09:40:46.235Z
sensor.air_quality_monitor_temperature_scd41,24.342041015625,2026-08-22T09:40:56.233Z
sensor.air_quality_monitor_temperature_scd41,24.3393707275391,2026-08-22T09:41:06.237Z
sensor.air_quality_monitor_temperature_scd41,24.3286895751953,2026-08-22T09:41:16.241Z
sensor.air_quality_monitor_temperature_scd41,24.3714141845703,2026-08-22T09:41:26.243Z
sensor.air_quality_monitor_temperature_scd41,24.3660736083984,2026-08-22T09:41:36.253Z
sensor.air_quality_monitor_temperature_scd41,24.3527221679688,2026-08-22T09:41:46.255Z
sensor.air_quality_monitor_temperature_scd41,24.3553924560547,2026-08-22T09:41:56.259Z
sensor.air_quality_monitor_temperature_scd41,24.3580627441406,2026-08-22T09:42:06.265Z
sensor.air_quality_monitor_temperature_scd41,24.3447113037109,2026-08-22T09:42:16.270Z
sensor.air_quality_monitor_temperature_scd41,24.3500518798828,2026-08-22T09:42:26.275Z
sensor.air_quality_monitor_temperature_scd41,24.3447113037109,2026-08-22T09:42:36.286Z
sensor.air_quality_monitor_temperature_scd41,24.3660736083984,2026-08-22T09:42:56.287Z
sensor.air_quality_monitor_temperature_scd41,24.3286895751953,2026-08-22T09:43:16.292Z
sensor.air_quality_monitor_temperature_scd41,24.3473815917969,2026-08-22T09:43:26.299Z
sensor.air_quality_monitor_temperature_scd41,24.3794250488281,2026-08-22T09:43:36.307Z
sensor.air_quality_monitor_temperature_scd41,24.3367004394531,2026-08-22T09:43:46.313Z
sensor.air_quality_monitor_temperature_scd41,24.3447113037109,2026-08-22T09:43:56.311Z
sensor.air_quality_monitor_temperature_scd41,24.3500518798828,2026-08-22T09:44:16.317Z
sensor.air_quality_monitor_temperature_scd41,24.3473815917969,2026-08-22T09:44:26.320Z
sensor.air_quality_monitor_temperature_scd41,24.3447113037109,2026-08-22T09:44:36.313Z
sensor.air_quality_monitor_temperature_scd41,24.3714141845703,2026-08-22T09:44:46.332Z
sensor.air_quality_monitor_temperature_scd41,24.3527221679688,2026-08-22T09:44:56.334Z
sensor.air_quality_monitor_temperature_scd41,24.3580627441406,2026-08-22T09:45:06.337Z
sensor.air_quality_monitor_temperature_scd41,24.3687438964844,2026-08-22T09:45:16.341Z
sensor.air_quality_monitor_temperature_scd41,24.3367004394531,2026-08-22T09:45:26.343Z
sensor.air_quality_monitor_temperature_scd41,24.3580627441406,2026-08-22T09:45:36.350Z
sensor.air_quality_monitor_temperature_scd41,24.3447113037109,2026-08-22T09:45:46.358Z
sensor.air_quality_monitor_temperature_scd41,24.3660736083984,2026-08-22T09:46:16.361Z
sensor.air_quality_monitor_temperature_scd41,24.342041015625,2026-08-22T09:46:26.367Z
sensor.air_quality_monitor_temperature_scd41,24.3447113037109,2026-08-22T09:46:36.379Z
sensor.air_quality_monitor_temperature_scd41,24.3527221679688,2026-08-22T09:46:46.382Z
sensor.air_quality_monitor_temperature_scd41,24.3393707275391,2026-08-22T09:46:56.387Z
sensor.air_quality_monitor_temperature_scd41,24.3500518798828,2026-08-22T09:47:06.391Z
sensor.air_quality_monitor_temperature_scd41,24.3393707275391,2026-08-22T09:47:16.396Z
sensor.air_quality_monitor_temperature_scd41,24.3447113037109,2026-08-22T09:47:26.400Z
sensor.air_quality_monitor_temperature_scd41,24.3393707275391,2026-08-22T09:47:46.408Z
sensor.air_quality_monitor_temperature_scd41,24.3500518798828,2026-08-22T09:47:56.412Z
sensor.air_quality_monitor_temperature_scd41,24.342041015625,2026-08-22T09:48:06.415Z
sensor.air_quality_monitor_temperature_scd41,24.3580627441406,2026-08-22T09:48:16.420Z
sensor.air_quality_monitor_temperature_scd41,24.3286895751953,2026-08-22T09:48:26.410Z
sensor.air_quality_monitor_temperature_scd41,24.3553924560547,2026-08-22T09:48:36.429Z
sensor.air_quality_monitor_temperature_scd41,24.3500518798828,2026-08-22T09:48:46.429Z
sensor.air_quality_monitor_temperature_scd41,24.3447113037109,2026-08-22T09:48:56.433Z
sensor.air_quality_monitor_temperature_scd41,24.3473815917969,2026-08-22T09:49:06.440Z
sensor.air_quality_monitor_temperature_scd41,24.3447113037109,2026-08-22T09:49:16.438Z
sensor.air_quality_monitor_temperature_scd41,24.3500518798828,2026-08-22T09:49:26.441Z
sensor.air_quality_monitor_temperature_scd41,24.3206787109375,2026-08-22T09:49:36.446Z
sensor.air_quality_monitor_temperature_scd41,24.3527221679688,2026-08-22T09:49:46.450Z
sensor.air_quality_monitor_temperature_scd41,24.3313598632812,2026-08-22T09:49:56.452Z
sensor.air_quality_monitor_temperature_scd41,24.3260192871094,2026-08-22T09:50:06.456Z
sensor.air_quality_monitor_temperature_scd41,24.342041015625,2026-08-22T09:50:16.457Z
sensor.air_quality_monitor_temperature_scd41,24.3500518798828,2026-08-22T09:50:26.459Z
sensor.air_quality_monitor_temperature_scd41,24.3553924560547,2026-08-22T09:50:36.466Z
sensor.air_quality_monitor_temperature_scd41,24.3180084228516,2026-08-22T09:50:46.467Z
sensor.air_quality_monitor_temperature_scd41,24.3286895751953,2026-08-22T09:50:56.474Z
sensor.air_quality_monitor_temperature_scd41,24.3367004394531,2026-08-22T09:51:06.480Z
sensor.air_quality_monitor_temperature_scd41,24.3286895751953,2026-08-22T09:51:16.481Z
sensor.air_quality_monitor_temperature_scd41,24.3367004394531,2026-08-22T09:51:26.484Z
sensor.air_quality_monitor_temperature_scd41,24.3447113037109,2026-08-22T09:51:36.490Z
sensor.air_quality_monitor_temperature_scd41,24.3286895751953,2026-08-22T09:51:46.489Z
sensor.air_quality_monitor_temperature_scd41,24.3500518798828,2026-08-22T09:51:56.495Z
sensor.air_quality_monitor_temperature_scd41,24.3073272705078,2026-08-22T09:52:06.501Z
sensor.air_quality_monitor_temperature_scd41,24.3233489990234,2026-08-22T09:52:16.504Z
sensor.air_quality_monitor_temperature_scd41,24.3126678466797,2026-08-22T09:52:26.507Z
sensor.air_quality_monitor_temperature_scd41,24.3180084228516,2026-08-22T09:52:36.516Z
sensor.air_quality_monitor_temperature_scd41,24.3153381347656,2026-08-22T09:52:46.526Z
sensor.air_quality_monitor_temperature_scd41,24.3206787109375,2026-08-22T09:52:56.530Z
sensor.air_quality_monitor_temperature_scd41,24.3286895751953,2026-08-22T09:53:06.534Z
sensor.air_quality_monitor_temperature_scd41,24.3180084228516,2026-08-22T09:53:16.540Z
sensor.air_quality_monitor_temperature_scd41,24.3260192871094,2026-08-22T09:53:46.549Z
sensor.air_quality_monitor_temperature_scd41,24.3126678466797,2026-08-22T09:53:56.554Z
sensor.air_quality_monitor_temperature_scd41,24.3233489990234,2026-08-22T09:54:06.557Z
sensor.air_quality_monitor_temperature_scd41,24.3313598632812,2026-08-22T09:54:16.563Z
sensor.air_quality_monitor_temperature_scd41,24.3206787109375,2026-08-22T09:54:26.569Z
sensor.air_quality_monitor_temperature_scd41,24.3046569824219,2026-08-22T09:54:36.580Z
sensor.air_quality_monitor_temperature_scd41,24.3260192871094,2026-08-22T09:54:46.582Z
sensor.air_quality_monitor_temperature_scd41,24.3206787109375,2026-08-22T09:54:56.588Z
sensor.air_quality_monitor_temperature_scd41,24.3126678466797,2026-08-22T09:55:06.592Z
sensor.air_quality_monitor_temperature_scd41,24.3099975585938,2026-08-22T09:55:16.596Z
sensor.air_quality_monitor_temperature_scd41,24.3126678466797,2026-08-22T09:55:26.601Z
sensor.air_quality_monitor_temperature_scd41,24.3073272705078,2026-08-22T09:55:36.605Z
sensor.air_quality_monitor_temperature_scd41,24.3046569824219,2026-08-22T09:55:46.610Z
sensor.air_quality_monitor_temperature_scd41,24.2913055419922,2026-08-22T09:55:56.619Z
sensor.air_quality_monitor_temperature_scd41,24.3153381347656,2026-08-22T09:56:06.621Z
sensor.air_quality_monitor_temperature_scd41,24.2939758300781,2026-08-22T09:56:26.626Z
sensor.air_quality_monitor_temperature_scd41,24.3073272705078,2026-08-22T09:56:36.631Z
sensor.air_quality_monitor_temperature_scd41,24.2913055419922,2026-08-22T09:56:46.633Z
sensor.air_quality_monitor_temperature_scd41,24.3019866943359,2026-08-22T09:57:26.644Z
sensor.air_quality_monitor_temperature_scd41,24.29931640625,2026-08-22T09:57:36.635Z
sensor.air_quality_monitor_temperature_scd41,24.3073272705078,2026-08-22T09:57:46.657Z
sensor.air_quality_monitor_temperature_scd41,24.2913055419922,2026-08-22T09:57:56.659Z
sensor.air_quality_monitor_temperature_scd41,24.3073272705078,2026-08-22T09:58:06.663Z
sensor.air_quality_monitor_temperature_scd41,24.3286895751953,2026-08-22T09:58:16.670Z
sensor.air_quality_monitor_temperature_scd41,24.2832946777344,2026-08-22T09:58:26.668Z
sensor.air_quality_monitor_temperature_scd41,24.2913055419922,2026-08-22T09:58:36.673Z
sensor.air_quality_monitor_temperature_scd41,24.3126678466797,2026-08-22T09:58:46.674Z
sensor.air_quality_monitor_temperature_scd41,24.2886352539062,2026-08-22T09:58:56.679Z
sensor.air_quality_monitor_temperature_scd41,24.3046569824219,2026-08-22T09:59:06.682Z
sensor.air_quality_monitor_temperature_scd41,24.2939758300781,2026-08-22T09:59:16.683Z
sensor.air_quality_monitor_temperature_scd41,24.29931640625,2026-08-22T09:59:26.685Z
sensor.air_quality_monitor_temperature_scd41,24.3126678466797,2026-08-22T09:59:46.690Z
sensor.air_quality_monitor_temperature_scd41,24.2939758300781,2026-08-22T09:59:56.696Z
sensor.air_quality_monitor_temperature_scd41,24.3019866943359,2026-08-22T10:00:06.696Z
sensor.air_quality_monitor_temperature_scd41,24.2859649658203,2026-08-22T10:00:16.697Z
sensor.air_quality_monitor_temperature_scd41,24.3046569824219,2026-08-22T10:00:26.703Z
sensor.air_quality_monitor_temperature_scd41,24.3073272705078,2026-08-22T10:00:36.706Z
sensor.air_quality_monitor_temperature_scd41,24.3046569824219,2026-08-22T10:00:46.714Z
sensor.air_quality_monitor_temperature_scd41,24.2939758300781,2026-08-22T10:00:56.721Z
sensor.air_quality_monitor_temperature_scd41,24.2832946777344,2026-08-22T10:01:06.724Z
sensor.air_quality_monitor_temperature_scd41,24.2913055419922,2026-08-22T10:01:16.728Z
sensor.air_quality_monitor_temperature_scd41,24.2752838134766,2026-08-22T10:01:26.730Z
sensor.air_quality_monitor_temperature_scd41,24.2699432373047,2026-08-22T10:01:36.737Z
sensor.air_quality_monitor_temperature_scd41,24.2859649658203,2026-08-22T10:01:46.743Z
sensor.air_quality_monitor_temperature_scd41,24.2779541015625,2026-08-22T10:01:56.750Z
sensor.air_quality_monitor_temperature_scd41,24.2539215087891,2026-08-22T10:02:06.751Z
sensor.air_quality_monitor_temperature_scd41,24.256591796875,2026-08-22T10:02:16.753Z
sensor.air_quality_monitor_temperature_scd41,24.2699432373047,2026-08-22T10:02:26.760Z
sensor.air_quality_monitor_temperature_scd41,24.2539215087891,2026-08-22T10:02:36.766Z
sensor.air_quality_monitor_temperature_scd41,24.2592620849609,2026-08-22T10:02:46.767Z
sensor.air_quality_monitor_temperature_scd41,24.2646026611328,2026-08-22T10:02:56.768Z
sensor.air_quality_monitor_temperature_scd41,24.2539215087891,2026-08-22T10:03:06.769Z
sensor.air_quality_monitor_temperature_scd41,24.2752838134766,2026-08-22T10:03:16.770Z
sensor.air_quality_monitor_temperature_scd41,24.2646026611328,2026-08-22T10:03:26.774Z
sensor.air_quality_monitor_temperature_scd41,24.2619323730469,2026-08-22T10:03:36.779Z
sensor.air_quality_monitor_temperature_scd41,24.2298889160156,2026-08-22T10:03:46.783Z
sensor.air_quality_monitor_temperature_scd41,24.2245483398438,2026-08-22T10:03:56.785Z
sensor.air_quality_monitor_temperature_scd41,24.2405700683594,2026-08-22T10:04:06.787Z
sensor.air_quality_monitor_temperature_scd41,24.2272186279297,2026-08-22T10:04:16.792Z
sensor.air_quality_monitor_temperature_scd41,24.2432403564453,2026-08-22T10:04:26.797Z
sensor.air_quality_monitor_temperature_scd41,24.2459106445312,2026-08-22T10:04:36.803Z
sensor.air_quality_monitor_temperature_scd41,24.2218780517578,2026-08-22T10:04:46.806Z
sensor.air_quality_monitor_temperature_scd41,24.2272186279297,2026-08-22T10:04:56.815Z
sensor.air_quality_monitor_temperature_scd41,24.2192077636719,2026-08-22T10:05:06.812Z
sensor.air_quality_monitor_temperature_scd41,24.2405700683594,2026-08-22T10:05:16.816Z
sensor.air_quality_monitor_temperature_scd41,24.1978454589844,2026-08-22T10:05:26.819Z
sensor.air_quality_monitor_temperature_scd41,24.2031860351562,2026-08-22T10:05:36.822Z
sensor.air_quality_monitor_temperature_scd41,24.1925048828125,2026-08-22T10:05:46.829Z
sensor.air_quality_monitor_temperature_scd41,24.2165374755859,2026-08-22T10:05:56.833Z
sensor.air_quality_monitor_temperature_scd41,24.1898345947266,2026-08-22T10:06:06.835Z
sensor.air_quality_monitor_temperature_scd41,24.2005157470703,2026-08-22T10:06:26.839Z
sensor.air_quality_monitor_temperature_scd41,24.2138671875,2026-08-22T10:06:36.843Z
sensor.air_quality_monitor_temperature_scd41,24.1951751708984,2026-08-22T10:06:46.845Z
sensor.air_quality_monitor_temperature_scd41,24.1978454589844,2026-08-22T10:06:56.849Z
sensor.air_quality_monitor_temperature_scd41,24.1951751708984,2026-08-22T10:07:06.847Z
sensor.air_quality_monitor_temperature_scd41,24.1898345947266,2026-08-22T10:07:26.854Z
sensor.air_quality_monitor_temperature_scd41,24.1791534423828,2026-08-22T10:07:46.868Z
sensor.air_quality_monitor_temperature_scd41,24.1738128662109,2026-08-22T10:08:06.870Z
sensor.air_quality_monitor_temperature_scd41,24.1818237304688,2026-08-22T10:08:16.872Z
sensor.air_quality_monitor_temperature_scd41,24.1925048828125,2026-08-22T10:08:26.877Z
sensor.air_quality_monitor_temperature_scd41,24.1658020019531,2026-08-22T10:08:36.879Z
sensor.air_quality_monitor_temperature_scd41,24.1631317138672,2026-08-22T10:08:46.883Z
sensor.air_quality_monitor_temperature_scd41,24.1684722900391,2026-08-22T10:08:56.894Z
sensor.air_quality_monitor_temperature_scd41,24.1631317138672,2026-08-22T10:09:06.890Z
sensor.air_quality_monitor_temperature_scd41,24.1925048828125,2026-08-22T10:09:16.893Z
sensor.air_quality_monitor_temperature_scd41,24.1577911376953,2026-08-22T10:09:26.897Z
sensor.air_quality_monitor_temperature_scd41,24.1631317138672,2026-08-22T10:09:36.902Z
sensor.air_quality_monitor_temperature_scd41,24.1658020019531,2026-08-22T10:09:46.906Z
sensor.air_quality_monitor_temperature_scd41,24.12841796875,2026-08-22T10:09:56.912Z
sensor.air_quality_monitor_temperature_scd41,24.1390991210938,2026-08-22T10:10:06.917Z
sensor.air_quality_monitor_temperature_scd41,24.1551208496094,2026-08-22T10:10:16.921Z
sensor.air_quality_monitor_temperature_scd41,24.1444396972656,2026-08-22T10:10:26.922Z
sensor.air_quality_monitor_temperature_scd41,24.1471099853516,2026-08-22T10:10:36.928Z
sensor.air_quality_monitor_temperature_scd41,24.1257476806641,2026-08-22T10:10:56.933Z
sensor.air_quality_monitor_temperature_scd41,24.1524505615234,2026-08-22T10:11:06.940Z
sensor.air_quality_monitor_temperature_scd41,24.1390991210938,2026-08-22T10:11:16.942Z
sensor.air_quality_monitor_temperature_scd41,24.1364288330078,2026-08-22T10:11:26.943Z
sensor.air_quality_monitor_temperature_scd41,24.1551208496094,2026-08-22T10:11:36.949Z
sensor.air_quality_monitor_temperature_scd41,24.1364288330078,2026-08-22T10:11:46.955Z
sensor.air_quality_monitor_temperature_scd41,24.1257476806641,2026-08-22T10:11:56.969Z
sensor.air_quality_monitor_temperature_scd41,24.1364288330078,2026-08-22T10:12:06.963Z
sensor.air_quality_monitor_temperature_scd41,24.1204071044922,2026-08-22T10:12:26.968Z
sensor.air_quality_monitor_temperature_scd41,24.1257476806641,2026-08-22T10:12:46.978Z
sensor.air_quality_monitor_temperature_scd41,24.12841796875,2026-08-22T10:12:56.977Z
sensor.air_quality_monitor_temperature_scd41,24.1230773925781,2026-08-22T10:13:06.981Z
sensor.air_quality_monitor_temperature_scd41,24.1257476806641,2026-08-22T10:13:16.982Z
sensor.air_quality_monitor_temperature_scd41,24.1150665283203,2026-08-22T10:13:26.983Z
sensor.air_quality_monitor_temperature_scd41,24.0937042236328,2026-08-22T10:13:36.988Z
sensor.air_quality_monitor_temperature_scd41,24.1257476806641,2026-08-22T10:13:46.994Z
sensor.air_quality_monitor_temperature_scd41,24.12841796875,2026-08-22T10:13:57.002Z
sensor.air_quality_monitor_temperature_scd41,24.1043853759766,2026-08-22T10:14:07.003Z
sensor.air_quality_monitor_temperature_scd41,24.0990447998047,2026-08-22T10:14:17.004Z
sensor.air_quality_monitor_temperature_scd41,24.1177368164062,2026-08-22T10:14:27.010Z
sensor.air_quality_monitor_temperature_scd41,24.1123962402344,2026-08-22T10:14:37.018Z
sensor.air_quality_monitor_temperature_scd41,24.1017150878906,2026-08-22T10:14:47.024Z
sensor.air_quality_monitor_temperature_scd41,24.0990447998047,2026-08-22T10:15:17.032Z
sensor.air_quality_monitor_temperature_scd41,24.1123962402344,2026-08-22T10:15:27.021Z
sensor.air_quality_monitor_temperature_scd41,24.0776824951172,2026-08-22T10:15:37.038Z
sensor.air_quality_monitor_temperature_scd41,24.0990447998047,2026-08-22T10:15:47.040Z
sensor.air_quality_monitor_temperature_scd41,24.1017150878906,2026-08-22T10:15:57.044Z
sensor.air_quality_monitor_temperature_scd41,24.0883636474609,2026-08-22T10:16:07.051Z
sensor.air_quality_monitor_temperature_scd41,24.0750122070312,2026-08-22T10:16:17.055Z
sensor.air_quality_monitor_temperature_scd41,24.0883636474609,2026-08-22T10:16:27.057Z
sensor.air_quality_monitor_temperature_scd41,24.0910339355469,2026-08-22T10:16:37.064Z
sensor.air_quality_monitor_temperature_scd41,24.0830230712891,2026-08-22T10:16:47.069Z
sensor.air_quality_monitor_temperature_scd41,24.1043853759766,2026-08-22T10:16:57.077Z
sensor.air_quality_monitor_temperature_scd41,24.0990447998047,2026-08-22T10:17:07.083Z
sensor.air_quality_monitor_temperature_scd41,24.0883636474609,2026-08-22T10:17:17.086Z
sensor.air_quality_monitor_temperature_scd41,24.0910339355469,2026-08-22T10:17:37.096Z
sensor.air_quality_monitor_temperature_scd41,24.0963745117188,2026-08-22T10:17:47.098Z
sensor.air_quality_monitor_temperature_scd41,24.0990447998047,2026-08-22T10:17:57.100Z
sensor.air_quality_monitor_temperature_scd41,24.0830230712891,2026-08-22T10:18:07.099Z
sensor.air_quality_monitor_temperature_scd41,24.0883636474609,2026-08-22T10:18:17.107Z
sensor.air_quality_monitor_temperature_scd41,24.1043853759766,2026-08-22T10:18:27.114Z
sensor.air_quality_monitor_temperature_scd41,24.0910339355469,2026-08-22T10:18:37.099Z
sensor.air_quality_monitor_temperature_scd41,24.0937042236328,2026-08-22T10:18:47.120Z
sensor.air_quality_monitor_temperature_scd41,24.1204071044922,2026-08-22T10:18:57.127Z
sensor.air_quality_monitor_temperature_scd41,24.1123962402344,2026-08-22T10:19:07.129Z
sensor.air_quality_monitor_temperature_scd41,24.1230773925781,2026-08-22T10:19:37.122Z
sensor.air_quality_monitor_temperature_scd41,24.12841796875,2026-08-22T10:19:47.144Z
sensor.air_quality_monitor_temperature_scd41,24.1043853759766,2026-08-22T10:19:57.149Z
sensor.air_quality_monitor_temperature_scd41,24.12841796875,2026-08-22T10:20:07.161Z
sensor.air_quality_monitor_temperature_scd41,24.1257476806641,2026-08-22T10:20:17.166Z
sensor.air_quality_monitor_temperature_scd41,24.1150665283203,2026-08-22T10:20:27.171Z
sensor.air_quality_monitor_temperature_scd41,24.12841796875,2026-08-22T10:20:37.179Z
sensor.air_quality_monitor_temperature_scd41,24.1364288330078,2026-08-22T10:20:47.183Z
sensor.air_quality_monitor_temperature_scd41,24.1230773925781,2026-08-22T10:20:57.187Z
sensor.air_quality_monitor_temperature_scd41,24.1497802734375,2026-08-22T10:21:17.200Z
sensor.air_quality_monitor_temperature_scd41,24.1257476806641,2026-08-22T10:21:27.209Z
sensor.air_quality_monitor_temperature_scd41,24.1310882568359,2026-08-22T10:21:47.220Z
sensor.air_quality_monitor_temperature_scd41,24.1364288330078,2026-08-22T10:21:57.224Z
sensor.air_quality_monitor_temperature_scd41,24.1310882568359,2026-08-22T10:22:17.229Z
sensor.air_quality_monitor_temperature_scd41,24.12841796875,2026-08-22T10:22:27.230Z
sensor.air_quality_monitor_temperature_scd41,24.1310882568359,2026-08-22T10:22:37.241Z
sensor.air_quality_monitor_temperature_scd41,24.1417694091797,2026-08-22T10:22:47.244Z
sensor.air_quality_monitor_temperature_scd41,24.1364288330078,2026-08-22T10:22:57.245Z
sensor.air_quality_monitor_temperature_scd41,24.1417694091797,2026-08-22T10:23:07.245Z
sensor.air_quality_monitor_temperature_scd41,24.1364288330078,2026-08-22T10:23:17.250Z
sensor.air_quality_monitor_temperature_scd41,24.1257476806641,2026-08-22T10:23:37.254Z
sensor.air_quality_monitor_temperature_scd41,24.12841796875,2026-08-22T10:23:47.257Z
sensor.air_quality_monitor_temperature_scd41,24.1123962402344,2026-08-22T10:23:57.260Z
sensor.air_quality_monitor_temperature_scd41,24.1551208496094,2026-08-22T10:24:17.261Z
sensor.air_quality_monitor_temperature_scd41,24.1364288330078,2026-08-22T10:24:27.265Z
sensor.air_quality_monitor_temperature_scd41,24.1097259521484,2026-08-22T10:24:37.269Z
sensor.air_quality_monitor_temperature_scd41,24.12841796875,2026-08-22T10:24:47.273Z
sensor.air_quality_monitor_temperature_scd41,24.1471099853516,2026-08-22T10:24:57.275Z
sensor.air_quality_monitor_temperature_scd41,24.1204071044922,2026-08-22T10:25:07.277Z
sensor.air_quality_monitor_temperature_scd41,24.1390991210938,2026-08-22T10:25:17.281Z
sensor.air_quality_monitor_temperature_scd41,24.1150665283203,2026-08-22T10:25:27.286Z
sensor.air_quality_monitor_temperature_scd41,24.1444396972656,2026-08-22T10:25:37.296Z
sensor.air_quality_monitor_temperature_scd41,24.1123962402344,2026-08-22T10:25:47.295Z
sensor.air_quality_monitor_temperature_scd41,24.12841796875,2026-08-22T10:25:57.298Z
sensor.air_quality_monitor_temperature_scd41,24.1257476806641,2026-08-22T10:26:07.299Z
sensor.air_quality_monitor_temperature_scd41,24.0990447998047,2026-08-22T10:26:17.300Z
sensor.air_quality_monitor_temperature_scd41,24.1364288330078,2026-08-22T10:26:27.303Z
sensor.air_quality_monitor_temperature_scd41,24.1150665283203,2026-08-22T10:26:37.308Z
sensor.air_quality_monitor_temperature_scd41,24.1123962402344,2026-08-22T10:26:47.312Z
sensor.air_quality_monitor_temperature_scd41,24.1097259521484,2026-08-22T10:26:57.313Z
sensor.air_quality_monitor_temperature_scd41,24.0963745117188,2026-08-22T10:27:07.314Z
sensor.air_quality_monitor_temperature_scd41,24.1043853759766,2026-08-22T10:27:17.316Z
sensor.air_quality_monitor_temperature_scd41,24.0937042236328,2026-08-22T10:27:27.317Z
sensor.air_quality_monitor_temperature_scd41,24.1043853759766,2026-08-22T10:27:37.321Z
sensor.air_quality_monitor_temperature_scd41,24.0990447998047,2026-08-22T10:28:07.327Z
sensor.air_quality_monitor_temperature_scd41,24.0937042236328,2026-08-22T10:28:17.332Z
sensor.air_quality_monitor_temperature_scd41,24.1017150878906,2026-08-22T10:28:27.348Z
sensor.air_quality_monitor_temperature_scd41,24.0696716308594,2026-08-22T10:28:37.344Z
sensor.air_quality_monitor_temperature_scd41,24.0750122070312,2026-08-22T10:28:47.345Z
sensor.air_quality_monitor_temperature_scd41,24.0776824951172,2026-08-22T10:28:57.350Z
sensor.air_quality_monitor_temperature_scd41,24.0883636474609,2026-08-22T10:29:07.355Z
sensor.air_quality_monitor_temperature_scd41,24.0509796142578,2026-08-22T10:29:17.358Z
sensor.air_quality_monitor_temperature_scd41,24.0643310546875,2026-08-22T10:29:27.359Z
sensor.air_quality_monitor_temperature_scd41,24.0776824951172,2026-08-22T10:29:37.363Z
sensor.air_quality_monitor_temperature_scd41,24.0616607666016,2026-08-22T10:29:47.365Z
sensor.air_quality_monitor_temperature_scd41,24.0536499023438,2026-08-22T10:29:57.370Z
sensor.air_quality_monitor_temperature_scd41,24.0750122070312,2026-08-22T10:30:07.378Z
sensor.air_quality_monitor_temperature_scd41,24.0910339355469,2026-08-22T10:30:17.381Z
sensor.air_quality_monitor_temperature_scd41,24.0750122070312,2026-08-22T10:30:27.386Z
sensor.air_quality_monitor_temperature_scd41,24.0643310546875,2026-08-22T10:30:37.391Z
sensor.air_quality_monitor_temperature_scd41,24.0563201904297,2026-08-22T10:30:47.398Z
sensor.air_quality_monitor_temperature_scd41,24.0670013427734,2026-08-22T10:30:57.401Z
sensor.air_quality_monitor_temperature_scd41,24.0509796142578,2026-08-22T10:31:07.407Z
sensor.air_quality_monitor_temperature_scd41,24.0883636474609,2026-08-22T10:31:17.409Z
sensor.air_quality_monitor_temperature_scd41,24.0750122070312,2026-08-22T10:31:27.420Z
sensor.air_quality_monitor_temperature_scd41,24.0616607666016,2026-08-22T10:31:37.427Z
sensor.air_quality_monitor_temperature_scd41,24.0910339355469,2026-08-22T10:31:47.431Z
sensor.air_quality_monitor_temperature_scd41,24.0670013427734,2026-08-22T10:31:57.433Z
sensor.air_quality_monitor_temperature_scd41,24.0616607666016,2026-08-22T10:32:07.444Z
sensor.air_quality_monitor_temperature_scd41,24.0937042236328,2026-08-22T10:32:17.445Z
sensor.air_quality_monitor_temperature_scd41,24.0776824951172,2026-08-22T10:32:27.436Z
sensor.air_quality_monitor_temperature_scd41,24.0616607666016,2026-08-22T10:32:37.461Z
sensor.air_quality_monitor_temperature_scd41,24.0723419189453,2026-08-22T10:32:47.465Z
sensor.air_quality_monitor_temperature_scd41,24.0509796142578,2026-08-22T10:32:57.456Z
sensor.air_quality_monitor_temperature_scd41,24.0803527832031,2026-08-22T10:33:07.458Z
sensor.air_quality_monitor_temperature_scd41,24.0643310546875,2026-08-22T10:33:17.479Z
sensor.air_quality_monitor_temperature_scd41,24.0616607666016,2026-08-22T10:33:27.484Z
sensor.air_quality_monitor_temperature_scd41,24.0509796142578,2026-08-22T10:33:37.490Z
sensor.air_quality_monitor_temperature_scd41,24.0670013427734,2026-08-22T10:33:47.498Z
sensor.air_quality_monitor_temperature_scd41,24.0990447998047,2026-08-22T10:33:57.504Z
sensor.air_quality_monitor_temperature_scd41,24.0963745117188,2026-08-22T10:34:07.502Z
sensor.air_quality_monitor_temperature_scd41,24.0990447998047,2026-08-22T10:34:17.503Z
sensor.air_quality_monitor_temperature_scd41,24.0883636474609,2026-08-22T10:34:27.508Z
sensor.air_quality_monitor_temperature_scd41,24.0910339355469,2026-08-22T10:34:37.494Z
sensor.air_quality_monitor_temperature_scd41,24.085693359375,2026-08-22T10:34:57.523Z
sensor.air_quality_monitor_temperature_scd41,24.0963745117188,2026-08-22T10:35:07.529Z
sensor.air_quality_monitor_temperature_scd41,24.1017150878906,2026-08-22T10:35:17.534Z
sensor.air_quality_monitor_temperature_scd41,24.0776824951172,2026-08-22T10:35:27.537Z
sensor.air_quality_monitor_temperature_scd41,24.1097259521484,2026-08-22T10:35:37.541Z
sensor.air_quality_monitor_temperature_scd41,24.1150665283203,2026-08-22T10:35:47.545Z
sensor.air_quality_monitor_temperature_scd41,24.1257476806641,2026-08-22T10:35:57.550Z
sensor.air_quality_monitor_temperature_scd41,24.1123962402344,2026-08-22T10:36:07.554Z
sensor.air_quality_monitor_temperature_scd41,24.0830230712891,2026-08-22T10:36:17.555Z
sensor.air_quality_monitor_temperature_scd41,24.1070556640625,2026-08-22T10:36:27.558Z
sensor.air_quality_monitor_temperature_scd41,24.1150665283203,2026-08-22T10:36:37.564Z
sensor.air_quality_monitor_temperature_scd41,24.1017150878906,2026-08-22T10:36:47.564Z
sensor.air_quality_monitor_temperature_scd41,24.0937042236328,2026-08-22T10:36:57.571Z
sensor.air_quality_monitor_temperature_scd41,24.0990447998047,2026-08-22T10:37:07.580Z
sensor.air_quality_monitor_temperature_scd41,24.1043853759766,2026-08-22T10:37:17.578Z
sensor.air_quality_monitor_temperature_scd41,24.0937042236328,2026-08-22T10:37:27.579Z
sensor.air_quality_monitor_temperature_scd41,24.1204071044922,2026-08-22T10:37:37.573Z
sensor.air_quality_monitor_temperature_scd41,24.1070556640625,2026-08-22T10:37:47.596Z
sensor.air_quality_monitor_temperature_scd41,24.1123962402344,2026-08-22T10:37:57.598Z
sensor.air_quality_monitor_temperature_scd41,24.0990447998047,2026-08-22T10:38:07.603Z
sensor.air_quality_monitor_temperature_scd41,24.1097259521484,2026-08-22T10:38:17.608Z
sensor.air_quality_monitor_temperature_scd41,24.0990447998047,2026-08-22T10:38:37.614Z
sensor.air_quality_monitor_temperature_scd41,24.12841796875,2026-08-22T10:38:47.616Z
sensor.air_quality_monitor_temperature_scd41,24.1043853759766,2026-08-22T10:38:57.620Z
sensor.air_quality_monitor_temperature_scd41,24.0990447998047,2026-08-22T10:39:07.624Z
sensor.air_quality_monitor_temperature_scd41,24.085693359375,2026-08-22T10:39:17.630Z
sensor.air_quality_monitor_temperature_scd41,24.1017150878906,2026-08-22T10:39:27.634Z
sensor.air_quality_monitor_temperature_scd41,24.0910339355469,2026-08-22T10:39:37.641Z
sensor.air_quality_monitor_temperature_scd41,24.085693359375,2026-08-22T10:39:47.647Z
sensor.air_quality_monitor_temperature_scd41,24.0883636474609,2026-08-22T10:40:07.655Z
sensor.air_quality_monitor_temperature_scd41,24.0803527832031,2026-08-22T10:40:17.656Z
sensor.air_quality_monitor_temperature_scd41,24.0830230712891,2026-08-22T10:40:27.658Z
sensor.air_quality_monitor_temperature_scd41,24.0990447998047,2026-08-22T10:40:37.671Z
sensor.air_quality_monitor_temperature_scd41,24.085693359375,2026-08-22T10:40:47.674Z
sensor.air_quality_monitor_temperature_scd41,24.0616607666016,2026-08-22T10:40:57.678Z
sensor.air_quality_monitor_temperature_scd41,24.085693359375,2026-08-22T10:41:07.683Z
sensor.air_quality_monitor_temperature_scd41,24.0910339355469,2026-08-22T10:41:17.687Z
sensor.air_quality_monitor_temperature_scd41,24.0643310546875,2026-08-22T10:41:27.691Z
sensor.air_quality_monitor_temperature_scd41,24.0509796142578,2026-08-22T10:41:37.695Z
sensor.air_quality_monitor_temperature_scd41,24.0616607666016,2026-08-22T10:41:47.696Z
sensor.air_quality_monitor_temperature_scd41,24.0563201904297,2026-08-22T10:41:57.700Z
sensor.air_quality_monitor_temperature_scd41,24.0776824951172,2026-08-22T10:42:07.701Z
sensor.air_quality_monitor_temperature_scd41,24.0616607666016,2026-08-22T10:42:17.705Z
sensor.air_quality_monitor_temperature_scd41,24.0643310546875,2026-08-22T10:42:37.715Z
sensor.air_quality_monitor_temperature_scd41,24.0402984619141,2026-08-22T10:42:47.719Z
sensor.air_quality_monitor_temperature_scd41,24.0616607666016,2026-08-22T10:42:57.723Z
sensor.air_quality_monitor_temperature_scd41,24.0509796142578,2026-08-22T10:43:07.723Z
sensor.air_quality_monitor_temperature_scd41,24.0322875976562,2026-08-22T10:43:27.731Z
sensor.air_quality_monitor_temperature_scd41,24.0456390380859,2026-08-22T10:43:37.734Z
sensor.air_quality_monitor_temperature_scd41,24.0349578857422,2026-08-22T10:43:47.738Z
sensor.air_quality_monitor_temperature_scd41,24.04296875,2026-08-22T10:43:57.744Z
sensor.air_quality_monitor_temperature_scd41,24.0376281738281,2026-08-22T10:44:07.748Z
sensor.air_quality_monitor_temperature_scd41,24.0216064453125,2026-08-22T10:44:17.754Z
sensor.air_quality_monitor_temperature_scd41,24.0483093261719,2026-08-22T10:44:27.767Z
sensor.air_quality_monitor_temperature_scd41,24.04296875,2026-08-22T10:44:37.762Z
sensor.air_quality_monitor_temperature_scd41,unavailable,2026-08-22T10:45:15.386Z
sensor.air_quality_monitor_temperature_scd41,28.4169006347656,2026-08-22T10:45:15.487Z
sensor.air_quality_monitor_temperature_scd41,27.7733612060547,2026-08-22T10:45:18.615Z
sensor.air_quality_monitor_temperature_scd41,27.2099304199219,2026-08-22T10:45:28.608Z
sensor.air_quality_monitor_temperature_scd41,26.734619140625,2026-08-22T10:45:38.611Z
sensor.air_quality_monitor_temperature_scd41,26.3367462158203,2026-08-22T10:45:48.619Z
sensor.air_quality_monitor_temperature_scd41,25.8400726318359,2026-08-22T10:45:58.614Z
sensor.air_quality_monitor_temperature_scd41,25.5890655517578,2026-08-22T10:46:08.615Z
sensor.air_quality_monitor_temperature_scd41,25.3540802001953,2026-08-22T10:46:18.617Z
sensor.air_quality_monitor_temperature_scd41,25.1377868652344,2026-08-22T10:46:28.621Z
sensor.air_quality_monitor_temperature_scd41,24.9802398681641,2026-08-22T10:46:38.617Z
sensor.air_quality_monitor_temperature_scd41,24.8253631591797,2026-08-22T10:46:48.621Z
sensor.air_quality_monitor_temperature_scd41,24.7238922119141,2026-08-22T10:46:58.616Z
sensor.air_quality_monitor_temperature_scd41,24.5503234863281,2026-08-22T10:47:08.622Z
sensor.air_quality_monitor_temperature_scd41,24.4808959960938,2026-08-22T10:47:18.619Z
sensor.air_quality_monitor_temperature_scd41,24.4061279296875,2026-08-22T10:47:28.617Z
sensor.air_quality_monitor_temperature_scd41,24.3607330322266,2026-08-22T10:47:38.622Z
sensor.air_quality_monitor_temperature_scd41,24.2832946777344,2026-08-22T10:47:48.614Z
sensor.air_quality_monitor_temperature_scd41,24.2432403564453,2026-08-22T10:47:58.626Z
sensor.air_quality_monitor_temperature_scd41,24.1951751708984,2026-08-22T10:48:08.618Z
sensor.air_quality_monitor_temperature_scd41,24.1551208496094,2026-08-22T10:48:18.623Z
sensor.air_quality_monitor_temperature_scd41,24.12841796875,2026-08-22T10:48:28.622Z
sensor.air_quality_monitor_temperature_scd41,24.0830230712891,2026-08-22T10:48:38.615Z
sensor.air_quality_monitor_temperature_scd41,24.1123962402344,2026-08-22T10:48:48.625Z
sensor.air_quality_monitor_temperature_scd41,24.0696716308594,2026-08-22T10:48:58.621Z
sensor.air_quality_monitor_temperature_scd41,24.0776824951172,2026-08-22T10:49:08.622Z
sensor.air_quality_monitor_temperature_scd41,24.0589904785156,2026-08-22T10:49:18.623Z
sensor.air_quality_monitor_temperature_scd41,24.0216064453125,2026-08-22T10:49:28.624Z
sensor.air_quality_monitor_temperature_scd41,24.0456390380859,2026-08-22T10:49:38.624Z
sensor.air_quality_monitor_temperature_scd41,24.0216064453125,2026-08-22T10:49:48.627Z
sensor.air_quality_monitor_temperature_scd41,24.0109252929688,2026-08-22T10:49:58.634Z
sensor.air_quality_monitor_temperature_scd41,24.0082550048828,2026-08-22T10:50:08.636Z
sensor.air_quality_monitor_temperature_scd41,unavailable,2026-08-22T10:50:55.564Z
sensor.air_quality_monitor_temperature_scd41,27.4342346191406,2026-08-22T10:50:55.663Z
sensor.air_quality_monitor_temperature_scd41,unavailable,2026-08-22T10:51:35.706Z
sensor.air_quality_monitor_temperature_scd41,27.4342346191406,2026-08-22T10:52:45.840Z
