entity_id,state,last_changed
sensor.air_quality_monitor_co2,2165.0,2026-08-22T14:15:00.000Z
sensor.air_quality_monitor_co2,unknown,2026-08-22T14:20:59.976Z
sensor.air_quality_monitor_co2,2453.0,2026-08-22T14:21:04.742Z
sensor.air_quality_monitor_co2,2421.0,2026-08-22T14:21:14.739Z
sensor.air_quality_monitor_co2,2423.0,2026-08-22T14:21:24.741Z
sensor.air_quality_monitor_co2,2421.0,2026-08-22T14:21:34.741Z
sensor.air_quality_monitor_co2,2420.0,2026-08-22T14:21:44.742Z
sensor.air_quality_monitor_co2,2419.0,2026-08-22T14:21:54.785Z
sensor.air_quality_monitor_co2,2418.0,2026-08-22T14:22:04.748Z
sensor.air_quality_monitor_co2,2417.0,2026-08-22T14:22:24.754Z
sensor.air_quality_monitor_co2,2416.0,2026-08-22T14:22:34.757Z
sensor.air_quality_monitor_co2,2415.0,2026-08-22T14:22:44.761Z
sensor.air_quality_monitor_co2,2416.0,2026-08-22T14:22:54.759Z
sensor.air_quality_monitor_co2,2415.0,2026-08-22T14:23:04.760Z
sensor.air_quality_monitor_co2,2416.0,2026-08-22T14:23:14.772Z
sensor.air_quality_monitor_co2,2415.0,2026-08-22T14:23:24.768Z
sensor.air_quality_monitor_co2,2412.0,2026-08-22T14:23:44.781Z
sensor.air_quality_monitor_co2,2410.0,2026-08-22T14:23:54.782Z
sensor.air_quality_monitor_co2,2409.0,2026-08-22T14:24:14.779Z
sensor.air_quality_monitor_co2,2405.0,2026-08-22T14:24:24.777Z
sensor.air_quality_monitor_co2,2402.0,2026-08-22T14:24:34.779Z
sensor.air_quality_monitor_co2,2398.0,2026-08-22T14:24:44.779Z
sensor.air_quality_monitor_co2,2395.0,2026-08-22T14:24:54.780Z
sensor.air_quality_monitor_co2,2394.0,2026-08-22T14:25:34.797Z
sensor.air_quality_monitor_co2,2393.0,2026-08-22T14:25:44.802Z
sensor.air_quality_monitor_co2,2391.0,2026-08-22T14:25:54.807Z
sensor.air_quality_monitor_co2,2390.0,2026-08-22T14:26:04.805Z
sensor.air_quality_monitor_co2,2389.0,2026-08-22T14:26:14.812Z
sensor.air_quality_monitor_co2,2390.0,2026-08-22T14:26:24.813Z
sensor.air_quality_monitor_co2,2391.0,2026-08-22T14:26:34.812Z
sensor.air_quality_monitor_co2,2390.0,2026-08-22T14:26:44.818Z
sensor.air_quality_monitor_co2,2389.0,2026-08-22T14:26:54.817Z
sensor.air_quality_monitor_co2,2385.0,2026-08-22T14:27:04.811Z
sensor.air_quality_monitor_co2,2383.0,2026-08-22T14:27:14.817Z
sensor.air_quality_monitor_co2,2382.0,2026-08-22T14:27:34.817Z
sensor.air_quality_monitor_co2,2381.0,2026-08-22T14:27:44.809Z
sensor.air_quality_monitor_co2,2383.0,2026-08-22T14:27:54.816Z
sensor.air_quality_monitor_co2,2382.0,2026-08-22T14:28:14.817Z
sensor.air_quality_monitor_co2,2381.0,2026-08-22T14:28:24.825Z
sensor.air_quality_monitor_co2,2380.0,2026-08-22T14:28:34.827Z
sensor.air_quality_monitor_co2,2379.0,2026-08-22T14:28:54.833Z
sensor.air_quality_monitor_co2,2378.0,2026-08-22T14:29:04.837Z
sensor.air_quality_monitor_co2,2376.0,2026-08-22T14:29:14.837Z
sensor.air_quality_monitor_co2,2375.0,2026-08-22T14:29:34.847Z
sensor.air_quality_monitor_co2,2374.0,2026-08-22T14:30:14.853Z
sensor.air_quality_monitor_co2,2373.0,2026-08-22T14:30:34.849Z
sensor.air_quality_monitor_co2,2371.0,2026-08-22T14:30:44.854Z
sensor.air_quality_monitor_co2,2370.0,2026-08-22T14:31:04.857Z
sensor.air_quality_monitor_co2,2368.0,2026-08-22T14:31:34.850Z
sensor.air_quality_monitor_co2,2369.0,2026-08-22T14:31:54.853Z
sensor.air_quality_monitor_co2,2363.0,2026-08-22T14:32:14.861Z
sensor.air_quality_monitor_co2,2364.0,2026-08-22T14:32:24.864Z
sensor.air_quality_monitor_co2,2365.0,2026-08-22T14:32:34.853Z
sensor.air_quality_monitor_co2,2363.0,2026-08-22T14:32:44.869Z
sensor.air_quality_monitor_co2,2361.0,2026-08-22T14:32:54.867Z
sensor.air_quality_monitor_co2,2360.0,2026-08-22T14:33:14.870Z
sensor.air_quality_monitor_co2,2359.0,2026-08-22T14:33:34.863Z
sensor.air_quality_monitor_co2,2356.0,2026-08-22T14:33:44.864Z
sensor.air_quality_monitor_co2,2353.0,2026-08-22T14:33:54.866Z
sensor.air_quality_monitor_co2,2354.0,2026-08-22T14:34:24.878Z
sensor.air_quality_monitor_co2,2353.0,2026-08-22T14:34:44.886Z
sensor.air_quality_monitor_co2,2352.0,2026-08-22T14:34:54.880Z
sensor.air_quality_monitor_co2,2350.0,2026-08-22T14:35:14.878Z
sensor.air_quality_monitor_co2,2351.0,2026-08-22T14:35:24.884Z
sensor.air_quality_monitor_co2,2349.0,2026-08-22T14:35:44.894Z
sensor.air_quality_monitor_co2,2348.0,2026-08-22T14:36:04.897Z
sensor.air_quality_monitor_co2,2347.0,2026-08-22T14:36:14.903Z
sensor.air_quality_monitor_co2,2348.0,2026-08-22T14:36:24.902Z
sensor.air_quality_monitor_co2,2349.0,2026-08-22T14:36:34.902Z
sensor.air_quality_monitor_co2,2350.0,2026-08-22T14:36:44.903Z
sensor.air_quality_monitor_co2,2348.0,2026-08-22T14:36:54.899Z
sensor.air_quality_monitor_co2,2349.0,2026-08-22T14:37:14.895Z
sensor.air_quality_monitor_co2,2348.0,2026-08-22T14:37:24.905Z
sensor.air_quality_monitor_co2,2349.0,2026-08-22T14:37:34.909Z
sensor.air_quality_monitor_co2,2345.0,2026-08-22T14:37:54.907Z
sensor.air_quality_monitor_co2,2344.0,2026-08-22T14:38:14.907Z
sensor.air_quality_monitor_co2,2345.0,2026-08-22T14:38:34.909Z
sensor.air_quality_monitor_co2,2346.0,2026-08-22T14:38:44.909Z
sensor.air_quality_monitor_co2,2344.0,2026-08-22T14:38:54.902Z
sensor.air_quality_monitor_co2,2343.0,2026-08-22T14:39:24.913Z
sensor.air_quality_monitor_co2,2341.0,2026-08-22T14:39:54.914Z
sensor.air_quality_monitor_co2,2338.0,2026-08-22T14:40:04.915Z
sensor.air_quality_monitor_co2,2337.0,2026-08-22T14:40:24.916Z
sensor.air_quality_monitor_co2,2336.0,2026-08-22T14:40:54.923Z
sensor.air_quality_monitor_co2,2337.0,2026-08-22T14:41:14.929Z
sensor.air_quality_monitor_co2,2338.0,2026-08-22T14:41:24.924Z
sensor.air_quality_monitor_co2,2337.0,2026-08-22T14:41:34.928Z
sensor.air_quality_monitor_co2,2336.0,2026-08-22T14:41:44.917Z
sensor.air_quality_monitor_co2,2337.0,2026-08-22T14:41:54.928Z
sensor.air_quality_monitor_co2,2338.0,2026-08-22T14:42:04.928Z
sensor.air_quality_monitor_co2,2335.0,2026-08-22T14:42:24.929Z
sensor.air_quality_monitor_co2,2334.0,2026-08-22T14:42:54.928Z
sensor.air_quality_monitor_co2,2331.0,2026-08-22T14:43:04.930Z
sensor.air_quality_monitor_co2,2327.0,2026-08-22T14:43:14.935Z
sensor.air_quality_monitor_co2,2328.0,2026-08-22T14:43:24.936Z
sensor.air_quality_monitor_co2,2327.0,2026-08-22T14:43:34.933Z
sensor.air_quality_monitor_co2,2328.0,2026-08-22T14:43:44.933Z
sensor.air_quality_monitor_co2,2327.0,2026-08-22T14:43:54.936Z
sensor.air_quality_monitor_co2,2326.0,2026-08-22T14:44:04.935Z
sensor.air_quality_monitor_co2,2327.0,2026-08-22T14:44:14.936Z
sensor.air_quality_monitor_co2,2325.0,2026-08-22T14:44:24.940Z
sensor.air_quality_monitor_co2,2321.0,2026-08-22T14:44:34.936Z
sensor.air_quality_monitor_co2,2322.0,2026-08-22T14:44:44.939Z
sensor.air_quality_monitor_co2,2321.0,2026-08-22T14:44:54.941Z
sensor.air_quality_monitor_co2,2322.0,2026-08-22T14:45:14.943Z
sensor.air_quality_monitor_co2,2321.0,2026-08-22T14:45:34.944Z
sensor.air_quality_monitor_co2,2322.0,2026-08-22T14:45:44.945Z
sensor.air_quality_monitor_co2,2321.0,2026-08-22T14:46:04.945Z
sensor.air_quality_monitor_co2,2323.0,2026-08-22T14:46:14.945Z
sensor.air_quality_monitor_co2,2322.0,2026-08-22T14:46:24.946Z
sensor.air_quality_monitor_co2,2321.0,2026-08-22T14:46:34.946Z
sensor.air_quality_monitor_co2,2320.0,2026-08-22T14:46:44.947Z
sensor.air_quality_monitor_co2,2316.0,2026-08-22T14:46:54.947Z
sensor.air_quality_monitor_co2,2315.0,2026-08-22T14:47:04.947Z
sensor.air_quality_monitor_co2,2314.0,2026-08-22T14:47:14.949Z
sensor.air_quality_monitor_co2,2313.0,2026-08-22T14:47:34.949Z
sensor.air_quality_monitor_co2,2314.0,2026-08-22T14:47:54.953Z
sensor.air_quality_monitor_co2,2318.0,2026-08-22T14:48:14.951Z
sensor.air_quality_monitor_co2,2317.0,2026-08-22T14:48:34.947Z
sensor.air_quality_monitor_co2,2316.0,2026-08-22T14:48:44.944Z
sensor.air_quality_monitor_co2,2315.0,2026-08-22T14:48:54.945Z
sensor.air_quality_monitor_co2,2316.0,2026-08-22T14:49:04.952Z
sensor.air_quality_monitor_co2,2317.0,2026-08-22T14:49:14.956Z
sensor.air_quality_monitor_co2,2316.0,2026-08-22T14:49:24.964Z
sensor.air_quality_monitor_co2,2314.0,2026-08-22T14:49:34.956Z
sensor.air_quality_monitor_co2,2315.0,2026-08-22T14:49:54.947Z
sensor.air_quality_monitor_co2,2313.0,2026-08-22T14:50:14.950Z
sensor.air_quality_monitor_co2,2314.0,2026-08-22T14:50:44.956Z
sensor.air_quality_monitor_co2,2311.0,2026-08-22T14:50:54.957Z
sensor.air_quality_monitor_co2,2310.0,2026-08-22T14:51:04.967Z
sensor.air_quality_monitor_co2,2307.0,2026-08-22T14:51:24.975Z
sensor.air_quality_monitor_co2,2305.0,2026-08-22T14:51:34.977Z
sensor.air_quality_monitor_co2,2304.0,2026-08-22T14:52:24.987Z
sensor.air_quality_monitor_co2,2305.0,2026-08-22T14:52:34.989Z
sensor.air_quality_monitor_co2,2304.0,2026-08-22T14:52:54.998Z
sensor.air_quality_monitor_co2,2303.0,2026-08-22T14:53:15.002Z
sensor.air_quality_monitor_co2,2302.0,2026-08-22T14:53:25.003Z
sensor.air_quality_monitor_co2,2301.0,2026-08-22T14:53:45.013Z
sensor.air_quality_monitor_co2,2300.0,2026-08-22T14:53:55.018Z
sensor.air_quality_monitor_co2,2298.0,2026-08-22T14:54:15.028Z
sensor.air_quality_monitor_co2,2297.0,2026-08-22T14:54:25.026Z
sensor.air_quality_monitor_co2,2296.0,2026-08-22T14:54:35.032Z
sensor.air_quality_monitor_co2,2295.0,2026-08-22T14:54:45.034Z
sensor.air_quality_monitor_co2,2294.0,2026-08-22T14:54:55.038Z
sensor.air_quality_monitor_co2,2295.0,2026-08-22T14:55:05.039Z
sensor.air_quality_monitor_co2,2294.0,2026-08-22T14:55:15.043Z
sensor.air_quality_monitor_co2,2295.0,2026-08-22T14:55:35.045Z
sensor.air_quality_monitor_co2,2296.0,2026-08-22T14:55:45.046Z
sensor.air_quality_monitor_co2,2295.0,2026-08-22T14:55:55.047Z
sensor.air_quality_monitor_co2,2296.0,2026-08-22T14:56:05.051Z
sensor.air_quality_monitor_co2,2295.0,2026-08-22T14:56:15.051Z
sensor.air_quality_monitor_co2,2294.0,2026-08-22T14:56:35.052Z
sensor.air_quality_monitor_co2,2295.0,2026-08-22T14:56:45.052Z
sensor.air_quality_monitor_co2,2293.0,2026-08-22T14:56:55.053Z
sensor.air_quality_monitor_co2,2292.0,2026-08-22T14:57:15.055Z
sensor.air_quality_monitor_co2,2290.0,2026-08-22T14:57:25.059Z
sensor.air_quality_monitor_co2,2291.0,2026-08-22T14:57:35.062Z
sensor.air_quality_monitor_co2,2290.0,2026-08-22T14:57:45.067Z
sensor.air_quality_monitor_co2,2289.0,2026-08-22T14:57:55.068Z
sensor.air_quality_monitor_co2,2288.0,2026-08-22T14:58:15.076Z
sensor.air_quality_monitor_co2,2287.0,2026-08-22T14:58:25.088Z
sensor.air_quality_monitor_co2,2286.0,2026-08-22T14:58:45.094Z
sensor.air_quality_monitor_co2,2284.0,2026-08-22T14:58:55.096Z
sensor.air_quality_monitor_co2,2279.0,2026-08-22T14:59:05.110Z
sensor.air_quality_monitor_co2,2280.0,2026-08-22T14:59:25.113Z
sensor.air_quality_monitor_co2,2277.0,2026-08-22T14:59:45.113Z
sensor.air_quality_monitor_co2,2276.0,2026-08-22T14:59:55.114Z
sensor.air_quality_monitor_co2,2275.0,2026-08-22T15:00:25.118Z
sensor.air_quality_monitor_co2,2274.0,2026-08-22T15:00:35.118Z
sensor.air_quality_monitor_co2,2273.0,2026-08-22T15:00:55.119Z
sensor.air_quality_monitor_co2,2272.0,2026-08-22T15:01:05.113Z
sensor.air_quality_monitor_co2,2271.0,2026-08-22T15:01:15.122Z
sensor.air_quality_monitor_co2,2272.0,2026-08-22T15:01:25.122Z
sensor.air_quality_monitor_co2,2271.0,2026-08-22T15:01:35.123Z
sensor.air_quality_monitor_co2,2272.0,2026-08-22T15:01:45.127Z
sensor.air_quality_monitor_co2,2271.0,2026-08-22T15:02:05.134Z
sensor.air_quality_monitor_co2,2272.0,2026-08-22T15:02:15.140Z
sensor.air_quality_monitor_co2,2271.0,2026-08-22T15:02:35.145Z
sensor.air_quality_monitor_co2,2270.0,2026-08-22T15:02:45.145Z
sensor.air_quality_monitor_co2,2269.0,2026-08-22T15:03:05.149Z
sensor.air_quality_monitor_co2,2271.0,2026-08-22T15:03:15.149Z
sensor.air_quality_monitor_co2,2270.0,2026-08-22T15:03:25.159Z
sensor.air_quality_monitor_co2,2269.0,2026-08-22T15:03:35.150Z
sensor.air_quality_monitor_co2,2268.0,2026-08-22T15:03:45.152Z
sensor.air_quality_monitor_co2,2266.0,2026-08-22T15:04:05.154Z
sensor.air_quality_monitor_co2,2265.0,2026-08-22T15:04:15.170Z
sensor.air_quality_monitor_co2,2266.0,2026-08-22T15:04:35.170Z
sensor.air_quality_monitor_co2,2265.0,2026-08-22T15:04:45.170Z
sensor.air_quality_monitor_co2,2264.0,2026-08-22T15:05:05.176Z
sensor.air_quality_monitor_co2,2262.0,2026-08-22T15:05:15.177Z
sensor.air_quality_monitor_co2,2263.0,2026-08-22T15:05:35.180Z
sensor.air_quality_monitor_co2,2262.0,2026-08-22T15:06:05.184Z
sensor.air_quality_monitor_co2,2259.0,2026-08-22T15:06:15.185Z
sensor.air_quality_monitor_co2,2260.0,2026-08-22T15:06:25.185Z
sensor.air_quality_monitor_co2,2264.0,2026-08-22T15:06:55.197Z
sensor.air_quality_monitor_co2,2265.0,2026-08-22T15:07:05.204Z
sensor.air_quality_monitor_co2,2264.0,2026-08-22T15:07:35.206Z
sensor.air_quality_monitor_co2,2261.0,2026-08-22T15:08:15.216Z
sensor.air_quality_monitor_co2,2260.0,2026-08-22T15:08:25.219Z
sensor.air_quality_monitor_co2,2257.0,2026-08-22T15:08:45.225Z
sensor.air_quality_monitor_co2,2255.0,2026-08-22T15:08:55.227Z
sensor.air_quality_monitor_co2,2254.0,2026-08-22T15:09:05.224Z
sensor.air_quality_monitor_co2,2253.0,2026-08-22T15:09:15.226Z
sensor.air_quality_monitor_co2,2252.0,2026-08-22T15:10:05.227Z
sensor.air_quality_monitor_co2,2251.0,2026-08-22T15:10:15.228Z
sensor.air_quality_monitor_co2,2252.0,2026-08-22T15:10:25.228Z
sensor.air_quality_monitor_co2,2249.0,2026-08-22T15:10:45.236Z
sensor.air_quality_monitor_co2,2245.0,2026-08-22T15:10:55.235Z
sensor.air_quality_monitor_co2,2235.0,2026-08-22T15:11:05.235Z
sensor.air_quality_monitor_co2,2230.0,2026-08-22T15:11:15.236Z
sensor.air_quality_monitor_co2,2224.0,2026-08-22T15:11:25.238Z
sensor.air_quality_monitor_co2,2212.0,2026-08-22T15:11:35.242Z
sensor.air_quality_monitor_co2,2207.0,2026-08-22T15:11:45.243Z
sensor.air_quality_monitor_co2,2200.0,2026-08-22T15:11:55.242Z
sensor.air_quality_monitor_co2,2194.0,2026-08-22T15:12:05.253Z
sensor.air_quality_monitor_co2,2190.0,2026-08-22T15:12:25.252Z
sensor.air_quality_monitor_co2,2186.0,2026-08-22T15:12:35.260Z
sensor.air_quality_monitor_co2,2179.0,2026-08-22T15:12:45.270Z
sensor.air_quality_monitor_co2,2176.0,2026-08-22T15:12:55.272Z
sensor.air_quality_monitor_co2,2167.0,2026-08-22T15:13:05.278Z
sensor.air_quality_monitor_co2,2163.0,2026-08-22T15:13:15.277Z
sensor.air_quality_monitor_co2,2157.0,2026-08-22T15:13:25.278Z
sensor.air_quality_monitor_co2,2146.0,2026-08-22T15:13:35.281Z
sensor.air_quality_monitor_co2,2136.0,2026-08-22T15:13:45.282Z
sensor.air_quality_monitor_co2,2128.0,2026-08-22T15:13:55.285Z
sensor.air_quality_monitor_co2,2113.0,2026-08-22T15:14:05.287Z
sensor.air_quality_monitor_co2,2110.0,2026-08-22T15:14:15.286Z
sensor.air_quality_monitor_co2,2101.0,2026-08-22T15:14:25.287Z
sensor.air_quality_monitor_co2,2093.0,2026-08-22T15:14:35.288Z
sensor.air_quality_monitor_co2,2086.0,2026-08-22T15:14:45.287Z
sensor.air_quality_monitor_co2,2073.0,2026-08-22T15:14:55.290Z
sensor.air_quality_monitor_co2,2058.0,2026-08-22T15:15:05.306Z
sensor.air_quality_monitor_co2,2039.0,2026-08-22T15:15:15.318Z
sensor.air_quality_monitor_co2,2029.0,2026-08-22T15:15:25.322Z
sensor.air_quality_monitor_co2,2024.0,2026-08-22T15:15:35.323Z
sensor.air_quality_monitor_co2,2019.0,2026-08-22T15:15:45.324Z
sensor.air_quality_monitor_co2,2007.0,2026-08-22T15:15:55.324Z
sensor.air_quality_monitor_co2,2000.0,2026-08-22T15:16:05.327Z
sensor.air_quality_monitor_co2,1988.0,2026-08-22T15:16:15.328Z
sensor.air_quality_monitor_co2,1982.0,2026-08-22T15:16:25.328Z
sensor.air_quality_monitor_co2,1974.0,2026-08-22T15:16:35.328Z
sensor.air_quality_monitor_co2,1963.0,2026-08-22T15:16:45.328Z
sensor.air_quality_monitor_co2,1952.0,2026-08-22T15:16:55.331Z
sensor.air_quality_monitor_co2,1944.0,2026-08-22T15:17:05.332Z
sensor.air_quality_monitor_co2,1941.0,2026-08-22T15:17:15.334Z
sensor.air_quality_monitor_co2,1932.0,2026-08-22T15:17:25.338Z
sensor.air_quality_monitor_co2,1919.0,2026-08-22T15:17:35.336Z
sensor.air_quality_monitor_co2,1914.0,2026-08-22T15:17:45.344Z
sensor.air_quality_monitor_co2,1904.0,2026-08-22T15:17:55.338Z
sensor.air_quality_monitor_co2,1900.0,2026-08-22T15:18:05.338Z
sensor.air_quality_monitor_co2,1892.0,2026-08-22T15:18:15.347Z
sensor.air_quality_monitor_co2,1883.0,2026-08-22T15:18:25.360Z
sensor.air_quality_monitor_co2,1873.0,2026-08-22T15:18:35.362Z
sensor.air_quality_monitor_co2,1870.0,2026-08-22T15:18:45.362Z
sensor.air_quality_monitor_co2,1865.0,2026-08-22T15:18:55.363Z
sensor.air_quality_monitor_co2,1860.0,2026-08-22T15:19:05.365Z
sensor.air_quality_monitor_co2,1855.0,2026-08-22T15:19:15.369Z
sensor.air_quality_monitor_co2,1843.0,2026-08-22T15:19:25.371Z
sensor.air_quality_monitor_co2,1829.0,2026-08-22T15:19:35.369Z
sensor.air_quality_monitor_co2,1814.0,2026-08-22T15:19:45.370Z
sensor.air_quality_monitor_co2,1796.0,2026-08-22T15:19:55.378Z
sensor.air_quality_monitor_co2,1788.0,2026-08-22T15:20:05.372Z
sensor.air_quality_monitor_co2,1781.0,2026-08-22T15:20:15.376Z
sensor.air_quality_monitor_co2,1773.0,2026-08-22T15:20:25.385Z
sensor.air_quality_monitor_co2,1765.0,2026-08-22T15:20:35.376Z
sensor.air_quality_monitor_co2,1755.0,2026-08-22T15:20:45.376Z
sensor.air_quality_monitor_co2,1745.0,2026-08-22T15:20:55.388Z
sensor.air_quality_monitor_co2,1741.0,2026-08-22T15:21:05.385Z
sensor.air_quality_monitor_co2,1738.0,2026-08-22T15:21:15.385Z
sensor.air_quality_monitor_co2,1733.0,2026-08-22T15:21:25.393Z
sensor.air_quality_monitor_co2,1729.0,2026-08-22T15:21:45.399Z
sensor.air_quality_monitor_co2,1719.0,2026-08-22T15:21:55.403Z
sensor.air_quality_monitor_co2,1712.0,2026-08-22T15:22:05.405Z
sensor.air_quality_monitor_co2,1711.0,2026-08-22T15:22:15.403Z
sensor.air_quality_monitor_co2,1707.0,2026-08-22T15:22:25.412Z
sensor.air_quality_monitor_co2,1698.0,2026-08-22T15:22:35.409Z
sensor.air_quality_monitor_co2,1686.0,2026-08-22T15:22:45.414Z
sensor.air_quality_monitor_co2,1680.0,2026-08-22T15:22:55.414Z
sensor.air_quality_monitor_co2,1669.0,2026-08-22T15:23:05.422Z
sensor.air_quality_monitor_co2,1666.0,2026-08-22T15:23:15.423Z
sensor.air_quality_monitor_co2,1662.0,2026-08-22T15:23:25.425Z
sensor.air_quality_monitor_co2,1661.0,2026-08-22T15:23:35.424Z
sensor.air_quality_monitor_co2,1655.0,2026-08-22T15:23:45.426Z
sensor.air_quality_monitor_co2,1647.0,2026-08-22T15:23:55.426Z
sensor.air_quality_monitor_co2,1643.0,2026-08-22T15:24:05.426Z
sensor.air_quality_monitor_co2,1639.0,2026-08-22T15:24:15.429Z
sensor.air_quality_monitor_co2,1638.0,2026-08-22T15:24:25.430Z
sensor.air_quality_monitor_co2,1633.0,2026-08-22T15:24:35.429Z
sensor.air_quality_monitor_co2,1631.0,2026-08-22T15:24:45.430Z
sensor.air_quality_monitor_co2,1621.0,2026-08-22T15:24:55.430Z
sensor.air_quality_monitor_co2,1616.0,2026-08-22T15:25:05.436Z
sensor.air_quality_monitor_co2,1613.0,2026-08-22T15:25:15.436Z
sensor.air_quality_monitor_co2,1606.0,2026-08-22T15:25:25.437Z
sensor.air_quality_monitor_co2,1603.0,2026-08-22T15:25:45.440Z
sensor.air_quality_monitor_co2,1602.0,2026-08-22T15:25:55.440Z
sensor.air_quality_monitor_co2,1597.0,2026-08-22T15:26:05.442Z
sensor.air_quality_monitor_co2,1594.0,2026-08-22T15:26:15.444Z
sensor.air_quality_monitor_co2,1590.0,2026-08-22T15:26:25.445Z
sensor.air_quality_monitor_co2,1584.0,2026-08-22T15:26:35.451Z
sensor.air_quality_monitor_co2,1582.0,2026-08-22T15:26:45.450Z
sensor.air_quality_monitor_co2,1579.0,2026-08-22T15:26:55.454Z
sensor.air_quality_monitor_co2,1577.0,2026-08-22T15:27:15.460Z
sensor.air_quality_monitor_co2,1573.0,2026-08-22T15:27:35.468Z
sensor.air_quality_monitor_co2,1570.0,2026-08-22T15:27:45.472Z
sensor.air_quality_monitor_co2,1566.0,2026-08-22T15:27:55.462Z
sensor.air_quality_monitor_co2,1562.0,2026-08-22T15:28:05.475Z
sensor.air_quality_monitor_co2,1556.0,2026-08-22T15:28:25.464Z
sensor.air_quality_monitor_co2,1555.0,2026-08-22T15:29:15.466Z
sensor.air_quality_monitor_co2,1556.0,2026-08-22T15:29:25.480Z
sensor.air_quality_monitor_co2,1555.0,2026-08-22T15:29:35.467Z
sensor.air_quality_monitor_co2,1554.0,2026-08-22T15:29:45.480Z
sensor.air_quality_monitor_co2,1552.0,2026-08-22T15:30:15.482Z
sensor.air_quality_monitor_co2,1551.0,2026-08-22T15:30:35.483Z
sensor.air_quality_monitor_co2,1552.0,2026-08-22T15:30:45.484Z
sensor.air_quality_monitor_co2,1551.0,2026-08-22T15:30:55.485Z
sensor.air_quality_monitor_co2,1550.0,2026-08-22T15:31:05.472Z
sensor.air_quality_monitor_co2,1547.0,2026-08-22T15:31:25.487Z
sensor.air_quality_monitor_co2,1546.0,2026-08-22T15:31:35.488Z
sensor.air_quality_monitor_co2,1545.0,2026-08-22T15:31:55.489Z
sensor.air_quality_monitor_co2,1544.0,2026-08-22T15:32:25.494Z
sensor.air_quality_monitor_co2,1542.0,2026-08-22T15:32:45.492Z
sensor.air_quality_monitor_co2,1543.0,2026-08-22T15:32:55.500Z
sensor.air_quality_monitor_co2,1542.0,2026-08-22T15:33:05.503Z
sensor.air_quality_monitor_co2,1541.0,2026-08-22T15:33:25.504Z
sensor.air_quality_monitor_co2,1540.0,2026-08-22T15:33:35.511Z
sensor.air_quality_monitor_co2,1539.0,2026-08-22T15:33:55.511Z
sensor.air_quality_monitor_co2,1538.0,2026-08-22T15:34:15.519Z
sensor.air_quality_monitor_co2,1537.0,2026-08-22T15:34:25.518Z
sensor.air_quality_monitor_co2,1536.0,2026-08-22T15:34:35.527Z
sensor.air_quality_monitor_co2,1535.0,2026-08-22T15:34:45.530Z
sensor.air_quality_monitor_co2,1534.0,2026-08-22T15:35:05.532Z
sensor.air_quality_monitor_co2,1533.0,2026-08-22T15:35:15.537Z
sensor.air_quality_monitor_co2,1531.0,2026-08-22T15:35:25.536Z
sensor.air_quality_monitor_co2,1530.0,2026-08-22T15:35:45.544Z
sensor.air_quality_monitor_co2,1531.0,2026-08-22T15:36:05.547Z
sensor.air_quality_monitor_co2,1532.0,2026-08-22T15:36:25.551Z
sensor.air_quality_monitor_co2,1533.0,2026-08-22T15:37:15.589Z
sensor.air_quality_monitor_co2,1532.0,2026-08-22T15:37:55.597Z
sensor.air_quality_monitor_co2,1533.0,2026-08-22T15:38:05.601Z
sensor.air_quality_monitor_co2,1534.0,2026-08-22T15:38:15.602Z
sensor.air_quality_monitor_co2,1535.0,2026-08-22T15:38:25.607Z
sensor.air_quality_monitor_co2,1534.0,2026-08-22T15:38:35.607Z
sensor.air_quality_monitor_co2,1533.0,2026-08-22T15:38:55.611Z
sensor.air_quality_monitor_co2,1534.0,2026-08-22T15:39:15.613Z
sensor.air_quality_monitor_co2,1536.0,2026-08-22T15:39:25.616Z
sensor.air_quality_monitor_co2,1537.0,2026-08-22T15:39:35.616Z
sensor.air_quality_monitor_co2,1538.0,2026-08-22T15:39:45.617Z
sensor.air_quality_monitor_co2,1537.0,2026-08-22T15:39:55.618Z
sensor.air_quality_monitor_co2,1541.0,2026-08-22T15:40:05.618Z
sensor.air_quality_monitor_co2,1542.0,2026-08-22T15:40:25.622Z
sensor.air_quality_monitor_co2,1541.0,2026-08-22T15:40:35.622Z
sensor.air_quality_monitor_co2,1542.0,2026-08-22T15:40:45.621Z
sensor.air_quality_monitor_co2,1541.0,2026-08-22T15:41:15.626Z
sensor.air_quality_monitor_co2,1542.0,2026-08-22T15:41:45.632Z
sensor.air_quality_monitor_co2,1540.0,2026-08-22T15:41:55.632Z
sensor.air_quality_monitor_co2,1542.0,2026-08-22T15:42:15.635Z
sensor.air_quality_monitor_co2,1541.0,2026-08-22T15:42:25.643Z
sensor.air_quality_monitor_co2,1542.0,2026-08-22T15:42:55.648Z
sensor.air_quality_monitor_co2,1541.0,2026-08-22T15:43:05.645Z
sensor.air_quality_monitor_co2,1542.0,2026-08-22T15:43:45.650Z
sensor.air_quality_monitor_co2,1541.0,2026-08-22T15:44:05.651Z
sensor.air_quality_monitor_co2,1539.0,2026-08-22T15:44:25.662Z
sensor.air_quality_monitor_co2,1540.0,2026-08-22T15:45:05.694Z
sensor.air_quality_monitor_co2,1543.0,2026-08-22T15:45:15.700Z
sensor.air_quality_monitor_co2,1542.0,2026-08-22T15:45:25.699Z
sensor.air_quality_monitor_co2,1541.0,2026-08-22T15:45:45.710Z
sensor.air_quality_monitor_co2,1540.0,2026-08-22T15:45:55.711Z
sensor.air_quality_monitor_co2,1542.0,2026-08-22T15:46:05.721Z
sensor.air_quality_monitor_co2,1541.0,2026-08-22T15:46:15.712Z
sensor.air_quality_monitor_co2,1540.0,2026-08-22T15:46:25.712Z
sensor.air_quality_monitor_co2,1542.0,2026-08-22T15:46:35.728Z
sensor.air_quality_monitor_co2,1543.0,2026-08-22T15:46:45.715Z
sensor.air_quality_monitor_co2,1545.0,2026-08-22T15:46:55.717Z
sensor.air_quality_monitor_co2,1548.0,2026-08-22T15:47:05.728Z
sensor.air_quality_monitor_co2,1549.0,2026-08-22T15:47:15.718Z
sensor.air_quality_monitor_co2,1548.0,2026-08-22T15:47:25.720Z
sensor.air_quality_monitor_co2,1549.0,2026-08-22T15:47:45.720Z
sensor.air_quality_monitor_co2,1550.0,2026-08-22T15:48:15.720Z
sensor.air_quality_monitor_co2,1549.0,2026-08-22T15:48:45.722Z
sensor.air_quality_monitor_co2,1548.0,2026-08-22T15:49:05.728Z
sensor.air_quality_monitor_co2,1549.0,2026-08-22T15:49:15.732Z
sensor.air_quality_monitor_co2,1546.0,2026-08-22T15:49:25.733Z
sensor.air_quality_monitor_co2,1548.0,2026-08-22T15:49:35.741Z
sensor.air_quality_monitor_co2,1549.0,2026-08-22T15:49:45.744Z
sensor.air_quality_monitor_co2,1550.0,2026-08-22T15:49:55.736Z
sensor.air_quality_monitor_co2,1549.0,2026-08-22T15:50:25.747Z
sensor.air_quality_monitor_co2,1548.0,2026-08-22T15:50:35.750Z
sensor.air_quality_monitor_co2,1549.0,2026-08-22T15:50:45.742Z
sensor.air_quality_monitor_co2,1548.0,2026-08-22T15:50:55.752Z
sensor.air_quality_monitor_co2,1549.0,2026-08-22T15:51:05.755Z
sensor.air_quality_monitor_co2,1552.0,2026-08-22T15:51:25.762Z
sensor.air_quality_monitor_co2,1551.0,2026-08-22T15:52:05.768Z
sensor.air_quality_monitor_co2,1552.0,2026-08-22T15:52:15.771Z
sensor.air_quality_monitor_co2,1550.0,2026-08-22T15:52:25.772Z
sensor.air_quality_monitor_co2,1549.0,2026-08-22T15:52:55.780Z
sensor.air_quality_monitor_co2,1548.0,2026-08-22T15:53:05.795Z
sensor.air_quality_monitor_co2,1549.0,2026-08-22T15:53:15.795Z
sensor.air_quality_monitor_co2,1550.0,2026-08-22T15:54:05.808Z
sensor.air_quality_monitor_co2,1552.0,2026-08-22T15:54:35.831Z
sensor.air_quality_monitor_co2,1553.0,2026-08-22T15:54:45.832Z
sensor.air_quality_monitor_co2,1554.0,2026-08-22T15:55:05.837Z
sensor.air_quality_monitor_co2,1553.0,2026-08-22T15:55:35.840Z
sensor.air_quality_monitor_co2,1554.0,2026-08-22T15:55:55.843Z
sensor.air_quality_monitor_co2,1552.0,2026-08-22T15:56:15.844Z
sensor.air_quality_monitor_co2,1551.0,2026-08-22T15:56:25.845Z
sensor.air_quality_monitor_co2,1550.0,2026-08-22T15:56:45.850Z
sensor.air_quality_monitor_co2,1549.0,2026-08-22T15:57:05.850Z
sensor.air_quality_monitor_co2,1550.0,2026-08-22T15:57:15.853Z
sensor.air_quality_monitor_co2,1549.0,2026-08-22T15:57:25.860Z
sensor.air_quality_monitor_co2,1548.0,2026-08-22T15:57:45.857Z
sensor.air_quality_monitor_co2,1549.0,2026-08-22T15:57:55.864Z
sensor.air_quality_monitor_co2,1550.0,2026-08-22T15:58:05.863Z
sensor.air_quality_monitor_co2,1549.0,2026-08-22T15:58:25.871Z
sensor.air_quality_monitor_co2,1548.0,2026-08-22T15:58:55.880Z
sensor.air_quality_monitor_co2,1547.0,2026-08-22T15:59:15.880Z
sensor.air_quality_monitor_co2,1548.0,2026-08-22T15:59:35.884Z
sensor.air_quality_monitor_co2,1547.0,2026-08-22T15:59:55.893Z
sensor.air_quality_monitor_co2,1549.0,2026-08-22T16:00:15.885Z
sensor.air_quality_monitor_co2,1550.0,2026-08-22T16:00:25.897Z
sensor.air_quality_monitor_co2,1553.0,2026-08-22T16:00:45.890Z
sensor.air_quality_monitor_co2,1552.0,2026-08-22T16:00:55.901Z
sensor.air_quality_monitor_co2,1553.0,2026-08-22T16:01:25.903Z
sensor.air_quality_monitor_co2,1552.0,2026-08-22T16:02:15.905Z
sensor.air_quality_monitor_co2,1554.0,2026-08-22T16:02:35.908Z
sensor.air_quality_monitor_co2,1555.0,2026-08-22T16:02:45.894Z
sensor.air_quality_monitor_co2,1557.0,2026-08-22T16:02:55.911Z
sensor.air_quality_monitor_co2,1559.0,2026-08-22T16:03:05.912Z
sensor.air_quality_monitor_co2,1558.0,2026-08-22T16:03:25.911Z
sensor.air_quality_monitor_co2,1556.0,2026-08-22T16:03:35.899Z
sensor.air_quality_monitor_co2,1555.0,2026-08-22T16:03:45.900Z
sensor.air_quality_monitor_co2,1558.0,2026-08-22T16:03:55.912Z
sensor.air_quality_monitor_co2,1562.0,2026-08-22T16:04:55.918Z
sensor.air_quality_monitor_co2,1563.0,2026-08-22T16:05:15.910Z
sensor.air_quality_monitor_co2,1564.0,2026-08-22T16:05:25.922Z
sensor.air_quality_monitor_co2,1565.0,2026-08-22T16:05:45.918Z
sensor.air_quality_monitor_co2,1566.0,2026-08-22T16:05:55.926Z
sensor.air_quality_monitor_co2,1565.0,2026-08-22T16:06:05.919Z
sensor.air_quality_monitor_co2,1564.0,2026-08-22T16:06:15.928Z
sensor.air_quality_monitor_co2,1565.0,2026-08-22T16:06:25.932Z
sensor.air_quality_monitor_co2,1567.0,2026-08-22T16:06:35.921Z
sensor.air_quality_monitor_co2,1569.0,2026-08-22T16:06:45.921Z
sensor.air_quality_monitor_co2,1570.0,2026-08-22T16:07:05.927Z
sensor.air_quality_monitor_co2,1572.0,2026-08-22T16:07:15.928Z
sensor.air_quality_monitor_co2,1574.0,2026-08-22T16:07:25.936Z
sensor.air_quality_monitor_co2,1577.0,2026-08-22T16:07:55.940Z
sensor.air_quality_monitor_co2,1578.0,2026-08-22T16:08:15.936Z
sensor.air_quality_monitor_co2,1576.0,2026-08-22T16:08:25.946Z
sensor.air_quality_monitor_co2,1577.0,2026-08-22T16:08:35.957Z
sensor.air_quality_monitor_co2,1578.0,2026-08-22T16:09:05.959Z
sensor.air_quality_monitor_co2,1577.0,2026-08-22T16:09:15.961Z
sensor.air_quality_monitor_co2,1578.0,2026-08-22T16:09:25.960Z
sensor.air_quality_monitor_co2,1577.0,2026-08-22T16:09:35.962Z
sensor.air_quality_monitor_co2,1578.0,2026-08-22T16:09:45.962Z
sensor.air_quality_monitor_co2,1579.0,2026-08-22T16:09:55.964Z
sensor.air_quality_monitor_co2,1578.0,2026-08-22T16:10:05.969Z
sensor.air_quality_monitor_co2,1579.0,2026-08-22T16:10:15.969Z
sensor.air_quality_monitor_co2,1580.0,2026-08-22T16:10:45.972Z
sensor.air_quality_monitor_co2,1579.0,2026-08-22T16:10:55.976Z
sensor.air_quality_monitor_co2,1578.0,2026-08-22T16:11:15.978Z
sensor.air_quality_monitor_co2,1577.0,2026-08-22T16:11:25.978Z
sensor.air_quality_monitor_co2,1578.0,2026-08-22T16:11:35.983Z
sensor.air_quality_monitor_co2,1581.0,2026-08-22T16:11:45.984Z
sensor.air_quality_monitor_co2,1582.0,2026-08-22T16:11:55.984Z
sensor.air_quality_monitor_co2,1583.0,2026-08-22T16:12:15.986Z
sensor.air_quality_monitor_co2,1585.0,2026-08-22T16:12:25.988Z
sensor.air_quality_monitor_co2,1587.0,2026-08-22T16:12:45.991Z
sensor.air_quality_monitor_co2,1588.0,2026-08-22T16:12:55.991Z
sensor.air_quality_monitor_co2,1590.0,2026-08-22T16:13:15.991Z
sensor.air_quality_monitor_co2,1591.0,2026-08-22T16:13:25.996Z
sensor.air_quality_monitor_co2,1590.0,2026-08-22T16:13:35.999Z
sensor.air_quality_monitor_co2,1589.0,2026-08-22T16:13:45.999Z
sensor.air_quality_monitor_co2,1590.0,2026-08-22T16:13:56.001Z
sensor.air_quality_monitor_co2,1589.0,2026-08-22T16:14:06.008Z
sensor.air_quality_monitor_co2,1588.0,2026-08-22T16:14:16.001Z
sensor.air_quality_monitor_co2,1589.0,2026-08-22T16:14:36.003Z
sensor.air_quality_monitor_co2,1591.0,2026-08-22T16:14:46.013Z
sensor.air_quality_monitor_co2,1593.0,2026-08-22T16:15:06.016Z
sensor.air_quality_monitor_co2,1595.0,2026-08-22T16:15:16.017Z
sensor.air_quality_monitor_co2,1596.0,2026-08-22T16:15:26.019Z
sensor.air_quality_monitor_co2,1597.0,2026-08-22T16:15:56.008Z
sensor.air_quality_monitor_co2,1598.0,2026-08-22T16:16:06.021Z
sensor.air_quality_monitor_co2,1600.0,2026-08-22T16:16:16.021Z
sensor.air_quality_monitor_co2,1601.0,2026-08-22T16:16:36.015Z
sensor.air_quality_monitor_co2,1607.0,2026-08-22T16:16:46.016Z
sensor.air_quality_monitor_co2,1611.0,2026-08-22T16:17:06.025Z
sensor.air_quality_monitor_co2,1613.0,2026-08-22T16:17:16.036Z
sensor.air_quality_monitor_co2,1617.0,2026-08-22T16:17:26.035Z
sensor.air_quality_monitor_co2,1619.0,2026-08-22T16:17:36.038Z
sensor.air_quality_monitor_co2,1620.0,2026-08-22T16:17:46.037Z
sensor.air_quality_monitor_co2,1623.0,2026-08-22T16:18:06.038Z
sensor.air_quality_monitor_co2,1622.0,2026-08-22T16:18:16.039Z
sensor.air_quality_monitor_co2,1625.0,2026-08-22T16:18:36.053Z
sensor.air_quality_monitor_co2,1626.0,2026-08-22T16:18:56.051Z
sensor.air_quality_monitor_co2,1627.0,2026-08-22T16:19:06.062Z
sensor.air_quality_monitor_co2,1630.0,2026-08-22T16:19:16.064Z
sensor.air_quality_monitor_co2,1632.0,2026-08-22T16:19:36.070Z
sensor.air_quality_monitor_co2,1633.0,2026-08-22T16:19:46.074Z
sensor.air_quality_monitor_co2,1634.0,2026-08-22T16:20:06.074Z
sensor.air_quality_monitor_co2,1635.0,2026-08-22T16:20:16.075Z
sensor.air_quality_monitor_co2,1634.0,2026-08-22T16:20:26.076Z
sensor.air_quality_monitor_co2,1635.0,2026-08-22T16:20:36.078Z
sensor.air_quality_monitor_co2,1636.0,2026-08-22T16:20:56.086Z
sensor.air_quality_monitor_co2,1635.0,2026-08-22T16:21:06.089Z
sensor.air_quality_monitor_co2,1636.0,2026-08-22T16:21:16.097Z
sensor.air_quality_monitor_co2,1637.0,2026-08-22T16:21:26.089Z
sensor.air_quality_monitor_co2,1638.0,2026-08-22T16:21:36.090Z
sensor.air_quality_monitor_co2,1637.0,2026-08-22T16:21:56.090Z
sensor.air_quality_monitor_co2,1636.0,2026-08-22T16:22:06.093Z
sensor.air_quality_monitor_co2,1637.0,2026-08-22T16:22:36.100Z
sensor.air_quality_monitor_co2,1638.0,2026-08-22T16:22:56.117Z
sensor.air_quality_monitor_co2,1639.0,2026-08-22T16:23:26.118Z
sensor.air_quality_monitor_co2,1640.0,2026-08-22T16:24:06.132Z
sensor.air_quality_monitor_co2,1639.0,2026-08-22T16:24:16.141Z
sensor.air_quality_monitor_co2,1641.0,2026-08-22T16:24:26.141Z
sensor.air_quality_monitor_co2,1642.0,2026-08-22T16:24:46.145Z
sensor.air_quality_monitor_co2,1641.0,2026-08-22T16:24:56.147Z
sensor.air_quality_monitor_co2,1642.0,2026-08-22T16:25:06.163Z
sensor.air_quality_monitor_co2,1644.0,2026-08-22T16:25:16.164Z
sensor.air_quality_monitor_co2,1645.0,2026-08-22T16:26:46.171Z
sensor.air_quality_monitor_co2,1644.0,2026-08-22T16:26:56.177Z
sensor.air_quality_monitor_co2,1642.0,2026-08-22T16:27:16.188Z
sensor.air_quality_monitor_co2,1641.0,2026-08-22T16:28:26.204Z
sensor.air_quality_monitor_co2,1640.0,2026-08-22T16:28:56.211Z
sensor.air_quality_monitor_co2,1641.0,2026-08-22T16:29:26.221Z
sensor.air_quality_monitor_co2,1642.0,2026-08-22T16:29:56.229Z
sensor.air_quality_monitor_co2,1643.0,2026-08-22T16:30:06.228Z
sensor.air_quality_monitor_co2,1642.0,2026-08-22T16:30:36.234Z
sensor.air_quality_monitor_co2,1644.0,2026-08-22T16:30:46.243Z
sensor.air_quality_monitor_co2,1642.0,2026-08-22T16:30:56.249Z
sensor.air_quality_monitor_co2,1643.0,2026-08-22T16:31:36.265Z
sensor.air_quality_monitor_co2,1642.0,2026-08-22T16:31:56.271Z
sensor.air_quality_monitor_co2,1643.0,2026-08-22T16:32:26.273Z
sensor.air_quality_monitor_co2,1641.0,2026-08-22T16:32:56.276Z
sensor.air_quality_monitor_co2,1642.0,2026-08-22T16:33:26.288Z
sensor.air_quality_monitor_co2,1643.0,2026-08-22T16:33:36.294Z
sensor.air_quality_monitor_co2,1642.0,2026-08-22T16:33:46.302Z
sensor.air_quality_monitor_co2,1643.0,2026-08-22T16:33:56.304Z
sensor.air_quality_monitor_co2,1644.0,2026-08-22T16:34:16.316Z
sensor.air_quality_monitor_co2,1647.0,2026-08-22T16:34:26.320Z
sensor.air_quality_monitor_co2,1646.0,2026-08-22T16:34:36.320Z
sensor.air_quality_monitor_co2,1647.0,2026-08-22T16:34:46.326Z
sensor.air_quality_monitor_co2,1646.0,2026-08-22T16:35:06.343Z
sensor.air_quality_monitor_co2,1645.0,2026-08-22T16:35:26.348Z
sensor.air_quality_monitor_co2,1644.0,2026-08-22T16:35:36.353Z
sensor.air_quality_monitor_co2,1647.0,2026-08-22T16:35:56.361Z
sensor.air_quality_monitor_co2,1646.0,2026-08-22T16:36:06.366Z
sensor.air_quality_monitor_co2,1648.0,2026-08-22T16:36:16.370Z
sensor.air_quality_monitor_co2,1650.0,2026-08-22T16:36:26.371Z
sensor.air_quality_monitor_co2,1653.0,2026-08-22T16:36:36.370Z
sensor.air_quality_monitor_co2,1655.0,2026-08-22T16:37:06.382Z
sensor.air_quality_monitor_co2,1654.0,2026-08-22T16:37:26.388Z
sensor.air_quality_monitor_co2,1653.0,2026-08-22T16:37:36.392Z
sensor.air_quality_monitor_co2,1652.0,2026-08-22T16:37:46.396Z
sensor.air_quality_monitor_co2,1653.0,2026-08-22T16:38:06.400Z
sensor.air_quality_monitor_co2,1652.0,2026-08-22T16:38:16.404Z
sensor.air_quality_monitor_co2,1653.0,2026-08-22T16:38:26.404Z
sensor.air_quality_monitor_co2,1654.0,2026-08-22T16:39:26.424Z
sensor.air_quality_monitor_co2,1655.0,2026-08-22T16:39:36.428Z
sensor.air_quality_monitor_co2,1654.0,2026-08-22T16:39:56.435Z
sensor.air_quality_monitor_co2,1655.0,2026-08-22T16:40:06.436Z
sensor.air_quality_monitor_co2,1657.0,2026-08-22T16:40:26.439Z
sensor.air_quality_monitor_co2,1658.0,2026-08-22T16:40:46.442Z
sensor.air_quality_monitor_co2,1659.0,2026-08-22T16:41:16.458Z
sensor.air_quality_monitor_co2,1661.0,2026-08-22T16:41:36.463Z
sensor.air_quality_monitor_co2,1664.0,2026-08-22T16:41:46.464Z
sensor.air_quality_monitor_co2,1666.0,2026-08-22T16:41:56.464Z
sensor.air_quality_monitor_co2,1665.0,2026-08-22T16:42:46.480Z
sensor.air_quality_monitor_co2,1666.0,2026-08-22T16:43:06.487Z
sensor.air_quality_monitor_co2,1667.0,2026-08-22T16:43:16.490Z
sensor.air_quality_monitor_co2,1668.0,2026-08-22T16:43:46.496Z
sensor.air_quality_monitor_co2,1667.0,2026-08-22T16:43:56.497Z
sensor.air_quality_monitor_co2,1668.0,2026-08-22T16:44:06.507Z
sensor.air_quality_monitor_co2,1669.0,2026-08-22T16:44:16.512Z
sensor.air_quality_monitor_co2,1671.0,2026-08-22T16:44:26.511Z
sensor.air_quality_monitor_co2,1672.0,2026-08-22T16:44:46.512Z
sensor.air_quality_monitor_co2,1673.0,2026-08-22T16:45:06.524Z
sensor.air_quality_monitor_co2,1674.0,2026-08-22T16:45:26.532Z
sensor.air_quality_monitor_co2,1673.0,2026-08-22T16:45:56.541Z
sensor.air_quality_monitor_co2,1676.0,2026-08-22T16:46:16.546Z
sensor.air_quality_monitor_co2,1675.0,2026-08-22T16:46:26.547Z
sensor.air_quality_monitor_co2,1677.0,2026-08-22T16:46:46.550Z
sensor.air_quality_monitor_co2,1678.0,2026-08-22T16:47:06.558Z
sensor.air_quality_monitor_co2,1679.0,2026-08-22T16:47:26.564Z
sensor.air_quality_monitor_co2,1681.0,2026-08-22T16:47:36.567Z
sensor.air_quality_monitor_co2,1682.0,2026-08-22T16:47:46.577Z
sensor.air_quality_monitor_co2,1684.0,2026-08-22T16:47:56.576Z
sensor.air_quality_monitor_co2,1683.0,2026-08-22T16:48:06.579Z
sensor.air_quality_monitor_co2,1685.0,2026-08-22T16:48:26.585Z
sensor.air_quality_monitor_co2,1684.0,2026-08-22T16:48:36.584Z
sensor.air_quality_monitor_co2,1685.0,2026-08-22T16:48:46.590Z
sensor.air_quality_monitor_co2,1686.0,2026-08-22T16:48:56.599Z
sensor.air_quality_monitor_co2,1687.0,2026-08-22T16:49:06.603Z
sensor.air_quality_monitor_co2,1688.0,2026-08-22T16:49:16.606Z
sensor.air_quality_monitor_co2,1690.0,2026-08-22T16:49:26.611Z
sensor.air_quality_monitor_co2,1691.0,2026-08-22T16:49:46.615Z
sensor.air_quality_monitor_co2,1693.0,2026-08-22T16:50:06.624Z
sensor.air_quality_monitor_co2,1692.0,2026-08-22T16:50:16.629Z
sensor.air_quality_monitor_co2,1693.0,2026-08-22T16:50:26.628Z
sensor.air_quality_monitor_co2,1694.0,2026-08-22T16:50:46.632Z
sensor.air_quality_monitor_co2,1696.0,2026-08-22T16:50:56.636Z
sensor.air_quality_monitor_co2,1698.0,2026-08-22T16:51:06.650Z
sensor.air_quality_monitor_co2,1699.0,2026-08-22T16:51:56.657Z
sensor.air_quality_monitor_co2,1698.0,2026-08-22T16:52:06.662Z
sensor.air_quality_monitor_co2,1699.0,2026-08-22T16:52:16.667Z
sensor.air_quality_monitor_co2,1700.0,2026-08-22T16:52:26.666Z
sensor.air_quality_monitor_co2,1699.0,2026-08-22T16:52:36.666Z
sensor.air_quality_monitor_co2,1700.0,2026-08-22T16:52:46.671Z
sensor.air_quality_monitor_co2,1702.0,2026-08-22T16:52:56.677Z
sensor.air_quality_monitor_co2,1703.0,2026-08-22T16:53:26.688Z
sensor.air_quality_monitor_co2,1704.0,2026-08-22T16:53:36.694Z
sensor.air_quality_monitor_co2,1705.0,2026-08-22T16:54:06.702Z
sensor.air_quality_monitor_co2,1708.0,2026-08-22T16:54:26.713Z
sensor.air_quality_monitor_co2,1709.0,2026-08-22T16:54:56.717Z
sensor.air_quality_monitor_co2,1713.0,2026-08-22T16:55:06.725Z
sensor.air_quality_monitor_co2,1711.0,2026-08-22T16:55:26.730Z
sensor.air_quality_monitor_co2,1712.0,2026-08-22T16:55:36.737Z
sensor.air_quality_monitor_co2,1714.0,2026-08-22T16:56:16.748Z
sensor.air_quality_monitor_co2,1713.0,2026-08-22T16:56:36.754Z
sensor.air_quality_monitor_co2,1716.0,2026-08-22T16:56:46.754Z
sensor.air_quality_monitor_co2,1715.0,2026-08-22T16:56:56.759Z
sensor.air_quality_monitor_co2,1717.0,2026-08-22T16:57:06.767Z
sensor.air_quality_monitor_co2,1718.0,2026-08-22T16:57:26.767Z
sensor.air_quality_monitor_co2,1719.0,2026-08-22T16:57:46.772Z
sensor.air_quality_monitor_co2,1720.0,2026-08-22T16:57:56.774Z
sensor.air_quality_monitor_co2,1721.0,2026-08-22T16:58:06.777Z
sensor.air_quality_monitor_co2,1720.0,2026-08-22T16:58:36.786Z
sensor.air_quality_monitor_co2,1721.0,2026-08-22T16:58:56.790Z
sensor.air_quality_monitor_co2,1722.0,2026-08-22T16:59:06.802Z
sensor.air_quality_monitor_co2,1719.0,2026-08-22T16:59:26.807Z
sensor.air_quality_monitor_co2,1721.0,2026-08-22T16:59:36.809Z
sensor.air_quality_monitor_co2,1723.0,2026-08-22T16:59:46.813Z
sensor.air_quality_monitor_co2,1724.0,2026-08-22T17:00:26.817Z
sensor.air_quality_monitor_co2,1725.0,2026-08-22T17:00:46.820Z
sensor.air_quality_monitor_co2,1724.0,2026-08-22T17:00:56.824Z
sensor.air_quality_monitor_co2,1725.0,2026-08-22T17:01:26.834Z
sensor.air_quality_monitor_co2,1724.0,2026-08-22T17:01:46.840Z
sensor.air_quality_monitor_co2,1726.0,2026-08-22T17:01:56.841Z
sensor.air_quality_monitor_co2,1727.0,2026-08-22T17:02:06.845Z
sensor.air_quality_monitor_co2,1726.0,2026-08-22T17:02:16.852Z
sensor.air_quality_monitor_co2,1728.0,2026-08-22T17:02:26.857Z
sensor.air_quality_monitor_co2,1729.0,2026-08-22T17:02:36.856Z
sensor.air_quality_monitor_co2,1728.0,2026-08-22T17:02:46.859Z
sensor.air_quality_monitor_co2,1729.0,2026-08-22T17:02:56.865Z
sensor.air_quality_monitor_co2,1730.0,2026-08-22T17:03:06.872Z
sensor.air_quality_monitor_co2,1734.0,2026-08-22T17:03:26.879Z
sensor.air_quality_monitor_co2,1735.0,2026-08-22T17:03:36.882Z
sensor.air_quality_monitor_co2,1738.0,2026-08-22T17:03:46.888Z
sensor.air_quality_monitor_co2,1739.0,2026-08-22T17:04:06.890Z
sensor.air_quality_monitor_co2,1740.0,2026-08-22T17:04:36.911Z
sensor.air_quality_monitor_co2,1742.0,2026-08-22T17:05:06.910Z
sensor.air_quality_monitor_co2,1743.0,2026-08-22T17:05:36.914Z
sensor.air_quality_monitor_co2,1742.0,2026-08-22T17:05:46.904Z
sensor.air_quality_monitor_co2,1744.0,2026-08-22T17:05:56.904Z
sensor.air_quality_monitor_co2,1745.0,2026-08-22T17:06:06.917Z
sensor.air_quality_monitor_co2,1746.0,2026-08-22T17:06:36.925Z
sensor.air_quality_monitor_co2,1747.0,2026-08-22T17:07:16.914Z
sensor.air_quality_monitor_co2,1748.0,2026-08-22T17:07:36.929Z
sensor.air_quality_monitor_co2,1747.0,2026-08-22T17:07:46.917Z
sensor.air_quality_monitor_co2,1748.0,2026-08-22T17:07:56.920Z
sensor.air_quality_monitor_co2,1749.0,2026-08-22T17:08:26.931Z
sensor.air_quality_monitor_co2,1750.0,2026-08-22T17:08:46.939Z
sensor.air_quality_monitor_co2,1749.0,2026-08-22T17:09:06.957Z
sensor.air_quality_monitor_co2,1750.0,2026-08-22T17:09:16.957Z
sensor.air_quality_monitor_co2,1749.0,2026-08-22T17:09:36.963Z
sensor.air_quality_monitor_co2,1750.0,2026-08-22T17:09:56.973Z
sensor.air_quality_monitor_co2,1751.0,2026-08-22T17:10:16.981Z
sensor.air_quality_monitor_co2,1752.0,2026-08-22T17:10:26.983Z
sensor.air_quality_monitor_co2,1755.0,2026-08-22T17:10:46.990Z
sensor.air_quality_monitor_co2,1754.0,2026-08-22T17:10:56.996Z
sensor.air_quality_monitor_co2,1755.0,2026-08-22T17:11:07.004Z
sensor.air_quality_monitor_co2,1756.0,2026-08-22T17:11:17.007Z
sensor.air_quality_monitor_co2,1757.0,2026-08-22T17:11:27.011Z
sensor.air_quality_monitor_co2,1759.0,2026-08-22T17:11:37.017Z
sensor.air_quality_monitor_co2,1758.0,2026-08-22T17:11:57.018Z
sensor.air_quality_monitor_co2,1759.0,2026-08-22T17:12:07.022Z
sensor.air_quality_monitor_co2,1760.0,2026-08-22T17:12:17.026Z
sensor.air_quality_monitor_co2,1761.0,2026-08-22T17:12:27.026Z
sensor.air_quality_monitor_co2,1762.0,2026-08-22T17:12:37.027Z
sensor.air_quality_monitor_co2,1763.0,2026-08-22T17:12:47.030Z
sensor.air_quality_monitor_co2,1762.0,2026-08-22T17:13:07.039Z
sensor.air_quality_monitor_co2,1763.0,2026-08-22T17:13:27.046Z
sensor.air_quality_monitor_co2,1764.0,2026-08-22T17:13:37.051Z
sensor.air_quality_monitor_co2,1766.0,2026-08-22T17:13:47.055Z
sensor.air_quality_monitor_co2,1765.0,2026-08-22T17:14:27.060Z
sensor.air_quality_monitor_co2,1766.0,2026-08-22T17:14:47.063Z
sensor.air_quality_monitor_co2,1768.0,2026-08-22T17:14:57.067Z
sensor.air_quality_monitor_co2,1769.0,2026-08-22T17:15:27.081Z
sensor.air_quality_monitor_co2,1768.0,2026-08-22T17:15:37.082Z
sensor.air_quality_monitor_co2,1767.0,2026-08-22T17:15:47.085Z
sensor.air_quality_monitor_co2,1768.0,2026-08-22T17:15:57.088Z
sensor.air_quality_monitor_co2,1767.0,2026-08-22T17:16:07.091Z
sensor.air_quality_monitor_co2,1766.0,2026-08-22T17:16:17.096Z
sensor.air_quality_monitor_co2,1768.0,2026-08-22T17:16:37.099Z
sensor.air_quality_monitor_co2,1769.0,2026-08-22T17:16:47.106Z
sensor.air_quality_monitor_co2,1771.0,2026-08-22T17:17:07.120Z
sensor.air_quality_monitor_co2,1773.0,2026-08-22T17:17:17.126Z
sensor.air_quality_monitor_co2,1776.0,2026-08-22T17:17:27.134Z
sensor.air_quality_monitor_co2,1778.0,2026-08-22T17:17:37.132Z
sensor.air_quality_monitor_co2,1779.0,2026-08-22T17:17:47.138Z
sensor.air_quality_monitor_co2,1778.0,2026-08-22T17:17:57.136Z
sensor.air_quality_monitor_co2,1777.0,2026-08-22T17:19:17.162Z
sensor.air_quality_monitor_co2,1776.0,2026-08-22T17:19:27.167Z
sensor.air_quality_monitor_co2,1777.0,2026-08-22T17:19:37.174Z
sensor.air_quality_monitor_co2,1775.0,2026-08-22T17:19:47.178Z
sensor.air_quality_monitor_co2,1772.0,2026-08-22T17:20:17.182Z
sensor.air_quality_monitor_co2,1771.0,2026-08-22T17:20:27.187Z
sensor.air_quality_monitor_co2,1770.0,2026-08-22T17:20:37.188Z
sensor.air_quality_monitor_co2,1769.0,2026-08-22T17:20:47.194Z
sensor.air_quality_monitor_co2,1767.0,2026-08-22T17:21:07.207Z
sensor.air_quality_monitor_co2,1763.0,2026-08-22T17:21:17.211Z
sensor.air_quality_monitor_co2,1761.0,2026-08-22T17:21:27.215Z
sensor.air_quality_monitor_co2,1757.0,2026-08-22T17:21:37.216Z
sensor.air_quality_monitor_co2,1752.0,2026-08-22T17:21:47.216Z
sensor.air_quality_monitor_co2,1751.0,2026-08-22T17:21:57.216Z
sensor.air_quality_monitor_co2,1750.0,2026-08-22T17:22:07.218Z
sensor.air_quality_monitor_co2,1746.0,2026-08-22T17:22:17.225Z
sensor.air_quality_monitor_co2,1741.0,2026-08-22T17:22:27.222Z
sensor.air_quality_monitor_co2,1738.0,2026-08-22T17:22:37.224Z
sensor.air_quality_monitor_co2,1734.0,2026-08-22T17:22:47.231Z
sensor.air_quality_monitor_co2,1730.0,2026-08-22T17:22:57.237Z
sensor.air_quality_monitor_co2,1724.0,2026-08-22T17:23:07.244Z
sensor.air_quality_monitor_co2,1721.0,2026-08-22T17:23:17.250Z
sensor.air_quality_monitor_co2,1720.0,2026-08-22T17:23:27.254Z
sensor.air_quality_monitor_co2,1718.0,2026-08-22T17:23:37.258Z
sensor.air_quality_monitor_co2,1715.0,2026-08-22T17:23:47.258Z
sensor.air_quality_monitor_co2,1709.0,2026-08-22T17:23:57.259Z
sensor.air_quality_monitor_co2,1703.0,2026-08-22T17:24:07.261Z
sensor.air_quality_monitor_co2,1697.0,2026-08-22T17:24:17.262Z
sensor.air_quality_monitor_co2,1695.0,2026-08-22T17:24:27.262Z
sensor.air_quality_monitor_co2,1688.0,2026-08-22T17:24:37.266Z
sensor.air_quality_monitor_co2,1685.0,2026-08-22T17:24:47.268Z
sensor.air_quality_monitor_co2,1684.0,2026-08-22T17:24:57.273Z
sensor.air_quality_monitor_co2,1683.0,2026-08-22T17:25:17.290Z
sensor.air_quality_monitor_co2,1682.0,2026-08-22T17:25:27.294Z
sensor.air_quality_monitor_co2,1683.0,2026-08-22T17:25:57.305Z
sensor.air_quality_monitor_co2,1682.0,2026-08-22T17:26:07.302Z
sensor.air_quality_monitor_co2,1681.0,2026-08-22T17:26:37.311Z
sensor.air_quality_monitor_co2,1679.0,2026-08-22T17:26:57.322Z
sensor.air_quality_monitor_co2,1678.0,2026-08-22T17:27:07.333Z
sensor.air_quality_monitor_co2,1677.0,2026-08-22T17:27:17.334Z
sensor.air_quality_monitor_co2,1676.0,2026-08-22T17:27:37.340Z
sensor.air_quality_monitor_co2,1677.0,2026-08-22T17:27:47.345Z
sensor.air_quality_monitor_co2,1676.0,2026-08-22T17:28:07.351Z
sensor.air_quality_monitor_co2,1675.0,2026-08-22T17:28:17.352Z
sensor.air_quality_monitor_co2,1673.0,2026-08-22T17:28:27.351Z
sensor.air_quality_monitor_co2,1674.0,2026-08-22T17:29:07.361Z
sensor.air_quality_monitor_co2,1675.0,2026-08-22T17:29:17.367Z
sensor.air_quality_monitor_co2,1674.0,2026-08-22T17:29:27.371Z
sensor.air_quality_monitor_co2,1675.0,2026-08-22T17:29:47.377Z
sensor.air_quality_monitor_co2,1674.0,2026-08-22T17:29:57.382Z
sensor.air_quality_monitor_co2,1672.0,2026-08-22T17:30:17.379Z
sensor.air_quality_monitor_co2,1670.0,2026-08-22T17:30:27.381Z
sensor.air_quality_monitor_co2,1668.0,2026-08-22T17:30:37.380Z
sensor.air_quality_monitor_co2,1669.0,2026-08-22T17:30:47.380Z
sensor.air_quality_monitor_co2,1670.0,2026-08-22T17:30:57.388Z
sensor.air_quality_monitor_co2,1671.0,2026-08-22T17:31:17.397Z
sensor.air_quality_monitor_co2,1672.0,2026-08-22T17:31:37.400Z
sensor.air_quality_monitor_co2,1671.0,2026-08-22T17:31:57.406Z
sensor.air_quality_monitor_co2,1670.0,2026-08-22T17:32:17.413Z
sensor.air_quality_monitor_co2,1669.0,2026-08-22T17:32:27.414Z
sensor.air_quality_monitor_co2,1670.0,2026-08-22T17:32:47.416Z
sensor.air_quality_monitor_co2,1671.0,2026-08-22T17:32:57.420Z
sensor.air_quality_monitor_co2,1670.0,2026-08-22T17:33:07.422Z
sensor.air_quality_monitor_co2,1671.0,2026-08-22T17:33:47.425Z
sensor.air_quality_monitor_co2,1672.0,2026-08-22T17:34:07.429Z
sensor.air_quality_monitor_co2,1670.0,2026-08-22T17:34:57.443Z
sensor.air_quality_monitor_co2,1671.0,2026-08-22T17:35:07.451Z
sensor.air_quality_monitor_co2,1670.0,2026-08-22T17:35:27.457Z
sensor.air_quality_monitor_co2,1671.0,2026-08-22T17:35:37.458Z
sensor.air_quality_monitor_co2,1673.0,2026-08-22T17:35:47.464Z
sensor.air_quality_monitor_co2,1672.0,2026-08-22T17:36:07.469Z
sensor.air_quality_monitor_co2,1669.0,2026-08-22T17:36:27.476Z
sensor.air_quality_monitor_co2,1668.0,2026-08-22T17:36:37.477Z
sensor.air_quality_monitor_co2,1670.0,2026-08-22T17:36:47.480Z
sensor.air_quality_monitor_co2,1671.0,2026-08-22T17:37:17.490Z
sensor.air_quality_monitor_co2,1670.0,2026-08-22T17:38:07.504Z
sensor.air_quality_monitor_co2,1667.0,2026-08-22T17:38:37.509Z
sensor.air_quality_monitor_co2,1666.0,2026-08-22T17:38:47.516Z
sensor.air_quality_monitor_co2,1667.0,2026-08-22T17:39:17.531Z
sensor.air_quality_monitor_co2,1666.0,2026-08-22T17:39:27.538Z
sensor.air_quality_monitor_co2,1665.0,2026-08-22T17:39:47.543Z
sensor.air_quality_monitor_co2,1664.0,2026-08-22T17:39:57.543Z
sensor.air_quality_monitor_co2,1660.0,2026-08-22T17:40:07.545Z
sensor.air_quality_monitor_co2,1659.0,2026-08-22T17:40:17.547Z
sensor.air_quality_monitor_co2,1656.0,2026-08-22T17:40:27.551Z
sensor.air_quality_monitor_co2,1651.0,2026-08-22T17:40:37.547Z
sensor.air_quality_monitor_co2,1645.0,2026-08-22T17:40:47.552Z
sensor.air_quality_monitor_co2,1636.0,2026-08-22T17:40:57.557Z
sensor.air_quality_monitor_co2,1627.0,2026-08-22T17:41:07.561Z
sensor.air_quality_monitor_co2,1621.0,2026-08-22T17:41:17.571Z
sensor.air_quality_monitor_co2,1616.0,2026-08-22T17:41:27.575Z
sensor.air_quality_monitor_co2,1612.0,2026-08-22T17:41:37.582Z
sensor.air_quality_monitor_co2,1607.0,2026-08-22T17:41:47.581Z
sensor.air_quality_monitor_co2,1597.0,2026-08-22T17:41:57.584Z
sensor.air_quality_monitor_co2,1591.0,2026-08-22T17:42:07.595Z
sensor.air_quality_monitor_co2,1574.0,2026-08-22T17:42:17.596Z
sensor.air_quality_monitor_co2,1568.0,2026-08-22T17:42:27.597Z
sensor.air_quality_monitor_co2,1561.0,2026-08-22T17:42:37.598Z
sensor.air_quality_monitor_co2,1554.0,2026-08-22T17:42:47.603Z
sensor.air_quality_monitor_co2,1542.0,2026-08-22T17:42:57.607Z
sensor.air_quality_monitor_co2,1533.0,2026-08-22T17:43:07.618Z
sensor.air_quality_monitor_co2,1530.0,2026-08-22T17:43:17.624Z
sensor.air_quality_monitor_co2,1527.0,2026-08-22T17:43:27.627Z
sensor.air_quality_monitor_co2,1521.0,2026-08-22T17:43:37.632Z
sensor.air_quality_monitor_co2,1516.0,2026-08-22T17:43:47.636Z
sensor.air_quality_monitor_co2,1505.0,2026-08-22T17:43:57.637Z
sensor.air_quality_monitor_co2,1496.0,2026-08-22T17:44:07.643Z
sensor.air_quality_monitor_co2,1491.0,2026-08-22T17:44:17.646Z
sensor.air_quality_monitor_co2,1489.0,2026-08-22T17:44:27.647Z
sensor.air_quality_monitor_co2,1483.0,2026-08-22T17:44:37.648Z
sensor.air_quality_monitor_co2,1480.0,2026-08-22T17:44:47.652Z
sensor.air_quality_monitor_co2,1473.0,2026-08-22T17:44:57.655Z
sensor.air_quality_monitor_co2,1464.0,2026-08-22T17:45:07.666Z
sensor.air_quality_monitor_co2,1456.0,2026-08-22T17:45:17.670Z
sensor.air_quality_monitor_co2,1453.0,2026-08-22T17:45:27.675Z
sensor.air_quality_monitor_co2,1446.0,2026-08-22T17:45:37.678Z
sensor.air_quality_monitor_co2,1439.0,2026-08-22T17:45:47.684Z
sensor.air_quality_monitor_co2,1430.0,2026-08-22T17:45:57.684Z
sensor.air_quality_monitor_co2,1424.0,2026-08-22T17:46:07.686Z
sensor.air_quality_monitor_co2,1417.0,2026-08-22T17:46:17.691Z
sensor.air_quality_monitor_co2,1408.0,2026-08-22T17:46:27.694Z
sensor.air_quality_monitor_co2,1404.0,2026-08-22T17:46:37.693Z
sensor.air_quality_monitor_co2,1403.0,2026-08-22T17:46:47.694Z
sensor.air_quality_monitor_co2,1395.0,2026-08-22T17:46:57.698Z
sensor.air_quality_monitor_co2,1388.0,2026-08-22T17:47:07.707Z
sensor.air_quality_monitor_co2,1381.0,2026-08-22T17:47:17.711Z
sensor.air_quality_monitor_co2,1372.0,2026-08-22T17:47:27.714Z
sensor.air_quality_monitor_co2,1370.0,2026-08-22T17:47:37.719Z
sensor.air_quality_monitor_co2,1366.0,2026-08-22T17:47:47.720Z
sensor.air_quality_monitor_co2,1361.0,2026-08-22T17:47:57.719Z
sensor.air_quality_monitor_co2,1358.0,2026-08-22T17:48:07.722Z
sensor.air_quality_monitor_co2,1355.0,2026-08-22T17:48:17.727Z
sensor.air_quality_monitor_co2,1351.0,2026-08-22T17:48:27.728Z
sensor.air_quality_monitor_co2,1343.0,2026-08-22T17:48:37.731Z
sensor.air_quality_monitor_co2,1339.0,2026-08-22T17:48:47.731Z
sensor.air_quality_monitor_co2,1330.0,2026-08-22T17:48:57.738Z
sensor.air_quality_monitor_co2,1327.0,2026-08-22T17:49:07.743Z
sensor.air_quality_monitor_co2,1323.0,2026-08-22T17:49:17.744Z
sensor.air_quality_monitor_co2,1321.0,2026-08-22T17:49:27.750Z
sensor.air_quality_monitor_co2,1315.0,2026-08-22T17:49:37.756Z
sensor.air_quality_monitor_co2,1306.0,2026-08-22T17:49:47.758Z
sensor.air_quality_monitor_co2,1301.0,2026-08-22T17:49:57.761Z
sensor.air_quality_monitor_co2,1296.0,2026-08-22T17:50:07.764Z
sensor.air_quality_monitor_co2,1288.0,2026-08-22T17:50:17.771Z
sensor.air_quality_monitor_co2,1283.0,2026-08-22T17:50:27.770Z
sensor.air_quality_monitor_co2,1280.0,2026-08-22T17:50:47.773Z
sensor.air_quality_monitor_co2,1272.0,2026-08-22T17:50:57.780Z
sensor.air_quality_monitor_co2,1269.0,2026-08-22T17:51:07.792Z
sensor.air_quality_monitor_co2,1266.0,2026-08-22T17:51:17.794Z
sensor.air_quality_monitor_co2,1263.0,2026-08-22T17:51:27.797Z
sensor.air_quality_monitor_co2,1259.0,2026-08-22T17:51:37.803Z
sensor.air_quality_monitor_co2,1254.0,2026-08-22T17:51:47.806Z
sensor.air_quality_monitor_co2,1249.0,2026-08-22T17:51:57.805Z
sensor.air_quality_monitor_co2,1247.0,2026-08-22T17:52:07.810Z
sensor.air_quality_monitor_co2,1245.0,2026-08-22T17:52:17.814Z
sensor.air_quality_monitor_co2,1243.0,2026-08-22T17:52:27.813Z
sensor.air_quality_monitor_co2,1239.0,2026-08-22T17:52:37.814Z
sensor.air_quality_monitor_co2,1234.0,2026-08-22T17:52:47.818Z
sensor.air_quality_monitor_co2,1232.0,2026-08-22T17:52:57.823Z
sensor.air_quality_monitor_co2,1231.0,2026-08-22T17:53:07.833Z
sensor.air_quality_monitor_co2,1228.0,2026-08-22T17:53:17.837Z
sensor.air_quality_monitor_co2,1226.0,2026-08-22T17:53:27.844Z
sensor.air_quality_monitor_co2,1224.0,2026-08-22T17:53:37.848Z
sensor.air_quality_monitor_co2,1220.0,2026-08-22T17:53:47.854Z
sensor.air_quality_monitor_co2,1218.0,2026-08-22T17:53:57.852Z
sensor.air_quality_monitor_co2,1215.0,2026-08-22T17:54:07.858Z
sensor.air_quality_monitor_co2,1213.0,2026-08-22T17:54:17.869Z
sensor.air_quality_monitor_co2,1208.0,2026-08-22T17:54:27.869Z
sensor.air_quality_monitor_co2,1206.0,2026-08-22T17:54:57.873Z
sensor.air_quality_monitor_co2,1205.0,2026-08-22T17:55:07.884Z
sensor.air_quality_monitor_co2,1203.0,2026-08-22T17:55:17.889Z
sensor.air_quality_monitor_co2,1197.0,2026-08-22T17:55:27.890Z
sensor.air_quality_monitor_co2,1196.0,2026-08-22T17:55:37.894Z
sensor.air_quality_monitor_co2,1197.0,2026-08-22T17:55:47.901Z
sensor.air_quality_monitor_co2,1195.0,2026-08-22T17:55:57.902Z
sensor.air_quality_monitor_co2,1193.0,2026-08-22T17:56:07.904Z
sensor.air_quality_monitor_co2,1191.0,2026-08-22T17:56:17.904Z
sensor.air_quality_monitor_co2,1189.0,2026-08-22T17:56:27.905Z
sensor.air_quality_monitor_co2,1185.0,2026-08-22T17:56:37.907Z
sensor.air_quality_monitor_co2,1182.0,2026-08-22T17:56:47.913Z
sensor.air_quality_monitor_co2,1179.0,2026-08-22T17:56:57.908Z
sensor.air_quality_monitor_co2,1174.0,2026-08-22T17:57:07.912Z
sensor.air_quality_monitor_co2,1171.0,2026-08-22T17:57:27.922Z
sensor.air_quality_monitor_co2,1170.0,2026-08-22T17:57:47.931Z
sensor.air_quality_monitor_co2,1172.0,2026-08-22T17:57:57.933Z
sensor.air_quality_monitor_co2,1173.0,2026-08-22T17:58:17.947Z
sensor.air_quality_monitor_co2,1172.0,2026-08-22T17:58:27.939Z
sensor.air_quality_monitor_co2,1173.0,2026-08-22T17:59:07.942Z
sensor.air_quality_monitor_co2,1175.0,2026-08-22T17:59:17.960Z
sensor.air_quality_monitor_co2,1177.0,2026-08-22T17:59:27.964Z
sensor.air_quality_monitor_co2,1178.0,2026-08-22T17:59:37.968Z
sensor.air_quality_monitor_co2,1182.0,2026-08-22T17:59:47.969Z
sensor.air_quality_monitor_co2,1184.0,2026-08-22T17:59:57.969Z
sensor.air_quality_monitor_co2,1186.0,2026-08-22T18:00:07.973Z
sensor.air_quality_monitor_co2,1187.0,2026-08-22T18:00:27.977Z
sensor.air_quality_monitor_co2,1188.0,2026-08-22T18:00:47.978Z
sensor.air_quality_monitor_co2,1192.0,2026-08-22T18:00:57.985Z
sensor.air_quality_monitor_co2,1193.0,2026-08-22T18:01:17.993Z
sensor.air_quality_monitor_co2,1196.0,2026-08-22T18:01:27.999Z
sensor.air_quality_monitor_co2,1197.0,2026-08-22T18:01:37.999Z
sensor.air_quality_monitor_co2,1198.0,2026-08-22T18:01:58.010Z
sensor.air_quality_monitor_co2,1201.0,2026-08-22T18:02:08.012Z
sensor.air_quality_monitor_co2,1203.0,2026-08-22T18:02:28.020Z
sensor.air_quality_monitor_co2,1204.0,2026-08-22T18:02:48.021Z
sensor.air_quality_monitor_co2,1205.0,2026-08-22T18:02:58.025Z
sensor.air_quality_monitor_co2,1207.0,2026-08-22T18:03:08.041Z
sensor.air_quality_monitor_co2,1208.0,2026-08-22T18:03:28.043Z
sensor.air_quality_monitor_co2,1209.0,2026-08-22T18:03:38.048Z
sensor.air_quality_monitor_co2,1211.0,2026-08-22T18:03:48.052Z
sensor.air_quality_monitor_co2,1212.0,2026-08-22T18:03:58.053Z
sensor.air_quality_monitor_co2,1213.0,2026-08-22T18:04:08.060Z
sensor.air_quality_monitor_co2,1217.0,2026-08-22T18:04:18.063Z
sensor.air_quality_monitor_co2,1220.0,2026-08-22T18:04:28.067Z
sensor.air_quality_monitor_co2,1223.0,2026-08-22T18:04:38.065Z
sensor.air_quality_monitor_co2,1225.0,2026-08-22T18:04:48.069Z
sensor.air_quality_monitor_co2,1224.0,2026-08-22T18:04:58.073Z
sensor.air_quality_monitor_co2,1226.0,2026-08-22T18:05:18.084Z
sensor.air_quality_monitor_co2,1228.0,2026-08-22T18:05:28.089Z
sensor.air_quality_monitor_co2,1229.0,2026-08-22T18:05:38.092Z
sensor.air_quality_monitor_co2,1230.0,2026-08-22T18:06:08.100Z
sensor.air_quality_monitor_co2,1231.0,2026-08-22T18:06:28.104Z
sensor.air_quality_monitor_co2,1238.0,2026-08-22T18:06:38.107Z
sensor.air_quality_monitor_co2,1239.0,2026-08-22T18:06:48.112Z
sensor.air_quality_monitor_co2,1242.0,2026-08-22T18:06:58.117Z
sensor.air_quality_monitor_co2,1243.0,2026-08-22T18:07:08.126Z
sensor.air_quality_monitor_co2,1245.0,2026-08-22T18:07:18.131Z
sensor.air_quality_monitor_co2,1248.0,2026-08-22T18:07:28.139Z
sensor.air_quality_monitor_co2,1250.0,2026-08-22T18:07:38.142Z
sensor.air_quality_monitor_co2,1251.0,2026-08-22T18:07:48.149Z
sensor.air_quality_monitor_co2,1252.0,2026-08-22T18:07:58.151Z
sensor.air_quality_monitor_co2,1253.0,2026-08-22T18:08:08.153Z
sensor.air_quality_monitor_co2,1254.0,2026-08-22T18:08:38.160Z
sensor.air_quality_monitor_co2,1255.0,2026-08-22T18:08:58.169Z
sensor.air_quality_monitor_co2,1257.0,2026-08-22T18:09:28.183Z
sensor.air_quality_monitor_co2,1260.0,2026-08-22T18:09:48.190Z
sensor.air_quality_monitor_co2,1262.0,2026-08-22T18:09:58.191Z
sensor.air_quality_monitor_co2,1265.0,2026-08-22T18:10:08.194Z
sensor.air_quality_monitor_co2,1271.0,2026-08-22T18:10:18.186Z
sensor.air_quality_monitor_co2,1272.0,2026-08-22T18:10:38.206Z
sensor.air_quality_monitor_co2,1273.0,2026-08-22T18:11:08.214Z
sensor.air_quality_monitor_co2,1274.0,2026-08-22T18:11:28.220Z
sensor.air_quality_monitor_co2,1275.0,2026-08-22T18:12:38.233Z
sensor.air_quality_monitor_co2,1274.0,2026-08-22T18:12:48.237Z
sensor.air_quality_monitor_co2,1275.0,2026-08-22T18:12:58.242Z
sensor.air_quality_monitor_co2,1276.0,2026-08-22T18:13:08.253Z
sensor.air_quality_monitor_co2,1277.0,2026-08-22T18:13:28.258Z
sensor.air_quality_monitor_co2,1276.0,2026-08-22T18:13:38.262Z
sensor.air_quality_monitor_co2,1277.0,2026-08-22T18:14:18.252Z
sensor.air_quality_monitor_co2,1276.0,2026-08-22T18:14:28.266Z
sensor.air_quality_monitor_co2,1277.0,2026-08-22T18:14:38.267Z
sensor.air_quality_monitor_co2,1278.0,2026-08-22T18:14:48.272Z
sensor.air_quality_monitor_co2,1277.0,2026-08-22T18:14:58.272Z
sensor.air_quality_monitor_co2,1278.0,2026-08-22T18:15:08.283Z
sensor.air_quality_monitor_co2,1276.0,2026-08-22T18:15:28.290Z
sensor.air_quality_monitor_co2,1275.0,2026-08-22T18:15:58.290Z
sensor.air_quality_monitor_co2,1276.0,2026-08-22T18:16:08.293Z
sensor.air_quality_monitor_co2,1275.0,2026-08-22T18:16:18.299Z
sensor.air_quality_monitor_co2,1274.0,2026-08-22T18:16:28.307Z
sensor.air_quality_monitor_co2,1275.0,2026-08-22T18:16:38.307Z
sensor.air_quality_monitor_co2,1276.0,2026-08-22T18:16:58.312Z
sensor.air_quality_monitor_co2,1275.0,2026-08-22T18:17:08.320Z
sensor.air_quality_monitor_co2,1277.0,2026-08-22T18:17:18.325Z
sensor.air_quality_monitor_co2,1276.0,2026-08-22T18:17:28.329Z
sensor.air_quality_monitor_co2,1277.0,2026-08-22T18:17:48.335Z
sensor.air_quality_monitor_co2,1278.0,2026-08-22T18:17:58.337Z
sensor.air_quality_monitor_co2,1280.0,2026-08-22T18:18:08.339Z
sensor.air_quality_monitor_co2,1281.0,2026-08-22T18:18:28.345Z
sensor.air_quality_monitor_co2,1282.0,2026-08-22T18:18:58.348Z
sensor.air_quality_monitor_co2,1283.0,2026-08-22T18:19:08.355Z
sensor.air_quality_monitor_co2,1284.0,2026-08-22T18:19:28.362Z
sensor.air_quality_monitor_co2,1285.0,2026-08-22T18:19:38.372Z
sensor.air_quality_monitor_co2,1284.0,2026-08-22T18:19:48.376Z
sensor.air_quality_monitor_co2,1285.0,2026-08-22T18:19:58.379Z
sensor.air_quality_monitor_co2,1287.0,2026-08-22T18:20:18.385Z
sensor.air_quality_monitor_co2,1286.0,2026-08-22T18:20:28.384Z
sensor.air_quality_monitor_co2,1288.0,2026-08-22T18:20:38.387Z
sensor.air_quality_monitor_co2,1290.0,2026-08-22T18:20:48.390Z
sensor.air_quality_monitor_co2,1291.0,2026-08-22T18:20:58.395Z
sensor.air_quality_monitor_humidity,53.7002563476562,2026-08-22T14:15:00.000Z
sensor.air_quality_monitor_humidity,unknown,2026-08-22T14:20:59.977Z
sensor.air_quality_monitor_humidity,64.3356323242188,2026-08-22T14:21:04.743Z
sensor.air_quality_monitor_humidity,66.558837890625,2026-08-22T14:21:14.740Z
sensor.air_quality_monitor_humidity,68.5562133789062,2026-08-22T14:21:24.741Z
sensor.air_quality_monitor_humidity,70.30029296875,2026-08-22T14:21:34.742Z
sensor.air_quality_monitor_humidity,71.8658447265625,2026-08-22T14:21:44.742Z
sensor.air_quality_monitor_humidity,73.1597900390625,2026-08-22T14:21:54.786Z
sensor.air_quality_monitor_humidity,74.2950439453125,2026-08-22T14:22:04.749Z
sensor.air_quality_monitor_humidity,75.7308959960938,2026-08-22T14:22:14.753Z
sensor.air_quality_monitor_humidity,76.5106201171875,2026-08-22T14:22:24.755Z
sensor.air_quality_monitor_humidity,77.1896362304688,2026-08-22T14:22:34.758Z
sensor.air_quality_monitor_humidity,77.7801513671875,2026-08-22T14:22:44.762Z
sensor.air_quality_monitor_humidity,78.2669067382812,2026-08-22T14:22:54.760Z
sensor.air_quality_monitor_humidity,78.6590576171875,2026-08-22T14:23:04.760Z
sensor.air_quality_monitor_humidity,79.1488647460938,2026-08-22T14:23:14.773Z
sensor.air_quality_monitor_humidity,79.4189453125,2026-08-22T14:23:24.769Z
sensor.air_quality_monitor_humidity,79.6401977539062,2026-08-22T14:23:34.776Z
sensor.air_quality_monitor_humidity,79.7592163085938,2026-08-22T14:23:44.782Z
sensor.air_quality_monitor_humidity,79.9163818359375,2026-08-22T14:23:54.783Z
sensor.air_quality_monitor_humidity,80.01708984375,2026-08-22T14:24:04.784Z
sensor.air_quality_monitor_humidity,80.09033203125,2026-08-22T14:24:14.780Z
sensor.air_quality_monitor_humidity,80.1132202148438,2026-08-22T14:24:24.777Z
sensor.air_quality_monitor_humidity,80.0323486328125,2026-08-22T14:24:34.780Z
sensor.air_quality_monitor_humidity,80.078125,2026-08-22T14:24:44.780Z
sensor.air_quality_monitor_humidity,79.9789428710938,2026-08-22T14:24:54.780Z
sensor.air_quality_monitor_humidity,79.9102783203125,2026-08-22T14:25:04.788Z
sensor.air_quality_monitor_humidity,79.8370361328125,2026-08-22T14:25:14.791Z
sensor.air_quality_monitor_humidity,79.779052734375,2026-08-22T14:25:24.799Z
sensor.air_quality_monitor_humidity,79.6600341796875,2026-08-22T14:25:34.798Z
sensor.air_quality_monitor_humidity,79.5761108398438,2026-08-22T14:25:44.803Z
sensor.air_quality_monitor_humidity,79.4021606445312,2026-08-22T14:25:54.808Z
sensor.air_quality_monitor_humidity,79.315185546875,2026-08-22T14:26:04.806Z
sensor.air_quality_monitor_humidity,79.19921875,2026-08-22T14:26:14.812Z
sensor.air_quality_monitor_humidity,79.1305541992188,2026-08-22T14:26:24.813Z
sensor.air_quality_monitor_humidity,78.9566040039062,2026-08-22T14:26:34.813Z
sensor.air_quality_monitor_humidity,78.8009643554688,2026-08-22T14:26:44.818Z
sensor.air_quality_monitor_humidity,78.692626953125,2026-08-22T14:26:54.818Z
sensor.air_quality_monitor_humidity,78.5415649414062,2026-08-22T14:27:04.812Z
sensor.air_quality_monitor_humidity,78.4530639648438,2026-08-22T14:27:14.817Z
sensor.air_quality_monitor_humidity,78.314208984375,2026-08-22T14:27:24.818Z
sensor.air_quality_monitor_humidity,78.21044921875,2026-08-22T14:27:34.818Z
sensor.air_quality_monitor_humidity,77.9800415039062,2026-08-22T14:27:44.810Z
sensor.air_quality_monitor_humidity,77.880859375,2026-08-22T14:27:54.816Z
sensor.air_quality_monitor_humidity,77.7328491210938,2026-08-22T14:28:04.815Z
sensor.air_quality_monitor_humidity,77.5985717773438,2026-08-22T14:28:14.817Z
sensor.air_quality_monitor_humidity,77.4932861328125,2026-08-22T14:28:24.826Z
sensor.air_quality_monitor_humidity,77.3452758789062,2026-08-22T14:28:34.827Z
sensor.air_quality_monitor_humidity,77.197265625,2026-08-22T14:28:44.829Z
sensor.air_quality_monitor_humidity,77.0401000976562,2026-08-22T14:28:54.833Z
sensor.air_quality_monitor_humidity,76.8966674804688,2026-08-22T14:29:04.837Z
sensor.air_quality_monitor_humidity,76.7822265625,2026-08-22T14:29:14.837Z
sensor.air_quality_monitor_humidity,76.6342163085938,2026-08-22T14:29:24.840Z
sensor.air_quality_monitor_humidity,76.5090942382812,2026-08-22T14:29:34.847Z
sensor.air_quality_monitor_humidity,76.373291015625,2026-08-22T14:29:44.846Z
sensor.air_quality_monitor_humidity,76.2359619140625,2026-08-22T14:29:54.852Z
sensor.air_quality_monitor_humidity,76.031494140625,2026-08-22T14:30:04.855Z
sensor.air_quality_monitor_humidity,75.8819580078125,2026-08-22T14:30:14.854Z
sensor.air_quality_monitor_humidity,75.7827758789062,2026-08-22T14:30:24.856Z
sensor.air_quality_monitor_humidity,75.6637573242188,2026-08-22T14:30:34.850Z
sensor.air_quality_monitor_humidity,75.5340576171875,2026-08-22T14:30:44.855Z
sensor.air_quality_monitor_humidity,75.3814697265625,2026-08-22T14:30:54.858Z
sensor.air_quality_monitor_humidity,75.1968383789062,2026-08-22T14:31:04.857Z
sensor.air_quality_monitor_humidity,75.0747680664062,2026-08-22T14:31:14.861Z
sensor.air_quality_monitor_humidity,74.951171875,2026-08-22T14:31:24.850Z
sensor.air_quality_monitor_humidity,74.8184204101562,2026-08-22T14:31:34.850Z
sensor.air_quality_monitor_humidity,74.6826171875,2026-08-22T14:31:44.851Z
sensor.air_quality_monitor_humidity,74.6002197265625,2026-08-22T14:31:54.853Z
sensor.air_quality_monitor_humidity,74.456787109375,2026-08-22T14:32:04.855Z
sensor.air_quality_monitor_humidity,74.3133544921875,2026-08-22T14:32:14.862Z
sensor.air_quality_monitor_humidity,74.1714477539062,2026-08-22T14:32:24.864Z
sensor.air_quality_monitor_humidity,74.005126953125,2026-08-22T14:32:34.854Z
sensor.air_quality_monitor_humidity,73.8876342773438,2026-08-22T14:32:44.869Z
sensor.air_quality_monitor_humidity,73.7823486328125,2026-08-22T14:32:54.867Z
sensor.air_quality_monitor_humidity,73.64501953125,2026-08-22T14:33:04.868Z
sensor.air_quality_monitor_humidity,73.5137939453125,2026-08-22T14:33:14.870Z
sensor.air_quality_monitor_humidity,73.3551025390625,2026-08-22T14:33:24.863Z
sensor.air_quality_monitor_humidity,73.2513427734375,2026-08-22T14:33:34.863Z
sensor.air_quality_monitor_humidity,73.1338500976562,2026-08-22T14:33:44.864Z
sensor.air_quality_monitor_humidity,73.0056762695312,2026-08-22T14:33:54.866Z
sensor.air_quality_monitor_humidity,72.9217529296875,2026-08-22T14:34:04.866Z
sensor.air_quality_monitor_humidity,72.747802734375,2026-08-22T14:34:14.872Z
sensor.air_quality_monitor_humidity,72.6470947265625,2026-08-22T14:34:24.878Z
sensor.air_quality_monitor_humidity,72.4899291992188,2026-08-22T14:34:34.879Z
sensor.air_quality_monitor_humidity,72.3709106445312,2026-08-22T14:34:44.887Z
sensor.air_quality_monitor_humidity,72.2412109375,2026-08-22T14:34:54.880Z
sensor.air_quality_monitor_humidity,72.1572875976562,2026-08-22T14:35:04.879Z
sensor.air_quality_monitor_humidity,72.0916748046875,2026-08-22T14:35:14.878Z
sensor.air_quality_monitor_humidity,71.9589233398438,2026-08-22T14:35:24.884Z
sensor.air_quality_monitor_humidity,71.8048095703125,2026-08-22T14:35:34.891Z
sensor.air_quality_monitor_humidity,71.6720581054688,2026-08-22T14:35:44.894Z
sensor.air_quality_monitor_humidity,71.5728759765625,2026-08-22T14:35:54.890Z
sensor.air_quality_monitor_humidity,71.490478515625,2026-08-22T14:36:04.898Z
sensor.air_quality_monitor_humidity,71.4080810546875,2026-08-22T14:36:14.903Z
sensor.air_quality_monitor_humidity,71.2478637695312,2026-08-22T14:36:24.903Z
sensor.air_quality_monitor_humidity,71.1746215820312,2026-08-22T14:36:34.903Z
sensor.air_quality_monitor_humidity,71.0052490234375,2026-08-22T14:36:44.903Z
sensor.air_quality_monitor_humidity,70.9579467773438,2026-08-22T14:36:54.900Z
sensor.air_quality_monitor_humidity,70.8236694335938,2026-08-22T14:37:04.905Z
sensor.air_quality_monitor_humidity,70.7244873046875,2026-08-22T14:37:14.895Z
sensor.air_quality_monitor_humidity,70.6375122070312,2026-08-22T14:37:24.906Z
sensor.air_quality_monitor_humidity,70.5825805664062,2026-08-22T14:37:34.909Z
sensor.air_quality_monitor_humidity,70.41015625,2026-08-22T14:37:44.902Z
sensor.air_quality_monitor_humidity,70.3170776367188,2026-08-22T14:37:54.907Z
sensor.air_quality_monitor_humidity,70.21484375,2026-08-22T14:38:04.903Z
sensor.air_quality_monitor_humidity,70.1034545898438,2026-08-22T14:38:14.908Z
sensor.air_quality_monitor_humidity,70.0225830078125,2026-08-22T14:38:24.900Z
sensor.air_quality_monitor_humidity,69.921875,2026-08-22T14:38:34.910Z
sensor.air_quality_monitor_humidity,69.7967529296875,2026-08-22T14:38:44.910Z
sensor.air_quality_monitor_humidity,69.7479248046875,2026-08-22T14:38:54.902Z
sensor.air_quality_monitor_humidity,69.6029663085938,2026-08-22T14:39:04.904Z
sensor.air_quality_monitor_humidity,69.5205688476562,2026-08-22T14:39:14.912Z
sensor.air_quality_monitor_humidity,69.4107055664062,2026-08-22T14:39:24.914Z
sensor.air_quality_monitor_humidity,69.3572998046875,2026-08-22T14:39:34.916Z
sensor.air_quality_monitor_humidity,69.2611694335938,2026-08-22T14:39:44.919Z
sensor.air_quality_monitor_humidity,69.1802978515625,2026-08-22T14:39:54.915Z
sensor.air_quality_monitor_humidity,69.07958984375,2026-08-22T14:40:04.915Z
sensor.air_quality_monitor_humidity,68.9697265625,2026-08-22T14:40:14.915Z
sensor.air_quality_monitor_humidity,68.88427734375,2026-08-22T14:40:24.916Z
sensor.air_quality_monitor_humidity,68.8079833984375,2026-08-22T14:40:34.922Z
sensor.air_quality_monitor_humidity,68.695068359375,2026-08-22T14:40:44.918Z
sensor.air_quality_monitor_humidity,68.6294555664062,2026-08-22T14:40:54.923Z
sensor.air_quality_monitor_humidity,68.5440063476562,2026-08-22T14:41:04.926Z
sensor.air_quality_monitor_humidity,68.4371948242188,2026-08-22T14:41:14.930Z
sensor.air_quality_monitor_humidity,68.3258056640625,2026-08-22T14:41:24.925Z
sensor.air_quality_monitor_humidity,68.2601928710938,2026-08-22T14:41:34.929Z
sensor.air_quality_monitor_humidity,68.145751953125,2026-08-22T14:41:44.917Z
sensor.air_quality_monitor_humidity,68.0877685546875,2026-08-22T14:41:54.928Z
sensor.air_quality_monitor_humidity,67.9763793945312,2026-08-22T14:42:04.928Z
sensor.air_quality_monitor_humidity,67.9183959960938,2026-08-22T14:42:14.928Z
sensor.air_quality_monitor_humidity,67.803955078125,2026-08-22T14:42:24.929Z
sensor.air_quality_monitor_humidity,67.7688598632812,2026-08-22T14:42:34.931Z
sensor.air_quality_monitor_humidity,67.6528930664062,2026-08-22T14:42:44.935Z
sensor.air_quality_monitor_humidity,67.6315307617188,2026-08-22T14:42:54.928Z
sensor.air_quality_monitor_humidity,67.5369262695312,2026-08-22T14:43:04.930Z
sensor.air_quality_monitor_humidity,67.4346923828125,2026-08-22T14:43:14.936Z
sensor.air_quality_monitor_humidity,67.364501953125,2026-08-22T14:43:24.936Z
sensor.air_quality_monitor_humidity,67.2592163085938,2026-08-22T14:43:34.934Z
sensor.air_quality_monitor_humidity,67.1875,2026-08-22T14:43:44.934Z
sensor.air_quality_monitor_humidity,67.1310424804688,2026-08-22T14:43:54.936Z
sensor.air_quality_monitor_humidity,67.0440673828125,2026-08-22T14:44:04.936Z
sensor.air_quality_monitor_humidity,66.973876953125,2026-08-22T14:44:14.937Z
sensor.air_quality_monitor_humidity,66.9158935546875,2026-08-22T14:44:24.940Z
sensor.air_quality_monitor_humidity,66.8350219726562,2026-08-22T14:44:34.937Z
sensor.air_quality_monitor_humidity,66.7236328125,2026-08-22T14:44:44.940Z
sensor.air_quality_monitor_humidity,66.6793823242188,2026-08-22T14:44:54.941Z
sensor.air_quality_monitor_humidity,66.583251953125,2026-08-22T14:45:04.943Z
sensor.air_quality_monitor_humidity,66.4703369140625,2026-08-22T14:45:14.944Z
sensor.air_quality_monitor_humidity,66.485595703125,2026-08-22T14:45:24.944Z
sensor.air_quality_monitor_humidity,66.387939453125,2026-08-22T14:45:34.945Z
sensor.air_quality_monitor_humidity,66.3192749023438,2026-08-22T14:45:44.946Z
sensor.air_quality_monitor_humidity,66.2322998046875,2026-08-22T14:45:54.945Z
sensor.air_quality_monitor_humidity,66.1376953125,2026-08-22T14:46:04.946Z
sensor.air_quality_monitor_humidity,66.0995483398438,2026-08-22T14:46:14.946Z
sensor.air_quality_monitor_humidity,66.0232543945312,2026-08-22T14:46:24.947Z
sensor.air_quality_monitor_humidity,65.9393310546875,2026-08-22T14:46:34.947Z
sensor.air_quality_monitor_humidity,65.887451171875,2026-08-22T14:46:44.947Z
sensor.air_quality_monitor_humidity,65.7821655273438,2026-08-22T14:46:54.948Z
sensor.air_quality_monitor_humidity,65.7257080078125,2026-08-22T14:47:04.948Z
sensor.air_quality_monitor_humidity,65.673828125,2026-08-22T14:47:14.949Z
sensor.air_quality_monitor_humidity,65.594482421875,2026-08-22T14:47:24.949Z
sensor.air_quality_monitor_humidity,65.545654296875,2026-08-22T14:47:34.950Z
sensor.air_quality_monitor_humidity,65.4647827148438,2026-08-22T14:47:44.949Z
sensor.air_quality_monitor_humidity,65.3945922851562,2026-08-22T14:47:54.954Z
sensor.air_quality_monitor_humidity,65.3076171875,2026-08-22T14:48:04.945Z
sensor.air_quality_monitor_humidity,65.2389526367188,2026-08-22T14:48:14.951Z
sensor.air_quality_monitor_humidity,65.1947021484375,2026-08-22T14:48:24.951Z
sensor.air_quality_monitor_humidity,65.10009765625,2026-08-22T14:48:34.948Z
sensor.air_quality_monitor_humidity,65.118408203125,2026-08-22T14:48:44.944Z
sensor.air_quality_monitor_humidity,64.9826049804688,2026-08-22T14:48:54.946Z
sensor.air_quality_monitor_humidity,64.9215698242188,2026-08-22T14:49:04.953Z
sensor.air_quality_monitor_humidity,64.8712158203125,2026-08-22T14:49:14.957Z
sensor.air_quality_monitor_humidity,64.7979736328125,2026-08-22T14:49:24.964Z
sensor.air_quality_monitor_humidity,64.801025390625,2026-08-22T14:49:34.957Z
sensor.air_quality_monitor_humidity,64.6713256835938,2026-08-22T14:49:44.945Z
sensor.air_quality_monitor_humidity,64.5919799804688,2026-08-22T14:49:54.947Z
sensor.air_quality_monitor_humidity,64.5721435546875,2026-08-22T14:50:04.950Z
sensor.air_quality_monitor_humidity,64.4973754882812,2026-08-22T14:50:14.950Z
sensor.air_quality_monitor_humidity,64.36767578125,2026-08-22T14:50:24.950Z
sensor.air_quality_monitor_humidity,64.4027709960938,2026-08-22T14:50:34.951Z
sensor.air_quality_monitor_humidity,64.3386840820312,2026-08-22T14:50:44.956Z
sensor.air_quality_monitor_humidity,64.27001953125,2026-08-22T14:50:54.957Z
sensor.air_quality_monitor_humidity,64.1845703125,2026-08-22T14:51:04.968Z
sensor.air_quality_monitor_humidity,64.1693115234375,2026-08-22T14:51:14.975Z
sensor.air_quality_monitor_humidity,64.0869140625,2026-08-22T14:51:24.975Z
sensor.air_quality_monitor_humidity,64.0274047851562,2026-08-22T14:51:34.978Z
sensor.air_quality_monitor_humidity,64.0029907226562,2026-08-22T14:51:44.980Z
sensor.air_quality_monitor_humidity,63.8778686523438,2026-08-22T14:51:54.983Z
sensor.air_quality_monitor_humidity,63.8290405273438,2026-08-22T14:52:04.986Z
sensor.air_quality_monitor_humidity,63.7893676757812,2026-08-22T14:52:14.986Z
sensor.air_quality_monitor_humidity,63.7619018554688,2026-08-22T14:52:24.987Z
sensor.air_quality_monitor_humidity,63.70849609375,2026-08-22T14:52:34.990Z
sensor.air_quality_monitor_humidity,63.6199951171875,2026-08-22T14:52:44.993Z
sensor.air_quality_monitor_humidity,63.5406494140625,2026-08-22T14:52:54.998Z
sensor.air_quality_monitor_humidity,63.5025024414062,2026-08-22T14:53:05.000Z
sensor.air_quality_monitor_humidity,63.4735107421875,2026-08-22T14:53:15.002Z
sensor.air_quality_monitor_humidity,63.3804321289062,2026-08-22T14:53:25.003Z
sensor.air_quality_monitor_humidity,63.3255004882812,2026-08-22T14:53:35.005Z
sensor.air_quality_monitor_humidity,63.3575439453125,2026-08-22T14:53:45.014Z
sensor.air_quality_monitor_humidity,63.2431030273438,2026-08-22T14:53:55.019Z
sensor.air_quality_monitor_humidity,63.1759643554688,2026-08-22T14:54:05.022Z
sensor.air_quality_monitor_humidity,63.1622314453125,2026-08-22T14:54:15.028Z
sensor.air_quality_monitor_humidity,63.0828857421875,2026-08-22T14:54:25.026Z
sensor.air_quality_monitor_humidity,62.9974365234375,2026-08-22T14:54:35.032Z
sensor.air_quality_monitor_humidity,63.0233764648438,2026-08-22T14:54:45.035Z
sensor.air_quality_monitor_humidity,62.9165649414062,2026-08-22T14:54:55.039Z
sensor.air_quality_monitor_humidity,62.9196166992188,2026-08-22T14:55:05.039Z
sensor.air_quality_monitor_humidity,62.8097534179688,2026-08-22T14:55:15.044Z
sensor.air_quality_monitor_humidity,62.7822875976562,2026-08-22T14:55:25.037Z
sensor.air_quality_monitor_humidity,62.7700805664062,2026-08-22T14:55:35.045Z
sensor.air_quality_monitor_humidity,62.6678466796875,2026-08-22T14:55:45.046Z
sensor.air_quality_monitor_humidity,62.7029418945312,2026-08-22T14:55:55.047Z
sensor.air_quality_monitor_humidity,62.591552734375,2026-08-22T14:56:05.052Z
sensor.air_quality_monitor_humidity,62.5579833984375,2026-08-22T14:56:15.052Z
sensor.air_quality_monitor_humidity,62.5015258789062,2026-08-22T14:56:25.052Z
sensor.air_quality_monitor_humidity,62.4282836914062,2026-08-22T14:56:35.053Z
sensor.air_quality_monitor_humidity,62.3565673828125,2026-08-22T14:56:55.053Z
sensor.air_quality_monitor_humidity,62.3214721679688,2026-08-22T14:57:05.056Z
sensor.air_quality_monitor_humidity,62.261962890625,2026-08-22T14:57:15.056Z
sensor.air_quality_monitor_humidity,62.2116088867188,2026-08-22T14:57:25.059Z
sensor.air_quality_monitor_humidity,62.1917724609375,2026-08-22T14:57:35.063Z
sensor.air_quality_monitor_humidity,62.164306640625,2026-08-22T14:57:45.068Z
sensor.air_quality_monitor_humidity,62.1063232421875,2026-08-22T14:57:55.068Z
sensor.air_quality_monitor_humidity,61.9842529296875,2026-08-22T14:58:05.071Z
sensor.air_quality_monitor_humidity,62.0025634765625,2026-08-22T14:58:15.076Z
sensor.air_quality_monitor_humidity,61.9613647460938,2026-08-22T14:58:25.088Z
sensor.air_quality_monitor_humidity,61.8972778320312,2026-08-22T14:58:35.091Z
sensor.air_quality_monitor_humidity,61.9110107421875,2026-08-22T14:58:45.095Z
sensor.air_quality_monitor_humidity,61.8667602539062,2026-08-22T14:58:55.096Z
sensor.air_quality_monitor_humidity,61.810302734375,2026-08-22T14:59:05.110Z
sensor.air_quality_monitor_humidity,61.7721557617188,2026-08-22T14:59:15.113Z
sensor.air_quality_monitor_humidity,61.6958618164062,2026-08-22T14:59:25.113Z
sensor.air_quality_monitor_humidity,61.6851806640625,2026-08-22T14:59:35.114Z
sensor.air_quality_monitor_humidity,61.6348266601562,2026-08-22T14:59:45.114Z
sensor.air_quality_monitor_humidity,61.5859985351562,2026-08-22T14:59:55.114Z
sensor.air_quality_monitor_humidity,61.566162109375,2026-08-22T15:00:05.117Z
sensor.air_quality_monitor_humidity,61.5676879882812,2026-08-22T15:00:15.118Z
sensor.air_quality_monitor_humidity,61.51123046875,2026-08-22T15:00:25.118Z
sensor.air_quality_monitor_humidity,61.41357421875,2026-08-22T15:00:35.119Z
sensor.air_quality_monitor_humidity,61.407470703125,2026-08-22T15:00:45.119Z
sensor.air_quality_monitor_humidity,61.3876342773438,2026-08-22T15:00:55.120Z
sensor.air_quality_monitor_humidity,61.328125,2026-08-22T15:01:05.113Z
sensor.air_quality_monitor_humidity,61.34033203125,2026-08-22T15:01:15.122Z
sensor.air_quality_monitor_humidity,61.2640380859375,2026-08-22T15:01:25.123Z
sensor.air_quality_monitor_humidity,61.23046875,2026-08-22T15:01:35.124Z
sensor.air_quality_monitor_humidity,61.1892700195312,2026-08-22T15:01:45.127Z
sensor.air_quality_monitor_humidity,61.1709594726562,2026-08-22T15:01:55.132Z
sensor.air_quality_monitor_humidity,61.1434936523438,2026-08-22T15:02:05.134Z
sensor.air_quality_monitor_humidity,61.1053466796875,2026-08-22T15:02:15.140Z
sensor.air_quality_monitor_humidity,61.0702514648438,2026-08-22T15:02:25.145Z
sensor.air_quality_monitor_humidity,61.0366821289062,2026-08-22T15:02:35.146Z
sensor.air_quality_monitor_humidity,61.0214233398438,2026-08-22T15:02:45.146Z
sensor.air_quality_monitor_humidity,61.0275268554688,2026-08-22T15:02:55.152Z
sensor.air_quality_monitor_humidity,60.9130859375,2026-08-22T15:03:05.150Z
sensor.air_quality_monitor_humidity,60.87646484375,2026-08-22T15:03:15.149Z
sensor.air_quality_monitor_humidity,60.8810424804688,2026-08-22T15:03:25.159Z
sensor.air_quality_monitor_humidity,60.8489990234375,2026-08-22T15:03:35.151Z
sensor.air_quality_monitor_humidity,60.8123779296875,2026-08-22T15:03:45.153Z
sensor.air_quality_monitor_humidity,60.760498046875,2026-08-22T15:03:55.160Z
sensor.air_quality_monitor_humidity,60.72998046875,2026-08-22T15:04:05.155Z
sensor.air_quality_monitor_humidity,60.7467651367188,2026-08-22T15:04:25.170Z
sensor.air_quality_monitor_humidity,60.693359375,2026-08-22T15:04:35.171Z
sensor.air_quality_monitor_humidity,60.70556640625,2026-08-22T15:04:45.171Z
sensor.air_quality_monitor_humidity,60.6124877929688,2026-08-22T15:04:55.174Z
sensor.air_quality_monitor_humidity,60.5560302734375,2026-08-22T15:05:05.177Z
sensor.air_quality_monitor_humidity,60.528564453125,2026-08-22T15:05:15.177Z
sensor.air_quality_monitor_humidity,60.552978515625,2026-08-22T15:05:25.180Z
sensor.air_quality_monitor_humidity,60.5026245117188,2026-08-22T15:05:35.181Z
sensor.air_quality_monitor_humidity,60.5148315429688,2026-08-22T15:05:45.182Z
sensor.air_quality_monitor_humidity,60.43701171875,2026-08-22T15:05:55.184Z
sensor.air_quality_monitor_humidity,60.4049682617188,2026-08-22T15:06:05.185Z
sensor.air_quality_monitor_humidity,60.394287109375,2026-08-22T15:06:15.185Z
sensor.air_quality_monitor_humidity,60.3347778320312,2026-08-22T15:06:25.185Z
sensor.air_quality_monitor_humidity,60.357666015625,2026-08-22T15:06:35.189Z
sensor.air_quality_monitor_humidity,60.296630859375,2026-08-22T15:06:45.194Z
sensor.air_quality_monitor_humidity,60.2767944335938,2026-08-22T15:06:55.198Z
sensor.air_quality_monitor_humidity,60.2325439453125,2026-08-22T15:07:05.205Z
sensor.air_quality_monitor_humidity,60.1913452148438,2026-08-22T15:07:15.206Z
sensor.air_quality_monitor_humidity,60.2020263671875,2026-08-22T15:07:25.207Z
sensor.air_quality_monitor_humidity,60.1348876953125,2026-08-22T15:07:35.207Z
sensor.air_quality_monitor_humidity,60.1837158203125,2026-08-22T15:07:45.208Z
sensor.air_quality_monitor_humidity,60.1165771484375,2026-08-22T15:07:55.212Z
sensor.air_quality_monitor_humidity,60.0555419921875,2026-08-22T15:08:05.216Z
sensor.air_quality_monitor_humidity,60.0433349609375,2026-08-22T15:08:15.216Z
sensor.air_quality_monitor_humidity,60.0418090820312,2026-08-22T15:08:25.220Z
sensor.air_quality_monitor_humidity,59.9945068359375,2026-08-22T15:08:35.225Z
sensor.air_quality_monitor_humidity,59.991455078125,2026-08-22T15:08:45.226Z
sensor.air_quality_monitor_humidity,59.9655151367188,2026-08-22T15:08:55.227Z
sensor.air_quality_monitor_humidity,59.9151611328125,2026-08-22T15:09:15.226Z
sensor.air_quality_monitor_humidity,59.918212890625,2026-08-22T15:09:25.224Z
sensor.air_quality_monitor_humidity,59.8617553710938,2026-08-22T15:09:35.230Z
sensor.air_quality_monitor_humidity,59.8602294921875,2026-08-22T15:09:45.231Z
sensor.air_quality_monitor_humidity,59.832763671875,2026-08-22T15:09:55.233Z
sensor.air_quality_monitor_humidity,59.7991943359375,2026-08-22T15:10:05.228Z
sensor.air_quality_monitor_humidity,59.8434448242188,2026-08-22T15:10:15.228Z
sensor.air_quality_monitor_humidity,59.7564697265625,2026-08-22T15:10:25.229Z
sensor.air_quality_monitor_humidity,59.7335815429688,2026-08-22T15:10:35.234Z
sensor.air_quality_monitor_humidity,59.7274780273438,2026-08-22T15:10:45.236Z
sensor.air_quality_monitor_humidity,59.7076416015625,2026-08-22T15:10:55.236Z
sensor.air_quality_monitor_humidity,59.6649169921875,2026-08-22T15:11:05.235Z
sensor.air_quality_monitor_humidity,59.6786499023438,2026-08-22T15:11:15.237Z
sensor.air_quality_monitor_humidity,59.6054077148438,2026-08-22T15:11:25.238Z
sensor.air_quality_monitor_humidity,59.6084594726562,2026-08-22T15:11:35.242Z
sensor.air_quality_monitor_humidity,59.576416015625,2026-08-22T15:11:45.243Z
sensor.air_quality_monitor_humidity,59.5855712890625,2026-08-22T15:11:55.243Z
sensor.air_quality_monitor_humidity,59.5443725585938,2026-08-22T15:12:05.253Z
sensor.air_quality_monitor_humidity,59.4879150390625,2026-08-22T15:12:15.255Z
sensor.air_quality_monitor_humidity,59.466552734375,2026-08-22T15:12:25.253Z
sensor.air_quality_monitor_humidity,59.4512939453125,2026-08-22T15:12:35.261Z
sensor.air_quality_monitor_humidity,59.4207763671875,2026-08-22T15:12:45.271Z
sensor.air_quality_monitor_humidity,59.3978881835938,2026-08-22T15:12:55.273Z
sensor.air_quality_monitor_humidity,59.3704223632812,2026-08-22T15:13:05.278Z
sensor.air_quality_monitor_humidity,59.3643188476562,2026-08-22T15:13:15.278Z
sensor.air_quality_monitor_humidity,59.3215942382812,2026-08-22T15:13:25.279Z
sensor.air_quality_monitor_humidity,59.3032836914062,2026-08-22T15:13:35.281Z
sensor.air_quality_monitor_humidity,59.2926025390625,2026-08-22T15:13:45.283Z
sensor.air_quality_monitor_humidity,59.3002319335938,2026-08-22T15:13:55.286Z
sensor.air_quality_monitor_humidity,59.2849731445312,2026-08-22T15:14:05.287Z
sensor.air_quality_monitor_humidity,59.2437744140625,2026-08-22T15:14:15.287Z
sensor.air_quality_monitor_humidity,59.1949462890625,2026-08-22T15:14:25.288Z
sensor.air_quality_monitor_humidity,59.1812133789062,2026-08-22T15:14:35.288Z
sensor.air_quality_monitor_humidity,59.1644287109375,2026-08-22T15:14:45.288Z
sensor.air_quality_monitor_humidity,59.1567993164062,2026-08-22T15:14:55.291Z
sensor.air_quality_monitor_humidity,59.1339111328125,2026-08-22T15:15:05.306Z
sensor.air_quality_monitor_humidity,59.1079711914062,2026-08-22T15:15:15.318Z
sensor.air_quality_monitor_humidity,59.0545654296875,2026-08-22T15:15:25.323Z
sensor.air_quality_monitor_humidity,59.06982421875,2026-08-22T15:15:35.323Z
sensor.air_quality_monitor_humidity,58.94775390625,2026-08-22T15:15:45.324Z
sensor.air_quality_monitor_humidity,58.9584350585938,2026-08-22T15:15:55.324Z
sensor.air_quality_monitor_humidity,58.9630126953125,2026-08-22T15:16:05.327Z
sensor.air_quality_monitor_humidity,58.9462280273438,2026-08-22T15:16:15.329Z
sensor.air_quality_monitor_humidity,58.9126586914062,2026-08-22T15:16:25.328Z
sensor.air_quality_monitor_humidity,58.89892578125,2026-08-22T15:16:35.328Z
sensor.air_quality_monitor_humidity,58.8165283203125,2026-08-22T15:16:45.329Z
sensor.air_quality_monitor_humidity,58.837890625,2026-08-22T15:16:55.332Z
sensor.air_quality_monitor_humidity,58.8226318359375,2026-08-22T15:17:05.332Z
sensor.air_quality_monitor_humidity,58.7738037109375,2026-08-22T15:17:15.335Z
sensor.air_quality_monitor_humidity,58.758544921875,2026-08-22T15:17:25.338Z
sensor.air_quality_monitor_humidity,58.7066650390625,2026-08-22T15:17:35.336Z
sensor.air_quality_monitor_humidity,58.7127685546875,2026-08-22T15:17:45.345Z
sensor.air_quality_monitor_humidity,58.72802734375,2026-08-22T15:17:55.338Z
sensor.air_quality_monitor_humidity,58.7005615234375,2026-08-22T15:18:05.338Z
sensor.air_quality_monitor_humidity,58.6837768554688,2026-08-22T15:18:15.348Z
sensor.air_quality_monitor_humidity,58.6395263671875,2026-08-22T15:18:25.360Z
sensor.air_quality_monitor_humidity,58.6517333984375,2026-08-22T15:18:35.362Z
sensor.air_quality_monitor_humidity,58.6227416992188,2026-08-22T15:18:45.363Z
sensor.air_quality_monitor_humidity,58.5494995117188,2026-08-22T15:18:55.363Z
sensor.air_quality_monitor_humidity,58.5723876953125,2026-08-22T15:19:05.366Z
sensor.air_quality_monitor_humidity,58.5296630859375,2026-08-22T15:19:15.369Z
sensor.air_quality_monitor_humidity,58.5311889648438,2026-08-22T15:19:25.372Z
sensor.air_quality_monitor_humidity,58.48388671875,2026-08-22T15:19:35.370Z
sensor.air_quality_monitor_humidity,58.43505859375,2026-08-22T15:19:45.370Z
sensor.air_quality_monitor_humidity,58.4671020507812,2026-08-22T15:19:55.378Z
sensor.air_quality_monitor_humidity,58.4396362304688,2026-08-22T15:20:05.373Z
sensor.air_quality_monitor_humidity,58.4197998046875,2026-08-22T15:20:15.377Z
sensor.air_quality_monitor_humidity,58.3450317382812,2026-08-22T15:20:25.386Z
sensor.air_quality_monitor_humidity,58.3358764648438,2026-08-22T15:20:35.377Z
sensor.air_quality_monitor_humidity,58.3526611328125,2026-08-22T15:20:45.377Z
sensor.air_quality_monitor_humidity,58.3389282226562,2026-08-22T15:20:55.388Z
sensor.air_quality_monitor_humidity,58.3282470703125,2026-08-22T15:21:05.386Z
sensor.air_quality_monitor_humidity,58.2778930664062,2026-08-22T15:21:15.386Z
sensor.air_quality_monitor_humidity,58.282470703125,2026-08-22T15:21:25.394Z
sensor.air_quality_monitor_humidity,58.2839965820312,2026-08-22T15:21:35.400Z
sensor.air_quality_monitor_humidity,58.2351684570312,2026-08-22T15:21:45.400Z
sensor.air_quality_monitor_humidity,58.2138061523438,2026-08-22T15:21:55.403Z
sensor.air_quality_monitor_humidity,58.1954956054688,2026-08-22T15:22:05.406Z
sensor.air_quality_monitor_humidity,58.2077026367188,2026-08-22T15:22:15.404Z
sensor.air_quality_monitor_humidity,58.1756591796875,2026-08-22T15:22:25.413Z
sensor.air_quality_monitor_humidity,58.1344604492188,2026-08-22T15:22:35.410Z
sensor.air_quality_monitor_humidity,58.0978393554688,2026-08-22T15:22:45.414Z
sensor.air_quality_monitor_humidity,58.074951171875,2026-08-22T15:22:55.415Z
sensor.air_quality_monitor_humidity,58.0978393554688,2026-08-22T15:23:05.422Z
sensor.air_quality_monitor_humidity,58.0703735351562,2026-08-22T15:23:15.424Z
sensor.air_quality_monitor_humidity,57.9910278320312,2026-08-22T15:23:25.425Z
sensor.air_quality_monitor_humidity,58.0032348632812,2026-08-22T15:23:35.425Z
sensor.air_quality_monitor_humidity,58.0123901367188,2026-08-22T15:23:45.426Z
sensor.air_quality_monitor_humidity,57.9376220703125,2026-08-22T15:23:55.427Z
sensor.air_quality_monitor_humidity,57.9681396484375,2026-08-22T15:24:05.427Z
sensor.air_quality_monitor_humidity,57.9116821289062,2026-08-22T15:24:15.429Z
sensor.air_quality_monitor_humidity,57.9559326171875,2026-08-22T15:24:25.431Z
sensor.air_quality_monitor_humidity,57.9360961914062,2026-08-22T15:24:35.429Z
sensor.air_quality_monitor_humidity,57.89794921875,2026-08-22T15:24:45.431Z
sensor.air_quality_monitor_humidity,57.8399658203125,2026-08-22T15:25:05.436Z
sensor.air_quality_monitor_humidity,57.8536987304688,2026-08-22T15:25:15.437Z
sensor.air_quality_monitor_humidity,57.8277587890625,2026-08-22T15:25:25.437Z
sensor.air_quality_monitor_humidity,57.8048706054688,2026-08-22T15:25:35.436Z
sensor.air_quality_monitor_humidity,57.8231811523438,2026-08-22T15:25:45.440Z
sensor.air_quality_monitor_humidity,57.77587890625,2026-08-22T15:25:55.441Z
sensor.air_quality_monitor_humidity,57.7926635742188,2026-08-22T15:26:05.443Z
sensor.air_quality_monitor_humidity,57.7911376953125,2026-08-22T15:26:15.444Z
sensor.air_quality_monitor_humidity,57.7835083007812,2026-08-22T15:26:25.446Z
sensor.air_quality_monitor_humidity,57.75146484375,2026-08-22T15:26:35.451Z
sensor.air_quality_monitor_humidity,57.757568359375,2026-08-22T15:26:45.451Z
sensor.air_quality_monitor_humidity,57.7392578125,2026-08-22T15:26:55.455Z
sensor.air_quality_monitor_humidity,57.7865600585938,2026-08-22T15:27:05.459Z
sensor.air_quality_monitor_humidity,57.708740234375,2026-08-22T15:27:15.461Z
sensor.air_quality_monitor_humidity,57.763671875,2026-08-22T15:27:25.463Z
sensor.air_quality_monitor_humidity,57.71484375,2026-08-22T15:27:35.469Z
sensor.air_quality_monitor_humidity,57.708740234375,2026-08-22T15:27:45.472Z
sensor.air_quality_monitor_humidity,57.6812744140625,2026-08-22T15:27:55.462Z
sensor.air_quality_monitor_humidity,57.6614379882812,2026-08-22T15:28:05.476Z
sensor.air_quality_monitor_humidity,57.684326171875,2026-08-22T15:28:15.463Z
sensor.air_quality_monitor_humidity,57.635498046875,2026-08-22T15:28:25.465Z
sensor.air_quality_monitor_humidity,57.6492309570312,2026-08-22T15:28:35.464Z
sensor.air_quality_monitor_humidity,57.6690673828125,2026-08-22T15:28:45.464Z
sensor.air_quality_monitor_humidity,57.6736450195312,2026-08-22T15:28:55.478Z
sensor.air_quality_monitor_humidity,57.6675415039062,2026-08-22T15:29:05.478Z
sensor.air_quality_monitor_humidity,57.5790405273438,2026-08-22T15:29:15.467Z
sensor.air_quality_monitor_humidity,57.6553344726562,2026-08-22T15:29:25.480Z
sensor.air_quality_monitor_humidity,57.6446533203125,2026-08-22T15:29:35.467Z
sensor.air_quality_monitor_humidity,57.6156616210938,2026-08-22T15:29:45.481Z
sensor.air_quality_monitor_humidity,57.5942993164062,2026-08-22T15:30:05.482Z
sensor.air_quality_monitor_humidity,57.5790405273438,2026-08-22T15:30:15.482Z
sensor.air_quality_monitor_humidity,57.6156616210938,2026-08-22T15:30:25.483Z
sensor.air_quality_monitor_humidity,57.586669921875,2026-08-22T15:30:35.484Z
sensor.air_quality_monitor_humidity,57.5210571289062,2026-08-22T15:30:45.484Z
sensor.air_quality_monitor_humidity,57.6187133789062,2026-08-22T15:30:55.486Z
sensor.air_quality_monitor_humidity,57.525634765625,2026-08-22T15:31:05.473Z
sensor.air_quality_monitor_humidity,57.5576782226562,2026-08-22T15:31:15.488Z
sensor.air_quality_monitor_humidity,57.574462890625,2026-08-22T15:31:25.488Z
sensor.air_quality_monitor_humidity,57.513427734375,2026-08-22T15:31:35.488Z
sensor.air_quality_monitor_humidity,57.4996948242188,2026-08-22T15:31:45.488Z
sensor.air_quality_monitor_humidity,57.5592041015625,2026-08-22T15:31:55.490Z
sensor.air_quality_monitor_humidity,57.5042724609375,2026-08-22T15:32:05.478Z
sensor.air_quality_monitor_humidity,57.5149536132812,2026-08-22T15:32:15.483Z
sensor.air_quality_monitor_humidity,57.525634765625,2026-08-22T15:32:25.494Z
sensor.air_quality_monitor_humidity,57.4920654296875,2026-08-22T15:32:35.488Z
sensor.air_quality_monitor_humidity,57.5027465820312,2026-08-22T15:32:45.493Z
sensor.air_quality_monitor_humidity,57.4874877929688,2026-08-22T15:32:55.500Z
sensor.air_quality_monitor_humidity,57.4752807617188,2026-08-22T15:33:05.503Z
sensor.air_quality_monitor_humidity,57.5210571289062,2026-08-22T15:33:15.504Z
sensor.air_quality_monitor_humidity,57.4615478515625,2026-08-22T15:33:25.504Z
sensor.air_quality_monitor_humidity,57.5119018554688,2026-08-22T15:33:35.512Z
sensor.air_quality_monitor_humidity,57.4676513671875,2026-08-22T15:33:45.509Z
sensor.air_quality_monitor_humidity,57.476806640625,2026-08-22T15:33:55.511Z
sensor.air_quality_monitor_humidity,57.4676513671875,2026-08-22T15:34:05.517Z
sensor.air_quality_monitor_humidity,57.4600219726562,2026-08-22T15:34:15.519Z
sensor.air_quality_monitor_humidity,57.4661254882812,2026-08-22T15:34:25.519Z
sensor.air_quality_monitor_humidity,57.4295043945312,2026-08-22T15:34:35.527Z
sensor.air_quality_monitor_humidity,57.45849609375,2026-08-22T15:34:45.530Z
sensor.air_quality_monitor_humidity,57.4432373046875,2026-08-22T15:34:55.531Z
sensor.air_quality_monitor_humidity,57.4493408203125,2026-08-22T15:35:05.533Z
sensor.air_quality_monitor_humidity,57.4432373046875,2026-08-22T15:35:15.537Z
sensor.air_quality_monitor_humidity,57.4203491210938,2026-08-22T15:35:25.537Z
sensor.air_quality_monitor_humidity,57.4615478515625,2026-08-22T15:35:35.546Z
sensor.air_quality_monitor_humidity,57.415771484375,2026-08-22T15:35:45.545Z
sensor.air_quality_monitor_humidity,57.4310302734375,2026-08-22T15:35:55.545Z
sensor.air_quality_monitor_humidity,57.4600219726562,2026-08-22T15:36:05.548Z
sensor.air_quality_monitor_humidity,57.4020385742188,2026-08-22T15:36:15.552Z
sensor.air_quality_monitor_humidity,57.3883056640625,2026-08-22T15:36:25.552Z
sensor.air_quality_monitor_humidity,57.4295043945312,2026-08-22T15:36:35.559Z
sensor.air_quality_monitor_humidity,57.415771484375,2026-08-22T15:36:45.574Z
sensor.air_quality_monitor_humidity,57.43408203125,2026-08-22T15:36:55.589Z
sensor.air_quality_monitor_humidity,57.4264526367188,2026-08-22T15:37:05.590Z
sensor.air_quality_monitor_humidity,57.40966796875,2026-08-22T15:37:15.590Z
sensor.air_quality_monitor_humidity,57.4203491210938,2026-08-22T15:37:25.592Z
sensor.air_quality_monitor_humidity,57.4508666992188,2026-08-22T15:37:35.595Z
sensor.air_quality_monitor_humidity,57.4203491210938,2026-08-22T15:37:45.598Z
sensor.air_quality_monitor_humidity,57.3760986328125,2026-08-22T15:37:55.597Z
sensor.air_quality_monitor_humidity,57.373046875,2026-08-22T15:38:05.602Z
sensor.air_quality_monitor_humidity,57.3623657226562,2026-08-22T15:38:15.602Z
sensor.air_quality_monitor_humidity,57.4462890625,2026-08-22T15:38:25.608Z
sensor.air_quality_monitor_humidity,57.4142456054688,2026-08-22T15:38:35.608Z
sensor.air_quality_monitor_humidity,57.3898315429688,2026-08-22T15:38:45.609Z
sensor.air_quality_monitor_humidity,57.4203491210938,2026-08-22T15:38:55.612Z
sensor.air_quality_monitor_humidity,57.3776245117188,2026-08-22T15:39:05.612Z
sensor.air_quality_monitor_humidity,57.3471069335938,2026-08-22T15:39:15.613Z
sensor.air_quality_monitor_humidity,57.330322265625,2026-08-22T15:39:25.617Z
sensor.air_quality_monitor_humidity,57.3822021484375,2026-08-22T15:39:35.617Z
sensor.air_quality_monitor_humidity,57.3883056640625,2026-08-22T15:39:45.617Z
sensor.air_quality_monitor_humidity,57.4005126953125,2026-08-22T15:39:55.619Z
sensor.air_quality_monitor_humidity,57.3379516601562,2026-08-22T15:40:05.618Z
sensor.air_quality_monitor_humidity,57.38525390625,2026-08-22T15:40:15.620Z
sensor.air_quality_monitor_humidity,57.3501586914062,2026-08-22T15:40:25.622Z
sensor.air_quality_monitor_humidity,57.3928833007812,2026-08-22T15:40:35.622Z
sensor.air_quality_monitor_humidity,57.3806762695312,2026-08-22T15:40:45.622Z
sensor.air_quality_monitor_humidity,57.3394775390625,2026-08-22T15:40:55.626Z
sensor.air_quality_monitor_humidity,57.415771484375,2026-08-22T15:41:05.626Z
sensor.air_quality_monitor_humidity,57.366943359375,2026-08-22T15:41:15.627Z
sensor.air_quality_monitor_humidity,57.3577880859375,2026-08-22T15:41:25.631Z
sensor.air_quality_monitor_humidity,57.38525390625,2026-08-22T15:41:35.633Z
sensor.air_quality_monitor_humidity,57.4371337890625,2026-08-22T15:41:45.633Z
sensor.air_quality_monitor_humidity,57.38525390625,2026-08-22T15:41:55.632Z
sensor.air_quality_monitor_humidity,57.4417114257812,2026-08-22T15:42:05.635Z
sensor.air_quality_monitor_humidity,57.4325561523438,2026-08-22T15:42:15.636Z
sensor.air_quality_monitor_humidity,57.3944091796875,2026-08-22T15:42:25.643Z
sensor.air_quality_monitor_humidity,57.4142456054688,2026-08-22T15:42:35.640Z
sensor.air_quality_monitor_humidity,57.4127197265625,2026-08-22T15:42:45.642Z
sensor.air_quality_monitor_humidity,57.3898315429688,2026-08-22T15:42:55.648Z
sensor.air_quality_monitor_humidity,57.4295043945312,2026-08-22T15:43:05.646Z
sensor.air_quality_monitor_humidity,57.3822021484375,2026-08-22T15:43:15.648Z
sensor.air_quality_monitor_humidity,57.4554443359375,2026-08-22T15:43:25.655Z
sensor.air_quality_monitor_humidity,57.4478149414062,2026-08-22T15:43:35.649Z
sensor.air_quality_monitor_humidity,57.4203491210938,2026-08-22T15:43:45.651Z
sensor.air_quality_monitor_humidity,57.4386596679688,2026-08-22T15:43:55.659Z
sensor.air_quality_monitor_humidity,57.4295043945312,2026-08-22T15:44:05.652Z
sensor.air_quality_monitor_humidity,57.4188232421875,2026-08-22T15:44:15.655Z
sensor.air_quality_monitor_humidity,57.4325561523438,2026-08-22T15:44:25.663Z
sensor.air_quality_monitor_humidity,57.4447631835938,2026-08-22T15:44:35.675Z
sensor.air_quality_monitor_humidity,57.4050903320312,2026-08-22T15:44:45.695Z
sensor.air_quality_monitor_humidity,57.4905395507812,2026-08-22T15:44:55.694Z
sensor.air_quality_monitor_humidity,57.415771484375,2026-08-22T15:45:05.695Z
sensor.air_quality_monitor_humidity,57.4554443359375,2026-08-22T15:45:15.701Z
sensor.air_quality_monitor_humidity,57.452392578125,2026-08-22T15:45:25.699Z
sensor.air_quality_monitor_humidity,57.4417114257812,2026-08-22T15:45:35.708Z
sensor.air_quality_monitor_humidity,57.4508666992188,2026-08-22T15:45:45.711Z
sensor.air_quality_monitor_humidity,57.4676513671875,2026-08-22T15:45:55.712Z
sensor.air_quality_monitor_humidity,57.4310302734375,2026-08-22T15:46:05.721Z
sensor.air_quality_monitor_humidity,57.4783325195312,2026-08-22T15:46:15.713Z
sensor.air_quality_monitor_humidity,57.4920654296875,2026-08-22T15:46:25.713Z
sensor.air_quality_monitor_humidity,57.4905395507812,2026-08-22T15:46:35.728Z
sensor.air_quality_monitor_humidity,57.4752807617188,2026-08-22T15:46:55.717Z
sensor.air_quality_monitor_humidity,57.4798583984375,2026-08-22T15:47:05.729Z
sensor.air_quality_monitor_humidity,57.5149536132812,2026-08-22T15:47:15.719Z
sensor.air_quality_monitor_humidity,57.4676513671875,2026-08-22T15:47:25.720Z
sensor.air_quality_monitor_humidity,57.489013671875,2026-08-22T15:47:35.735Z
sensor.air_quality_monitor_humidity,57.4996948242188,2026-08-22T15:47:45.721Z
sensor.air_quality_monitor_humidity,57.5103759765625,2026-08-22T15:47:55.732Z
sensor.air_quality_monitor_humidity,57.4859619140625,2026-08-22T15:48:05.732Z
sensor.air_quality_monitor_humidity,57.537841796875,2026-08-22T15:48:15.721Z
sensor.air_quality_monitor_humidity,57.5332641601562,2026-08-22T15:48:25.721Z
sensor.air_quality_monitor_humidity,57.5485229492188,2026-08-22T15:48:35.735Z
sensor.air_quality_monitor_humidity,57.537841796875,2026-08-22T15:48:45.723Z
sensor.air_quality_monitor_humidity,57.5485229492188,2026-08-22T15:48:55.728Z
sensor.air_quality_monitor_humidity,57.5393676757812,2026-08-22T15:49:05.729Z
sensor.air_quality_monitor_humidity,57.568359375,2026-08-22T15:49:15.733Z
sensor.air_quality_monitor_humidity,57.5286865234375,2026-08-22T15:49:25.733Z
sensor.air_quality_monitor_humidity,57.5347900390625,2026-08-22T15:49:35.742Z
sensor.air_quality_monitor_humidity,57.5698852539062,2026-08-22T15:49:45.744Z
sensor.air_quality_monitor_humidity,57.5759887695312,2026-08-22T15:49:55.736Z
sensor.air_quality_monitor_humidity,57.60498046875,2026-08-22T15:50:05.740Z
sensor.air_quality_monitor_humidity,57.5531005859375,2026-08-22T15:50:15.739Z
sensor.air_quality_monitor_humidity,57.5714111328125,2026-08-22T15:50:25.748Z
sensor.air_quality_monitor_humidity,57.550048828125,2026-08-22T15:50:35.751Z
sensor.air_quality_monitor_humidity,57.6004028320312,2026-08-22T15:50:45.742Z
sensor.air_quality_monitor_humidity,57.5851440429688,2026-08-22T15:50:55.752Z
sensor.air_quality_monitor_humidity,57.60498046875,2026-08-22T15:51:05.756Z
sensor.air_quality_monitor_humidity,57.6171875,2026-08-22T15:51:15.757Z
sensor.air_quality_monitor_humidity,57.6217651367188,2026-08-22T15:51:25.763Z
sensor.air_quality_monitor_humidity,57.6202392578125,2026-08-22T15:51:35.763Z
sensor.air_quality_monitor_humidity,57.6370239257812,2026-08-22T15:51:45.764Z
sensor.air_quality_monitor_humidity,57.672119140625,2026-08-22T15:51:55.767Z
sensor.air_quality_monitor_humidity,57.65380859375,2026-08-22T15:52:05.769Z
sensor.air_quality_monitor_humidity,57.672119140625,2026-08-22T15:52:15.772Z
sensor.air_quality_monitor_humidity,57.6461791992188,2026-08-22T15:52:25.773Z
sensor.air_quality_monitor_humidity,57.6736450195312,2026-08-22T15:52:35.781Z
sensor.air_quality_monitor_humidity,57.6980590820312,2026-08-22T15:52:45.783Z
sensor.air_quality_monitor_humidity,57.6400756835938,2026-08-22T15:52:55.780Z
sensor.air_quality_monitor_humidity,57.67822265625,2026-08-22T15:53:05.795Z
sensor.air_quality_monitor_humidity,57.7011108398438,2026-08-22T15:53:15.795Z
sensor.air_quality_monitor_humidity,57.720947265625,2026-08-22T15:53:25.798Z
sensor.air_quality_monitor_humidity,57.6553344726562,2026-08-22T15:53:35.797Z
sensor.air_quality_monitor_humidity,57.7239990234375,2026-08-22T15:53:45.803Z
sensor.air_quality_monitor_humidity,57.7468872070312,2026-08-22T15:53:55.809Z
sensor.air_quality_monitor_humidity,57.7194213867188,2026-08-22T15:54:05.808Z
sensor.air_quality_monitor_humidity,57.6950073242188,2026-08-22T15:54:15.818Z
sensor.air_quality_monitor_humidity,57.7407836914062,2026-08-22T15:54:25.830Z
sensor.air_quality_monitor_humidity,57.7606201171875,2026-08-22T15:54:35.831Z
sensor.air_quality_monitor_humidity,57.7377319335938,2026-08-22T15:54:45.832Z
sensor.air_quality_monitor_humidity,57.7438354492188,2026-08-22T15:54:55.832Z
sensor.air_quality_monitor_humidity,57.7423095703125,2026-08-22T15:55:05.837Z
sensor.air_quality_monitor_humidity,57.7987670898438,2026-08-22T15:55:15.838Z
sensor.air_quality_monitor_humidity,57.7682495117188,2026-08-22T15:55:25.837Z
sensor.air_quality_monitor_humidity,57.7987670898438,2026-08-22T15:55:35.841Z
sensor.air_quality_monitor_humidity,57.8048706054688,2026-08-22T15:55:45.840Z
sensor.air_quality_monitor_humidity,57.77587890625,2026-08-22T15:55:55.843Z
sensor.air_quality_monitor_humidity,57.82470703125,2026-08-22T15:56:05.843Z
sensor.air_quality_monitor_humidity,57.830810546875,2026-08-22T15:56:15.845Z
sensor.air_quality_monitor_humidity,57.8628540039062,2026-08-22T15:56:25.845Z
sensor.air_quality_monitor_humidity,57.8277587890625,2026-08-22T15:56:35.845Z
sensor.air_quality_monitor_humidity,57.867431640625,2026-08-22T15:56:45.850Z
sensor.air_quality_monitor_humidity,57.8445434570312,2026-08-22T15:56:55.849Z
sensor.air_quality_monitor_humidity,57.8704833984375,2026-08-22T15:57:05.851Z
sensor.air_quality_monitor_humidity,57.8292846679688,2026-08-22T15:57:15.853Z
sensor.air_quality_monitor_humidity,57.9086303710938,2026-08-22T15:57:25.860Z
sensor.air_quality_monitor_humidity,57.9147338867188,2026-08-22T15:57:35.854Z
sensor.air_quality_monitor_humidity,57.8964233398438,2026-08-22T15:57:45.858Z
sensor.air_quality_monitor_humidity,57.9360961914062,2026-08-22T15:57:55.864Z
sensor.air_quality_monitor_humidity,57.9147338867188,2026-08-22T15:58:05.863Z
sensor.air_quality_monitor_humidity,57.9391479492188,2026-08-22T15:58:15.864Z
sensor.air_quality_monitor_humidity,57.9605102539062,2026-08-22T15:58:25.871Z
sensor.air_quality_monitor_humidity,57.9742431640625,2026-08-22T15:58:35.870Z
sensor.air_quality_monitor_humidity,57.952880859375,2026-08-22T15:58:45.870Z
sensor.air_quality_monitor_humidity,57.9696655273438,2026-08-22T15:58:55.880Z
sensor.air_quality_monitor_humidity,57.9757690429688,2026-08-22T15:59:15.880Z
sensor.air_quality_monitor_humidity,57.9879760742188,2026-08-22T15:59:25.884Z
sensor.air_quality_monitor_humidity,57.989501953125,2026-08-22T15:59:35.885Z
sensor.air_quality_monitor_humidity,58.0123901367188,2026-08-22T15:59:45.884Z
sensor.air_quality_monitor_humidity,58.0291748046875,2026-08-22T15:59:55.894Z
sensor.air_quality_monitor_humidity,58.0032348632812,2026-08-22T16:00:05.886Z
sensor.air_quality_monitor_humidity,58.0429077148438,2026-08-22T16:00:15.886Z
sensor.air_quality_monitor_humidity,58.0062866210938,2026-08-22T16:00:25.897Z
sensor.air_quality_monitor_humidity,58.0535888671875,2026-08-22T16:00:35.906Z
sensor.air_quality_monitor_humidity,58.06884765625,2026-08-22T16:00:45.890Z
sensor.air_quality_monitor_humidity,58.0612182617188,2026-08-22T16:00:55.902Z
sensor.air_quality_monitor_humidity,58.0734252929688,2026-08-22T16:01:05.893Z
sensor.air_quality_monitor_humidity,58.099365234375,2026-08-22T16:01:15.891Z
sensor.air_quality_monitor_humidity,58.1161499023438,2026-08-22T16:01:25.904Z
sensor.air_quality_monitor_humidity,58.1329345703125,2026-08-22T16:01:45.905Z
sensor.air_quality_monitor_humidity,58.123779296875,2026-08-22T16:01:55.907Z
sensor.air_quality_monitor_humidity,58.14208984375,2026-08-22T16:02:05.906Z
sensor.air_quality_monitor_humidity,58.087158203125,2026-08-22T16:02:15.906Z
sensor.air_quality_monitor_humidity,58.1039428710938,2026-08-22T16:02:25.908Z
sensor.air_quality_monitor_humidity,58.1893920898438,2026-08-22T16:02:35.909Z
sensor.air_quality_monitor_humidity,58.2275390625,2026-08-22T16:02:45.895Z
sensor.air_quality_monitor_humidity,58.2061767578125,2026-08-22T16:02:55.911Z
sensor.air_quality_monitor_humidity,58.2183837890625,2026-08-22T16:03:05.912Z
sensor.air_quality_monitor_humidity,58.19091796875,2026-08-22T16:03:15.899Z
sensor.air_quality_monitor_humidity,58.2351684570312,2026-08-22T16:03:25.911Z
sensor.air_quality_monitor_humidity,58.2473754882812,2026-08-22T16:03:35.899Z
sensor.air_quality_monitor_humidity,58.23974609375,2026-08-22T16:03:45.900Z
sensor.air_quality_monitor_humidity,58.2687377929688,2026-08-22T16:03:55.913Z
sensor.air_quality_monitor_humidity,58.282470703125,2026-08-22T16:04:05.901Z
sensor.air_quality_monitor_humidity,58.319091796875,2026-08-22T16:04:15.901Z
sensor.air_quality_monitor_humidity,58.3084106445312,2026-08-22T16:04:25.915Z
sensor.air_quality_monitor_humidity,58.2717895507812,2026-08-22T16:04:35.902Z
sensor.air_quality_monitor_humidity,58.306884765625,2026-08-22T16:04:45.906Z
sensor.air_quality_monitor_humidity,58.3419799804688,2026-08-22T16:04:55.919Z
sensor.air_quality_monitor_humidity,58.3221435546875,2026-08-22T16:05:05.920Z
sensor.air_quality_monitor_humidity,58.3236694335938,2026-08-22T16:05:15.910Z
sensor.air_quality_monitor_humidity,58.3251953125,2026-08-22T16:05:25.923Z
sensor.air_quality_monitor_humidity,58.3480834960938,2026-08-22T16:05:35.914Z
sensor.air_quality_monitor_humidity,58.3450317382812,2026-08-22T16:05:45.918Z
sensor.air_quality_monitor_humidity,58.4152221679688,2026-08-22T16:05:55.926Z
sensor.air_quality_monitor_humidity,58.3908081054688,2026-08-22T16:06:05.920Z
sensor.air_quality_monitor_humidity,58.355712890625,2026-08-22T16:06:15.928Z
sensor.air_quality_monitor_humidity,58.3938598632812,2026-08-22T16:06:25.932Z
sensor.air_quality_monitor_humidity,58.3953857421875,2026-08-22T16:06:35.922Z
sensor.air_quality_monitor_humidity,58.4030151367188,2026-08-22T16:06:45.922Z
sensor.air_quality_monitor_humidity,58.4243774414062,2026-08-22T16:06:55.934Z
sensor.air_quality_monitor_humidity,58.453369140625,2026-08-22T16:07:05.928Z
sensor.air_quality_monitor_humidity,58.4426879882812,2026-08-22T16:07:15.929Z
sensor.air_quality_monitor_humidity,58.4793090820312,2026-08-22T16:07:25.937Z
sensor.air_quality_monitor_humidity,58.45947265625,2026-08-22T16:07:35.929Z
sensor.air_quality_monitor_humidity,58.465576171875,2026-08-22T16:07:45.932Z
sensor.air_quality_monitor_humidity,58.49609375,2026-08-22T16:07:55.941Z
sensor.air_quality_monitor_humidity,58.5296630859375,2026-08-22T16:08:05.938Z
sensor.air_quality_monitor_humidity,58.5372924804688,2026-08-22T16:08:15.936Z
sensor.air_quality_monitor_humidity,58.5525512695312,2026-08-22T16:08:25.946Z
sensor.air_quality_monitor_humidity,58.5311889648438,2026-08-22T16:08:35.957Z
sensor.air_quality_monitor_humidity,58.5372924804688,2026-08-22T16:08:45.958Z
sensor.air_quality_monitor_humidity,58.5174560546875,2026-08-22T16:08:55.959Z
sensor.air_quality_monitor_humidity,58.58154296875,2026-08-22T16:09:05.959Z
sensor.air_quality_monitor_humidity,58.544921875,2026-08-22T16:09:15.962Z
sensor.air_quality_monitor_humidity,58.612060546875,2026-08-22T16:09:25.961Z
sensor.air_quality_monitor_humidity,58.60595703125,2026-08-22T16:09:35.962Z
sensor.air_quality_monitor_humidity,58.5968017578125,2026-08-22T16:09:45.962Z
sensor.air_quality_monitor_humidity,58.6502075195312,2026-08-22T16:09:55.965Z
sensor.air_quality_monitor_humidity,58.673095703125,2026-08-22T16:10:05.969Z
sensor.air_quality_monitor_humidity,58.6822509765625,2026-08-22T16:10:15.969Z
sensor.air_quality_monitor_humidity,58.67919921875,2026-08-22T16:10:25.972Z
sensor.air_quality_monitor_humidity,58.6944580078125,2026-08-22T16:10:35.972Z
sensor.air_quality_monitor_humidity,58.7081909179688,2026-08-22T16:10:45.972Z
sensor.air_quality_monitor_humidity,58.72802734375,2026-08-22T16:10:55.976Z
sensor.air_quality_monitor_humidity,58.746337890625,2026-08-22T16:11:15.978Z
sensor.air_quality_monitor_humidity,58.6807250976562,2026-08-22T16:11:25.978Z
sensor.air_quality_monitor_humidity,58.7265014648438,2026-08-22T16:11:35.984Z
sensor.air_quality_monitor_humidity,58.7371826171875,2026-08-22T16:11:45.984Z
sensor.air_quality_monitor_humidity,58.7982177734375,2026-08-22T16:11:55.984Z
sensor.air_quality_monitor_humidity,58.7615966796875,2026-08-22T16:12:05.986Z
sensor.air_quality_monitor_humidity,58.8150024414062,2026-08-22T16:12:15.987Z
sensor.air_quality_monitor_humidity,58.7966918945312,2026-08-22T16:12:25.988Z
sensor.air_quality_monitor_humidity,58.8119506835938,2026-08-22T16:12:35.989Z
sensor.air_quality_monitor_humidity,58.8302612304688,2026-08-22T16:12:45.992Z
sensor.air_quality_monitor_humidity,58.8043212890625,2026-08-22T16:12:55.992Z
sensor.air_quality_monitor_humidity,58.8394165039062,2026-08-22T16:13:05.992Z
sensor.air_quality_monitor_humidity,58.8302612304688,2026-08-22T16:13:15.992Z
sensor.air_quality_monitor_humidity,58.837890625,2026-08-22T16:13:25.996Z
sensor.air_quality_monitor_humidity,58.917236328125,2026-08-22T16:13:35.999Z
sensor.air_quality_monitor_humidity,58.8638305664062,2026-08-22T16:13:46.000Z
sensor.air_quality_monitor_humidity,58.8821411132812,2026-08-22T16:13:56.002Z
sensor.air_quality_monitor_humidity,58.8775634765625,2026-08-22T16:14:06.009Z
sensor.air_quality_monitor_humidity,58.892822265625,2026-08-22T16:14:16.002Z
sensor.air_quality_monitor_humidity,58.935546875,2026-08-22T16:14:26.003Z
sensor.air_quality_monitor_humidity,58.9080810546875,2026-08-22T16:14:36.003Z
sensor.air_quality_monitor_humidity,58.9019775390625,2026-08-22T16:14:46.014Z
sensor.air_quality_monitor_humidity,58.9218139648438,2026-08-22T16:14:56.005Z
sensor.air_quality_monitor_humidity,58.9065551757812,2026-08-22T16:15:06.016Z
sensor.air_quality_monitor_humidity,58.935546875,2026-08-22T16:15:16.018Z
sensor.air_quality_monitor_humidity,58.9065551757812,2026-08-22T16:15:26.019Z
sensor.air_quality_monitor_humidity,58.9736938476562,2026-08-22T16:15:36.007Z
sensor.air_quality_monitor_humidity,58.9691162109375,2026-08-22T16:15:46.007Z
sensor.air_quality_monitor_humidity,58.9508056640625,2026-08-22T16:15:56.009Z
sensor.air_quality_monitor_humidity,58.9828491210938,2026-08-22T16:16:06.021Z
sensor.air_quality_monitor_humidity,59.0011596679688,2026-08-22T16:16:16.022Z
sensor.air_quality_monitor_humidity,59.014892578125,2026-08-22T16:16:26.014Z
sensor.air_quality_monitor_humidity,59.0103149414062,2026-08-22T16:16:36.015Z
sensor.air_quality_monitor_humidity,59.033203125,2026-08-22T16:16:46.017Z
sensor.air_quality_monitor_humidity,58.9874267578125,2026-08-22T16:16:56.016Z
sensor.air_quality_monitor_humidity,59.0118408203125,2026-08-22T16:17:06.025Z
sensor.air_quality_monitor_humidity,59.09423828125,2026-08-22T16:17:16.036Z
sensor.air_quality_monitor_humidity,59.1018676757812,2026-08-22T16:17:26.036Z
sensor.air_quality_monitor_humidity,59.0972900390625,2026-08-22T16:17:36.038Z
sensor.air_quality_monitor_humidity,59.0957641601562,2026-08-22T16:17:46.037Z
sensor.air_quality_monitor_humidity,59.1156005859375,2026-08-22T16:17:56.038Z
sensor.air_quality_monitor_humidity,59.08203125,2026-08-22T16:18:06.038Z
sensor.air_quality_monitor_humidity,59.1049194335938,2026-08-22T16:18:16.040Z
sensor.air_quality_monitor_humidity,59.130859375,2026-08-22T16:18:26.045Z
sensor.air_quality_monitor_humidity,59.1079711914062,2026-08-22T16:18:36.053Z
sensor.air_quality_monitor_humidity,59.1796875,2026-08-22T16:18:46.046Z
sensor.air_quality_monitor_humidity,59.1690063476562,2026-08-22T16:18:56.052Z
sensor.air_quality_monitor_humidity,59.1567993164062,2026-08-22T16:19:06.062Z
sensor.air_quality_monitor_humidity,59.1873168945312,2026-08-22T16:19:16.064Z
sensor.air_quality_monitor_humidity,59.1949462890625,2026-08-22T16:19:26.071Z
sensor.air_quality_monitor_humidity,59.1537475585938,2026-08-22T16:19:36.070Z
sensor.air_quality_monitor_humidity,59.1812133789062,2026-08-22T16:19:46.074Z
sensor.air_quality_monitor_humidity,59.1995239257812,2026-08-22T16:19:56.076Z
sensor.air_quality_monitor_humidity,59.234619140625,2026-08-22T16:20:06.075Z
sensor.air_quality_monitor_humidity,59.2514038085938,2026-08-22T16:20:16.075Z
sensor.air_quality_monitor_humidity,59.2071533203125,2026-08-22T16:20:26.077Z
sensor.air_quality_monitor_humidity,59.2132568359375,2026-08-22T16:20:36.078Z
sensor.air_quality_monitor_humidity,59.2391967773438,2026-08-22T16:20:46.083Z
sensor.air_quality_monitor_humidity,59.259033203125,2026-08-22T16:20:56.087Z
sensor.air_quality_monitor_humidity,59.2987060546875,2026-08-22T16:21:16.097Z
sensor.air_quality_monitor_humidity,59.3124389648438,2026-08-22T16:21:26.089Z
sensor.air_quality_monitor_humidity,59.3048095703125,2026-08-22T16:21:36.090Z
sensor.air_quality_monitor_humidity,59.3063354492188,2026-08-22T16:21:46.091Z
sensor.air_quality_monitor_humidity,59.3292236328125,2026-08-22T16:21:56.091Z
sensor.air_quality_monitor_humidity,59.3307495117188,2026-08-22T16:22:06.093Z
sensor.air_quality_monitor_humidity,59.3521118164062,2026-08-22T16:22:16.100Z
sensor.air_quality_monitor_humidity,59.38720703125,2026-08-22T16:22:26.101Z
sensor.air_quality_monitor_humidity,59.36279296875,2026-08-22T16:22:36.101Z
sensor.air_quality_monitor_humidity,59.3887329101562,2026-08-22T16:22:46.108Z
sensor.air_quality_monitor_humidity,59.3521118164062,2026-08-22T16:22:56.118Z
sensor.air_quality_monitor_humidity,59.4161987304688,2026-08-22T16:23:06.115Z
sensor.air_quality_monitor_humidity,59.4070434570312,2026-08-22T16:23:16.115Z
sensor.air_quality_monitor_humidity,59.4497680664062,2026-08-22T16:23:26.118Z
sensor.air_quality_monitor_humidity,59.3978881835938,2026-08-22T16:23:36.126Z
sensor.air_quality_monitor_humidity,59.4284057617188,2026-08-22T16:23:46.129Z
sensor.air_quality_monitor_humidity,59.4711303710938,2026-08-22T16:23:56.130Z
sensor.air_quality_monitor_humidity,59.4970703125,2026-08-22T16:24:06.133Z
sensor.air_quality_monitor_humidity,59.4879150390625,2026-08-22T16:24:16.141Z
sensor.air_quality_monitor_humidity,59.4894409179688,2026-08-22T16:24:26.141Z
sensor.air_quality_monitor_humidity,59.4741821289062,2026-08-22T16:24:36.143Z
sensor.air_quality_monitor_humidity,59.4985961914062,2026-08-22T16:24:56.148Z
sensor.air_quality_monitor_humidity,59.5108032226562,2026-08-22T16:25:06.163Z
sensor.air_quality_monitor_humidity,59.521484375,2026-08-22T16:25:16.164Z
sensor.air_quality_monitor_humidity,59.4940185546875,2026-08-22T16:25:26.168Z
sensor.air_quality_monitor_humidity,59.5504760742188,2026-08-22T16:25:36.171Z
sensor.air_quality_monitor_humidity,59.515380859375,2026-08-22T16:25:46.169Z
sensor.air_quality_monitor_humidity,59.5489501953125,2026-08-22T16:25:56.170Z
sensor.air_quality_monitor_humidity,59.576416015625,2026-08-22T16:26:06.171Z
sensor.air_quality_monitor_humidity,59.5626831054688,2026-08-22T16:26:16.171Z
sensor.air_quality_monitor_humidity,59.5657348632812,2026-08-22T16:26:26.171Z
sensor.air_quality_monitor_humidity,59.5733642578125,2026-08-22T16:26:36.174Z
sensor.air_quality_monitor_humidity,59.5611572265625,2026-08-22T16:26:46.172Z
sensor.air_quality_monitor_humidity,59.6176147460938,2026-08-22T16:26:56.178Z
sensor.air_quality_monitor_humidity,59.6054077148438,2026-08-22T16:27:06.188Z
sensor.air_quality_monitor_humidity,59.5932006835938,2026-08-22T16:27:16.188Z
sensor.air_quality_monitor_humidity,59.6237182617188,2026-08-22T16:27:26.193Z
sensor.air_quality_monitor_humidity,59.6405029296875,2026-08-22T16:27:36.194Z
sensor.air_quality_monitor_humidity,59.6511840820312,2026-08-22T16:27:46.192Z
sensor.air_quality_monitor_humidity,59.6572875976562,2026-08-22T16:27:56.181Z
sensor.air_quality_monitor_humidity,59.6466064453125,2026-08-22T16:28:06.199Z
sensor.air_quality_monitor_humidity,59.7244262695312,2026-08-22T16:28:16.205Z
sensor.air_quality_monitor_humidity,59.6908569335938,2026-08-22T16:28:26.205Z
sensor.air_quality_monitor_humidity,59.6939086914062,2026-08-22T16:28:36.205Z
sensor.air_quality_monitor_humidity,59.6771240234375,2026-08-22T16:28:46.207Z
sensor.air_quality_monitor_humidity,59.72900390625,2026-08-22T16:28:56.211Z
sensor.air_quality_monitor_humidity,59.7122192382812,2026-08-22T16:29:06.221Z
sensor.air_quality_monitor_humidity,59.7503662109375,2026-08-22T16:29:16.220Z
sensor.air_quality_monitor_humidity,59.7732543945312,2026-08-22T16:29:26.222Z
sensor.air_quality_monitor_humidity,59.7152709960938,2026-08-22T16:29:36.225Z
sensor.air_quality_monitor_humidity,59.7747802734375,2026-08-22T16:29:46.230Z
sensor.air_quality_monitor_humidity,59.7869873046875,2026-08-22T16:30:06.228Z
sensor.air_quality_monitor_humidity,59.7702026367188,2026-08-22T16:30:16.234Z
sensor.air_quality_monitor_humidity,59.8037719726562,2026-08-22T16:30:26.236Z
sensor.air_quality_monitor_humidity,59.8052978515625,2026-08-22T16:30:36.234Z
sensor.air_quality_monitor_humidity,59.7915649414062,2026-08-22T16:30:46.243Z
sensor.air_quality_monitor_humidity,59.8175048828125,2026-08-22T16:30:56.249Z
sensor.air_quality_monitor_humidity,59.8052978515625,2026-08-22T16:31:06.261Z
sensor.air_quality_monitor_humidity,59.7976684570312,2026-08-22T16:31:16.262Z
sensor.air_quality_monitor_humidity,59.8541259765625,2026-08-22T16:31:26.266Z
sensor.air_quality_monitor_humidity,59.8403930664062,2026-08-22T16:31:36.265Z
sensor.air_quality_monitor_humidity,59.893798828125,2026-08-22T16:31:46.269Z
sensor.air_quality_monitor_humidity,59.8587036132812,2026-08-22T16:31:56.271Z
sensor.air_quality_monitor_humidity,59.87548828125,2026-08-22T16:32:06.272Z
sensor.air_quality_monitor_humidity,59.9105834960938,2026-08-22T16:32:16.272Z
sensor.air_quality_monitor_humidity,59.8663330078125,2026-08-22T16:32:26.274Z
sensor.air_quality_monitor_humidity,59.8587036132812,2026-08-22T16:32:36.274Z
sensor.air_quality_monitor_humidity,59.8648071289062,2026-08-22T16:32:46.275Z
sensor.air_quality_monitor_humidity,59.8770141601562,2026-08-22T16:32:56.277Z
sensor.air_quality_monitor_humidity,59.8724365234375,2026-08-22T16:33:06.285Z
sensor.air_quality_monitor_humidity,59.9166870117188,2026-08-22T16:33:16.286Z
sensor.air_quality_monitor_humidity,59.8739624023438,2026-08-22T16:33:26.288Z
sensor.air_quality_monitor_humidity,59.9533081054688,2026-08-22T16:33:36.294Z
sensor.air_quality_monitor_humidity,59.9227905273438,2026-08-22T16:33:46.303Z
sensor.air_quality_monitor_humidity,59.8968505859375,2026-08-22T16:33:56.305Z
sensor.air_quality_monitor_humidity,59.9746704101562,2026-08-22T16:34:06.310Z
sensor.air_quality_monitor_humidity,59.9395751953125,2026-08-22T16:34:16.317Z
sensor.air_quality_monitor_humidity,59.9700927734375,2026-08-22T16:34:26.320Z
sensor.air_quality_monitor_humidity,59.9411010742188,2026-08-22T16:34:36.320Z
sensor.air_quality_monitor_humidity,59.94873046875,2026-08-22T16:34:46.326Z
sensor.air_quality_monitor_humidity,60.0250244140625,2026-08-22T16:34:56.334Z
sensor.air_quality_monitor_humidity,60.028076171875,2026-08-22T16:35:06.344Z
sensor.air_quality_monitor_humidity,59.9685668945312,2026-08-22T16:35:16.346Z
sensor.air_quality_monitor_humidity,59.9594116210938,2026-08-22T16:35:26.348Z
sensor.air_quality_monitor_humidity,60.02197265625,2026-08-22T16:35:36.353Z
sensor.air_quality_monitor_humidity,60.0189208984375,2026-08-22T16:35:46.358Z
sensor.air_quality_monitor_humidity,60.0143432617188,2026-08-22T16:35:56.362Z
sensor.air_quality_monitor_humidity,60.0372314453125,2026-08-22T16:36:06.366Z
sensor.air_quality_monitor_humidity,60.0067138671875,2026-08-22T16:36:16.370Z
sensor.air_quality_monitor_humidity,60.0631713867188,2026-08-22T16:36:26.371Z
sensor.air_quality_monitor_humidity,60.0418090820312,2026-08-22T16:36:36.370Z
sensor.air_quality_monitor_humidity,60.0982666015625,2026-08-22T16:36:46.375Z
sensor.air_quality_monitor_humidity,60.0799560546875,2026-08-22T16:36:56.377Z
sensor.air_quality_monitor_humidity,60.0601196289062,2026-08-22T16:37:06.382Z
sensor.air_quality_monitor_humidity,60.0997924804688,2026-08-22T16:37:16.387Z
sensor.air_quality_monitor_humidity,60.1043701171875,2026-08-22T16:37:26.389Z
sensor.air_quality_monitor_humidity,60.11962890625,2026-08-22T16:37:36.392Z
sensor.air_quality_monitor_humidity,60.0799560546875,2026-08-22T16:37:46.397Z
sensor.air_quality_monitor_humidity,60.1058959960938,2026-08-22T16:37:56.398Z
sensor.air_quality_monitor_humidity,60.1394653320312,2026-08-22T16:38:06.400Z
sensor.air_quality_monitor_humidity,60.1226806640625,2026-08-22T16:38:16.405Z
sensor.air_quality_monitor_humidity,60.1654052734375,2026-08-22T16:38:26.405Z
sensor.air_quality_monitor_humidity,60.1715087890625,2026-08-22T16:38:36.407Z
sensor.air_quality_monitor_humidity,60.1730346679688,2026-08-22T16:38:46.406Z
sensor.air_quality_monitor_humidity,60.150146484375,2026-08-22T16:38:56.411Z
sensor.air_quality_monitor_humidity,60.186767578125,2026-08-22T16:39:06.421Z
sensor.air_quality_monitor_humidity,60.1531982421875,2026-08-22T16:39:16.423Z
sensor.air_quality_monitor_humidity,60.16845703125,2026-08-22T16:39:26.425Z
sensor.air_quality_monitor_humidity,60.2127075195312,2026-08-22T16:39:36.429Z
sensor.air_quality_monitor_humidity,60.2096557617188,2026-08-22T16:39:46.420Z
sensor.air_quality_monitor_humidity,60.2310180664062,2026-08-22T16:39:56.436Z
sensor.air_quality_monitor_humidity,60.198974609375,2026-08-22T16:40:06.436Z
sensor.air_quality_monitor_humidity,60.2264404296875,2026-08-22T16:40:16.439Z
sensor.air_quality_monitor_humidity,60.2752685546875,2026-08-22T16:40:26.440Z
sensor.air_quality_monitor_humidity,60.2569580078125,2026-08-22T16:40:36.443Z
sensor.air_quality_monitor_humidity,60.2752685546875,2026-08-22T16:40:46.442Z
sensor.air_quality_monitor_humidity,60.2523803710938,2026-08-22T16:40:56.449Z
sensor.air_quality_monitor_humidity,60.284423828125,2026-08-22T16:41:06.457Z
sensor.air_quality_monitor_humidity,60.2615356445312,2026-08-22T16:41:16.458Z
sensor.air_quality_monitor_humidity,60.2935791015625,2026-08-22T16:41:26.464Z
sensor.air_quality_monitor_humidity,60.2874755859375,2026-08-22T16:41:36.464Z
sensor.air_quality_monitor_humidity,60.321044921875,2026-08-22T16:41:46.465Z
sensor.air_quality_monitor_humidity,60.3164672851562,2026-08-22T16:41:56.464Z
sensor.air_quality_monitor_humidity,60.3363037109375,2026-08-22T16:42:06.473Z
sensor.air_quality_monitor_humidity,60.3561401367188,2026-08-22T16:42:16.476Z
sensor.air_quality_monitor_humidity,60.3179931640625,2026-08-22T16:42:26.477Z
sensor.air_quality_monitor_humidity,60.3408813476562,2026-08-22T16:42:36.477Z
sensor.air_quality_monitor_humidity,60.3530883789062,2026-08-22T16:42:46.480Z
sensor.air_quality_monitor_humidity,60.3927612304688,2026-08-22T16:42:56.486Z
sensor.air_quality_monitor_humidity,60.36376953125,2026-08-22T16:43:06.488Z
sensor.air_quality_monitor_humidity,60.3851318359375,2026-08-22T16:43:16.490Z
sensor.air_quality_monitor_humidity,60.3408813476562,2026-08-22T16:43:26.494Z
sensor.air_quality_monitor_humidity,60.4034423828125,2026-08-22T16:43:36.495Z
sensor.air_quality_monitor_humidity,60.4217529296875,2026-08-22T16:43:46.496Z
sensor.air_quality_monitor_humidity,60.4049682617188,2026-08-22T16:43:56.497Z
sensor.air_quality_monitor_humidity,60.394287109375,2026-08-22T16:44:06.507Z
sensor.air_quality_monitor_humidity,60.4537963867188,2026-08-22T16:44:16.512Z
sensor.air_quality_monitor_humidity,60.4385375976562,2026-08-22T16:44:26.511Z
sensor.air_quality_monitor_humidity,60.4232788085938,2026-08-22T16:44:36.515Z
sensor.air_quality_monitor_humidity,60.46142578125,2026-08-22T16:44:46.513Z
sensor.air_quality_monitor_humidity,60.4904174804688,2026-08-22T16:44:56.519Z
sensor.air_quality_monitor_humidity,60.406494140625,2026-08-22T16:45:06.524Z
sensor.air_quality_monitor_humidity,60.4827880859375,2026-08-22T16:45:16.528Z
sensor.air_quality_monitor_humidity,60.4736328125,2026-08-22T16:45:26.533Z
sensor.air_quality_monitor_humidity,60.44921875,2026-08-22T16:45:36.539Z
sensor.air_quality_monitor_humidity,60.4904174804688,2026-08-22T16:45:46.538Z
sensor.air_quality_monitor_humidity,60.4583740234375,2026-08-22T16:45:56.542Z
sensor.air_quality_monitor_humidity,60.4995727539062,2026-08-22T16:46:06.544Z
sensor.air_quality_monitor_humidity,60.4766845703125,2026-08-22T16:46:16.547Z
sensor.air_quality_monitor_humidity,60.4751586914062,2026-08-22T16:46:26.547Z
sensor.air_quality_monitor_humidity,60.5255126953125,2026-08-22T16:46:36.546Z
sensor.air_quality_monitor_humidity,60.5010986328125,2026-08-22T16:46:46.551Z
sensor.air_quality_monitor_humidity,60.5438232421875,2026-08-22T16:46:56.552Z
sensor.air_quality_monitor_humidity,60.5178833007812,2026-08-22T16:47:06.559Z
sensor.air_quality_monitor_humidity,60.5209350585938,2026-08-22T16:47:16.563Z
sensor.air_quality_monitor_humidity,60.5621337890625,2026-08-22T16:47:26.564Z
sensor.air_quality_monitor_humidity,60.552978515625,2026-08-22T16:47:36.567Z
sensor.air_quality_monitor_humidity,60.5712890625,2026-08-22T16:47:46.577Z
sensor.air_quality_monitor_humidity,60.5697631835938,2026-08-22T16:47:56.577Z
sensor.air_quality_monitor_humidity,60.5636596679688,2026-08-22T16:48:06.580Z
sensor.air_quality_monitor_humidity,60.5743408203125,2026-08-22T16:48:16.585Z
sensor.air_quality_monitor_humidity,60.5987548828125,2026-08-22T16:48:26.585Z
sensor.air_quality_monitor_humidity,60.5804443359375,2026-08-22T16:48:36.585Z
sensor.air_quality_monitor_humidity,60.614013671875,2026-08-22T16:48:46.591Z
sensor.air_quality_monitor_humidity,60.5804443359375,2026-08-22T16:48:56.600Z
sensor.air_quality_monitor_humidity,60.6185913085938,2026-08-22T16:49:06.604Z
sensor.air_quality_monitor_humidity,60.626220703125,2026-08-22T16:49:16.607Z
sensor.air_quality_monitor_humidity,60.6414794921875,2026-08-22T16:49:26.611Z
sensor.air_quality_monitor_humidity,60.6185913085938,2026-08-22T16:49:36.615Z
sensor.air_quality_monitor_humidity,60.6109619140625,2026-08-22T16:49:46.616Z
sensor.air_quality_monitor_humidity,60.7040405273438,2026-08-22T16:49:56.621Z
sensor.air_quality_monitor_humidity,60.6536865234375,2026-08-22T16:50:06.624Z
sensor.air_quality_monitor_humidity,60.6613159179688,2026-08-22T16:50:16.630Z
sensor.air_quality_monitor_humidity,60.6964111328125,2026-08-22T16:50:26.629Z
sensor.air_quality_monitor_humidity,60.6887817382812,2026-08-22T16:50:36.630Z
sensor.air_quality_monitor_humidity,60.7040405273438,2026-08-22T16:50:46.633Z
sensor.air_quality_monitor_humidity,60.6887817382812,2026-08-22T16:50:56.637Z
sensor.air_quality_monitor_humidity,60.7315063476562,2026-08-22T16:51:06.651Z
sensor.air_quality_monitor_humidity,60.68115234375,2026-08-22T16:51:16.653Z
sensor.air_quality_monitor_humidity,60.72998046875,2026-08-22T16:51:26.655Z
sensor.air_quality_monitor_humidity,60.7681274414062,2026-08-22T16:51:36.656Z
sensor.air_quality_monitor_humidity,60.72998046875,2026-08-22T16:51:46.657Z
sensor.air_quality_monitor_humidity,60.7818603515625,2026-08-22T16:51:56.658Z
sensor.air_quality_monitor_humidity,60.7406616210938,2026-08-22T16:52:06.662Z
sensor.air_quality_monitor_humidity,60.7498168945312,2026-08-22T16:52:16.668Z
sensor.air_quality_monitor_humidity,60.7574462890625,2026-08-22T16:52:26.667Z
sensor.air_quality_monitor_humidity,60.7666015625,2026-08-22T16:52:36.667Z
sensor.air_quality_monitor_humidity,60.7254028320312,2026-08-22T16:52:46.672Z
sensor.air_quality_monitor_humidity,60.7528686523438,2026-08-22T16:52:56.678Z
sensor.air_quality_monitor_humidity,60.7696533203125,2026-08-22T16:53:06.688Z
sensor.air_quality_monitor_humidity,60.8108520507812,2026-08-22T16:53:16.688Z
sensor.air_quality_monitor_humidity,60.8123779296875,2026-08-22T16:53:26.688Z
sensor.air_quality_monitor_humidity,60.8047485351562,2026-08-22T16:53:36.695Z
sensor.air_quality_monitor_humidity,60.8291625976562,2026-08-22T16:53:46.700Z
sensor.air_quality_monitor_humidity,60.8047485351562,2026-08-22T16:53:56.698Z
sensor.air_quality_monitor_humidity,60.888671875,2026-08-22T16:54:06.703Z
sensor.air_quality_monitor_humidity,60.8306884765625,2026-08-22T16:54:16.707Z
sensor.air_quality_monitor_humidity,60.8932495117188,2026-08-22T16:54:26.714Z
sensor.air_quality_monitor_humidity,60.8856201171875,2026-08-22T16:54:36.715Z
sensor.air_quality_monitor_humidity,60.8489990234375,2026-08-22T16:54:46.716Z
sensor.air_quality_monitor_humidity,60.8673095703125,2026-08-22T16:54:56.717Z
sensor.air_quality_monitor_humidity,60.8428955078125,2026-08-22T16:55:06.726Z
sensor.air_quality_monitor_humidity,60.9100341796875,2026-08-22T16:55:16.729Z
sensor.air_quality_monitor_humidity,60.87646484375,2026-08-22T16:55:26.731Z
sensor.air_quality_monitor_humidity,60.882568359375,2026-08-22T16:55:36.737Z
sensor.air_quality_monitor_humidity,60.9283447265625,2026-08-22T16:55:46.743Z
sensor.air_quality_monitor_humidity,60.9115600585938,2026-08-22T16:55:56.742Z
sensor.air_quality_monitor_humidity,60.9222412109375,2026-08-22T16:56:06.749Z
sensor.air_quality_monitor_humidity,60.931396484375,2026-08-22T16:56:16.748Z
sensor.air_quality_monitor_humidity,60.9222412109375,2026-08-22T16:56:26.751Z
sensor.air_quality_monitor_humidity,60.9573364257812,2026-08-22T16:56:36.755Z
sensor.air_quality_monitor_humidity,60.9420776367188,2026-08-22T16:56:46.754Z
sensor.air_quality_monitor_humidity,60.92529296875,2026-08-22T16:57:06.767Z
sensor.air_quality_monitor_humidity,60.968017578125,2026-08-22T16:57:16.767Z
sensor.air_quality_monitor_humidity,60.9527587890625,2026-08-22T16:57:26.768Z
sensor.air_quality_monitor_humidity,60.9283447265625,2026-08-22T16:57:36.773Z
sensor.air_quality_monitor_humidity,60.9848022460938,2026-08-22T16:57:46.772Z
sensor.air_quality_monitor_humidity,61.0183715820312,2026-08-22T16:57:56.775Z
sensor.air_quality_monitor_humidity,60.9878540039062,2026-08-22T16:58:06.778Z
sensor.air_quality_monitor_humidity,61.0137939453125,2026-08-22T16:58:16.786Z
sensor.air_quality_monitor_humidity,60.9619140625,2026-08-22T16:58:26.788Z
sensor.air_quality_monitor_humidity,61.02294921875,2026-08-22T16:58:36.787Z
sensor.air_quality_monitor_humidity,61.03515625,2026-08-22T16:58:46.788Z
sensor.air_quality_monitor_humidity,61.0321044921875,2026-08-22T16:58:56.790Z
sensor.air_quality_monitor_humidity,61.0336303710938,2026-08-22T16:59:06.802Z
sensor.air_quality_monitor_humidity,61.0504150390625,2026-08-22T16:59:16.807Z
sensor.air_quality_monitor_humidity,61.041259765625,2026-08-22T16:59:26.808Z
sensor.air_quality_monitor_humidity,61.0610961914062,2026-08-22T16:59:36.809Z
sensor.air_quality_monitor_humidity,61.0549926757812,2026-08-22T16:59:46.814Z
sensor.air_quality_monitor_humidity,61.0626220703125,2026-08-22T16:59:56.813Z
sensor.air_quality_monitor_humidity,61.053466796875,2026-08-22T17:00:06.816Z
sensor.air_quality_monitor_humidity,61.1297607421875,2026-08-22T17:00:16.818Z
sensor.air_quality_monitor_humidity,61.0977172851562,2026-08-22T17:00:26.818Z
sensor.air_quality_monitor_humidity,61.090087890625,2026-08-22T17:00:36.819Z
sensor.air_quality_monitor_humidity,61.1419677734375,2026-08-22T17:00:46.820Z
sensor.air_quality_monitor_humidity,61.090087890625,2026-08-22T17:00:56.824Z
sensor.air_quality_monitor_humidity,61.175537109375,2026-08-22T17:01:06.830Z
sensor.air_quality_monitor_humidity,61.1160278320312,2026-08-22T17:01:16.831Z
sensor.air_quality_monitor_humidity,61.1587524414062,2026-08-22T17:01:26.834Z
sensor.air_quality_monitor_humidity,61.1343383789062,2026-08-22T17:01:36.840Z
sensor.air_quality_monitor_humidity,61.1846923828125,2026-08-22T17:01:46.841Z
sensor.air_quality_monitor_humidity,61.2106323242188,2026-08-22T17:01:56.842Z
sensor.air_quality_monitor_humidity,61.1434936523438,2026-08-22T17:02:06.845Z
sensor.air_quality_monitor_humidity,61.1770629882812,2026-08-22T17:02:16.852Z
sensor.air_quality_monitor_humidity,61.2045288085938,2026-08-22T17:02:26.857Z
sensor.air_quality_monitor_humidity,61.1984252929688,2026-08-22T17:02:46.860Z
sensor.air_quality_monitor_humidity,61.1968994140625,2026-08-22T17:02:56.866Z
sensor.air_quality_monitor_humidity,61.2319946289062,2026-08-22T17:03:06.873Z
sensor.air_quality_monitor_humidity,61.1984252929688,2026-08-22T17:03:16.877Z
sensor.air_quality_monitor_humidity,61.2335205078125,2026-08-22T17:03:26.879Z
sensor.air_quality_monitor_humidity,61.2075805664062,2026-08-22T17:03:36.883Z
sensor.air_quality_monitor_humidity,61.2319946289062,2026-08-22T17:03:46.889Z
sensor.air_quality_monitor_humidity,61.2442016601562,2026-08-22T17:03:56.887Z
sensor.air_quality_monitor_humidity,61.2350463867188,2026-08-22T17:04:06.891Z
sensor.air_quality_monitor_humidity,61.2548828125,2026-08-22T17:04:16.897Z
sensor.air_quality_monitor_humidity,61.2442016601562,2026-08-22T17:04:26.898Z
sensor.air_quality_monitor_humidity,61.2945556640625,2026-08-22T17:04:36.912Z
sensor.air_quality_monitor_humidity,61.2533569335938,2026-08-22T17:04:46.909Z
sensor.air_quality_monitor_humidity,61.24267578125,2026-08-22T17:04:56.899Z
sensor.air_quality_monitor_humidity,61.2442016601562,2026-08-22T17:05:06.911Z
sensor.air_quality_monitor_humidity,61.322021484375,2026-08-22T17:05:16.903Z
sensor.air_quality_monitor_humidity,61.31591796875,2026-08-22T17:05:26.904Z
sensor.air_quality_monitor_humidity,61.3311767578125,2026-08-22T17:05:36.914Z
sensor.air_quality_monitor_humidity,61.34033203125,2026-08-22T17:05:46.904Z
sensor.air_quality_monitor_humidity,61.31591796875,2026-08-22T17:05:56.905Z
sensor.air_quality_monitor_humidity,61.3327026367188,2026-08-22T17:06:06.918Z
sensor.air_quality_monitor_humidity,61.3250732421875,2026-08-22T17:06:16.909Z
sensor.air_quality_monitor_humidity,61.3494873046875,2026-08-22T17:06:26.910Z
sensor.air_quality_monitor_humidity,61.3601684570312,2026-08-22T17:06:36.926Z
sensor.air_quality_monitor_humidity,61.3418579101562,2026-08-22T17:06:46.910Z
sensor.air_quality_monitor_humidity,61.395263671875,2026-08-22T17:06:56.910Z
sensor.air_quality_monitor_humidity,61.3967895507812,2026-08-22T17:07:06.925Z
sensor.air_quality_monitor_humidity,61.3601684570312,2026-08-22T17:07:16.915Z
sensor.air_quality_monitor_humidity,61.4044189453125,2026-08-22T17:07:26.917Z
sensor.air_quality_monitor_humidity,61.41357421875,2026-08-22T17:07:36.929Z
sensor.air_quality_monitor_humidity,61.3784790039062,2026-08-22T17:07:46.918Z
sensor.air_quality_monitor_humidity,61.4166259765625,2026-08-22T17:07:56.920Z
sensor.air_quality_monitor_humidity,61.456298828125,2026-08-22T17:08:06.927Z
sensor.air_quality_monitor_humidity,61.4166259765625,2026-08-22T17:08:16.929Z
sensor.air_quality_monitor_humidity,61.3983154296875,2026-08-22T17:08:26.932Z
sensor.air_quality_monitor_humidity,61.51123046875,2026-08-22T17:08:36.939Z
sensor.air_quality_monitor_humidity,61.4334106445312,2026-08-22T17:08:46.939Z
sensor.air_quality_monitor_humidity,61.4852905273438,2026-08-22T17:08:56.947Z
sensor.air_quality_monitor_humidity,61.42578125,2026-08-22T17:09:06.958Z
sensor.air_quality_monitor_humidity,61.4517211914062,2026-08-22T17:09:16.957Z
sensor.air_quality_monitor_humidity,61.5097045898438,2026-08-22T17:09:26.963Z
sensor.air_quality_monitor_humidity,61.4517211914062,2026-08-22T17:09:36.964Z
sensor.air_quality_monitor_humidity,61.444091796875,2026-08-22T17:09:46.971Z
sensor.air_quality_monitor_humidity,61.4517211914062,2026-08-22T17:09:56.974Z
sensor.air_quality_monitor_humidity,61.4944458007812,2026-08-22T17:10:06.981Z
sensor.air_quality_monitor_humidity,61.431884765625,2026-08-22T17:10:16.982Z
sensor.air_quality_monitor_humidity,61.4959716796875,2026-08-22T17:10:26.984Z
sensor.air_quality_monitor_humidity,61.468505859375,2026-08-22T17:10:36.989Z
sensor.air_quality_monitor_humidity,61.492919921875,2026-08-22T17:10:46.991Z
sensor.air_quality_monitor_humidity,61.5036010742188,2026-08-22T17:10:56.996Z
sensor.air_quality_monitor_humidity,61.4944458007812,2026-08-22T17:11:07.004Z
sensor.air_quality_monitor_humidity,61.529541015625,2026-08-22T17:11:17.008Z
sensor.air_quality_monitor_humidity,61.5280151367188,2026-08-22T17:11:27.011Z
sensor.air_quality_monitor_humidity,61.51123046875,2026-08-22T17:11:37.017Z
sensor.air_quality_monitor_humidity,61.572265625,2026-08-22T17:11:47.023Z
sensor.air_quality_monitor_humidity,61.5447998046875,2026-08-22T17:11:57.019Z
sensor.air_quality_monitor_humidity,61.5554809570312,2026-08-22T17:12:07.022Z
sensor.air_quality_monitor_humidity,61.5036010742188,2026-08-22T17:12:17.027Z
sensor.air_quality_monitor_humidity,61.5203857421875,2026-08-22T17:12:27.026Z
sensor.air_quality_monitor_humidity,61.5570068359375,2026-08-22T17:12:37.028Z
sensor.air_quality_monitor_humidity,61.5631103515625,2026-08-22T17:12:47.031Z
sensor.air_quality_monitor_humidity,61.5554809570312,2026-08-22T17:12:57.041Z
sensor.air_quality_monitor_humidity,61.572265625,2026-08-22T17:13:07.040Z
sensor.air_quality_monitor_humidity,61.6073608398438,2026-08-22T17:13:17.044Z
sensor.air_quality_monitor_humidity,61.5386962890625,2026-08-22T17:13:27.047Z
sensor.air_quality_monitor_humidity,61.627197265625,2026-08-22T17:13:37.051Z
sensor.air_quality_monitor_humidity,61.5478515625,2026-08-22T17:13:47.055Z
sensor.air_quality_monitor_humidity,61.5646362304688,2026-08-22T17:13:57.056Z
sensor.air_quality_monitor_humidity,61.590576171875,2026-08-22T17:14:07.058Z
sensor.air_quality_monitor_humidity,61.6012573242188,2026-08-22T17:14:17.061Z
sensor.air_quality_monitor_humidity,61.5737915039062,2026-08-22T17:14:27.060Z
sensor.air_quality_monitor_humidity,61.5997314453125,2026-08-22T17:14:37.063Z
sensor.air_quality_monitor_humidity,61.6607666015625,2026-08-22T17:14:47.063Z
sensor.air_quality_monitor_humidity,61.6241455078125,2026-08-22T17:14:57.067Z
sensor.air_quality_monitor_humidity,61.6531372070312,2026-08-22T17:15:07.077Z
sensor.air_quality_monitor_humidity,61.6455078125,2026-08-22T17:15:17.078Z
sensor.air_quality_monitor_humidity,61.6714477539062,2026-08-22T17:15:27.082Z
sensor.air_quality_monitor_humidity,61.6622924804688,2026-08-22T17:15:37.082Z
sensor.air_quality_monitor_humidity,61.669921875,2026-08-22T17:15:47.086Z
sensor.air_quality_monitor_humidity,61.663818359375,2026-08-22T17:15:57.089Z
sensor.air_quality_monitor_humidity,61.6439819335938,2026-08-22T17:16:07.092Z
sensor.air_quality_monitor_humidity,61.602783203125,2026-08-22T17:16:17.097Z
sensor.air_quality_monitor_humidity,61.6973876953125,2026-08-22T17:16:27.099Z
sensor.air_quality_monitor_humidity,61.68212890625,2026-08-22T17:16:37.099Z
sensor.air_quality_monitor_humidity,61.6806030273438,2026-08-22T17:16:47.107Z
sensor.air_quality_monitor_humidity,61.68212890625,2026-08-22T17:16:57.114Z
sensor.air_quality_monitor_humidity,61.6912841796875,2026-08-22T17:17:07.120Z
sensor.air_quality_monitor_humidity,61.6989135742188,2026-08-22T17:17:17.127Z
sensor.air_quality_monitor_humidity,61.7340087890625,2026-08-22T17:17:27.135Z
sensor.air_quality_monitor_humidity,61.7568969726562,2026-08-22T17:17:37.132Z
sensor.air_quality_monitor_humidity,61.7416381835938,2026-08-22T17:17:47.138Z
sensor.air_quality_monitor_humidity,61.688232421875,2026-08-22T17:17:57.137Z
sensor.air_quality_monitor_humidity,61.7599487304688,2026-08-22T17:18:07.152Z
sensor.air_quality_monitor_humidity,61.749267578125,2026-08-22T17:18:17.148Z
sensor.air_quality_monitor_humidity,61.6561889648438,2026-08-22T17:18:27.163Z
sensor.air_quality_monitor_humidity,61.7233276367188,2026-08-22T17:18:37.148Z
sensor.air_quality_monitor_humidity,61.7156982421875,2026-08-22T17:18:47.153Z
sensor.air_quality_monitor_humidity,61.6806030273438,2026-08-22T17:18:57.152Z
sensor.air_quality_monitor_humidity,61.7050170898438,2026-08-22T17:19:07.162Z
sensor.air_quality_monitor_humidity,61.712646484375,2026-08-22T17:19:17.162Z
sensor.air_quality_monitor_humidity,61.7401123046875,2026-08-22T17:19:27.168Z
sensor.air_quality_monitor_humidity,61.7034912109375,2026-08-22T17:19:37.175Z
sensor.air_quality_monitor_humidity,61.75537109375,2026-08-22T17:19:47.178Z
sensor.air_quality_monitor_humidity,61.6943359375,2026-08-22T17:19:57.179Z
sensor.air_quality_monitor_humidity,61.6958618164062,2026-08-22T17:20:07.178Z
sensor.air_quality_monitor_humidity,61.712646484375,2026-08-22T17:20:17.182Z
sensor.air_quality_monitor_humidity,61.70654296875,2026-08-22T17:20:27.188Z
sensor.air_quality_monitor_humidity,61.7462158203125,2026-08-22T17:20:37.189Z
sensor.air_quality_monitor_humidity,61.7477416992188,2026-08-22T17:20:47.195Z
sensor.air_quality_monitor_humidity,61.73095703125,2026-08-22T17:20:57.201Z
sensor.air_quality_monitor_humidity,61.7385864257812,2026-08-22T17:21:07.207Z
sensor.air_quality_monitor_humidity,61.688232421875,2026-08-22T17:21:17.212Z
sensor.air_quality_monitor_humidity,61.7034912109375,2026-08-22T17:21:27.216Z
sensor.air_quality_monitor_humidity,61.7294311523438,2026-08-22T17:21:37.216Z
sensor.air_quality_monitor_humidity,61.6790771484375,2026-08-22T17:21:47.216Z
sensor.air_quality_monitor_humidity,61.73095703125,2026-08-22T17:21:57.217Z
sensor.air_quality_monitor_humidity,61.7218017578125,2026-08-22T17:22:07.218Z
sensor.air_quality_monitor_humidity,61.7050170898438,2026-08-22T17:22:17.225Z
sensor.air_quality_monitor_humidity,61.7568969726562,2026-08-22T17:22:27.223Z
sensor.air_quality_monitor_humidity,61.7294311523438,2026-08-22T17:22:37.224Z
sensor.air_quality_monitor_humidity,61.724853515625,2026-08-22T17:22:47.231Z
sensor.air_quality_monitor_humidity,61.6958618164062,2026-08-22T17:22:57.238Z
sensor.air_quality_monitor_humidity,61.773681640625,2026-08-22T17:23:07.245Z
sensor.air_quality_monitor_humidity,61.6867065429688,2026-08-22T17:23:17.250Z
sensor.air_quality_monitor_humidity,61.6714477539062,2026-08-22T17:23:27.255Z
sensor.air_quality_monitor_humidity,61.688232421875,2026-08-22T17:23:37.258Z
sensor.air_quality_monitor_humidity,61.7218017578125,2026-08-22T17:23:47.258Z
sensor.air_quality_monitor_humidity,61.7034912109375,2026-08-22T17:23:57.259Z
sensor.air_quality_monitor_humidity,61.7477416992188,2026-08-22T17:24:07.261Z
sensor.air_quality_monitor_humidity,61.688232421875,2026-08-22T17:24:17.262Z
sensor.air_quality_monitor_humidity,61.6714477539062,2026-08-22T17:24:27.262Z
sensor.air_quality_monitor_humidity,61.7156982421875,2026-08-22T17:24:37.266Z
sensor.air_quality_monitor_humidity,61.688232421875,2026-08-22T17:24:47.268Z
sensor.air_quality_monitor_humidity,61.7141723632812,2026-08-22T17:24:57.273Z
sensor.air_quality_monitor_humidity,61.7034912109375,2026-08-22T17:25:07.288Z
sensor.air_quality_monitor_humidity,61.669921875,2026-08-22T17:25:17.290Z
sensor.air_quality_monitor_humidity,61.7477416992188,2026-08-22T17:25:27.294Z
sensor.air_quality_monitor_humidity,61.7294311523438,2026-08-22T17:25:37.294Z
sensor.air_quality_monitor_humidity,61.712646484375,2026-08-22T17:25:47.303Z
sensor.air_quality_monitor_humidity,61.73095703125,2026-08-22T17:25:57.305Z
sensor.air_quality_monitor_humidity,61.7034912109375,2026-08-22T17:26:07.303Z
sensor.air_quality_monitor_humidity,61.7294311523438,2026-08-22T17:26:17.310Z
sensor.air_quality_monitor_humidity,61.7904663085938,2026-08-22T17:26:27.310Z
sensor.air_quality_monitor_humidity,61.7462158203125,2026-08-22T17:26:37.311Z
sensor.air_quality_monitor_humidity,61.7294311523438,2026-08-22T17:26:57.322Z
sensor.air_quality_monitor_humidity,61.7462158203125,2026-08-22T17:27:17.335Z
sensor.air_quality_monitor_humidity,61.7385864257812,2026-08-22T17:27:27.339Z
sensor.air_quality_monitor_humidity,61.7813110351562,2026-08-22T17:27:37.341Z
sensor.air_quality_monitor_humidity,61.75537109375,2026-08-22T17:27:47.346Z
sensor.air_quality_monitor_humidity,61.7111206054688,2026-08-22T17:28:07.351Z
sensor.air_quality_monitor_humidity,61.7630004882812,2026-08-22T17:28:17.353Z
sensor.air_quality_monitor_humidity,61.6943359375,2026-08-22T17:28:27.352Z
sensor.air_quality_monitor_humidity,61.75537109375,2026-08-22T17:28:37.353Z
sensor.air_quality_monitor_humidity,61.8057250976562,2026-08-22T17:28:47.353Z
sensor.air_quality_monitor_humidity,61.7874145507812,2026-08-22T17:28:57.356Z
sensor.air_quality_monitor_humidity,61.7721557617188,2026-08-22T17:29:07.362Z
sensor.air_quality_monitor_humidity,61.7477416992188,2026-08-22T17:29:17.368Z
sensor.air_quality_monitor_humidity,61.7462158203125,2026-08-22T17:29:27.372Z
sensor.air_quality_monitor_humidity,61.7721557617188,2026-08-22T17:29:37.376Z
sensor.air_quality_monitor_humidity,61.773681640625,2026-08-22T17:29:47.377Z
sensor.air_quality_monitor_humidity,61.7706298828125,2026-08-22T17:29:57.382Z
sensor.air_quality_monitor_humidity,61.773681640625,2026-08-22T17:30:17.380Z
sensor.air_quality_monitor_humidity,61.7813110351562,2026-08-22T17:30:27.381Z
sensor.air_quality_monitor_humidity,61.7874145507812,2026-08-22T17:30:37.381Z
sensor.air_quality_monitor_humidity,61.7706298828125,2026-08-22T17:30:47.380Z
sensor.air_quality_monitor_humidity,61.7645263671875,2026-08-22T17:30:57.388Z
sensor.air_quality_monitor_humidity,61.80419921875,2026-08-22T17:31:07.396Z
sensor.air_quality_monitor_humidity,61.7889404296875,2026-08-22T17:31:17.397Z
sensor.air_quality_monitor_humidity,61.8148803710938,2026-08-22T17:31:27.401Z
sensor.air_quality_monitor_humidity,61.8240356445312,2026-08-22T17:31:37.400Z
sensor.air_quality_monitor_humidity,61.773681640625,2026-08-22T17:31:47.407Z
sensor.air_quality_monitor_humidity,61.834716796875,2026-08-22T17:31:57.407Z
sensor.air_quality_monitor_humidity,61.8057250976562,2026-08-22T17:32:07.413Z
sensor.air_quality_monitor_humidity,61.8484497070312,2026-08-22T17:32:17.414Z
sensor.air_quality_monitor_humidity,61.8499755859375,2026-08-22T17:32:27.415Z
sensor.air_quality_monitor_humidity,61.7996215820312,2026-08-22T17:32:37.414Z
sensor.air_quality_monitor_humidity,61.8331909179688,2026-08-22T17:32:47.416Z
sensor.air_quality_monitor_humidity,61.8057250976562,2026-08-22T17:32:57.420Z
sensor.air_quality_monitor_humidity,61.822509765625,2026-08-22T17:33:07.423Z
sensor.air_quality_monitor_humidity,61.8408203125,2026-08-22T17:33:17.423Z
sensor.air_quality_monitor_humidity,61.8392944335938,2026-08-22T17:33:27.424Z
sensor.air_quality_monitor_humidity,61.8133544921875,2026-08-22T17:33:37.423Z
sensor.air_quality_monitor_humidity,61.8255615234375,2026-08-22T17:33:47.426Z
sensor.air_quality_monitor_humidity,61.8057250976562,2026-08-22T17:33:57.428Z
sensor.air_quality_monitor_humidity,61.859130859375,2026-08-22T17:34:07.429Z
sensor.air_quality_monitor_humidity,61.8331909179688,2026-08-22T17:34:17.433Z
sensor.air_quality_monitor_humidity,61.8515014648438,2026-08-22T17:34:27.440Z
sensor.air_quality_monitor_humidity,61.8667602539062,2026-08-22T17:34:37.440Z
sensor.air_quality_monitor_humidity,61.8499755859375,2026-08-22T17:34:47.441Z
sensor.air_quality_monitor_humidity,61.8240356445312,2026-08-22T17:34:57.443Z
sensor.air_quality_monitor_humidity,61.8255615234375,2026-08-22T17:35:07.452Z
sensor.air_quality_monitor_humidity,61.8148803710938,2026-08-22T17:35:17.455Z
sensor.air_quality_monitor_humidity,61.8240356445312,2026-08-22T17:35:27.458Z
sensor.air_quality_monitor_humidity,61.8331909179688,2026-08-22T17:35:37.458Z
sensor.air_quality_monitor_humidity,61.8133544921875,2026-08-22T17:35:47.465Z
sensor.air_quality_monitor_humidity,61.8576049804688,2026-08-22T17:35:57.466Z
sensor.air_quality_monitor_humidity,61.8728637695312,2026-08-22T17:36:07.470Z
sensor.air_quality_monitor_humidity,61.7874145507812,2026-08-22T17:36:17.477Z
sensor.air_quality_monitor_humidity,61.8072509765625,2026-08-22T17:36:27.476Z
sensor.air_quality_monitor_humidity,61.8942260742188,2026-08-22T17:36:37.478Z
sensor.air_quality_monitor_humidity,61.8072509765625,2026-08-22T17:36:47.480Z
sensor.air_quality_monitor_humidity,61.8927001953125,2026-08-22T17:36:57.482Z
sensor.air_quality_monitor_humidity,61.8576049804688,2026-08-22T17:37:07.491Z
sensor.air_quality_monitor_humidity,61.798095703125,2026-08-22T17:37:27.493Z
sensor.air_quality_monitor_humidity,61.865234375,2026-08-22T17:37:37.494Z
sensor.air_quality_monitor_humidity,61.8789672851562,2026-08-22T17:37:47.495Z
sensor.air_quality_monitor_humidity,61.8240356445312,2026-08-22T17:37:57.498Z
sensor.air_quality_monitor_humidity,61.859130859375,2026-08-22T17:38:07.505Z
sensor.air_quality_monitor_humidity,61.8301391601562,2026-08-22T17:38:17.509Z
sensor.air_quality_monitor_humidity,61.81640625,2026-08-22T17:38:27.509Z
sensor.air_quality_monitor_humidity,61.8499755859375,2026-08-22T17:38:37.510Z
sensor.air_quality_monitor_humidity,61.8423461914062,2026-08-22T17:38:47.517Z
sensor.air_quality_monitor_humidity,61.85302734375,2026-08-22T17:38:57.526Z
sensor.air_quality_monitor_humidity,61.8316650390625,2026-08-22T17:39:07.529Z
sensor.air_quality_monitor_humidity,61.8240356445312,2026-08-22T17:39:17.532Z
sensor.air_quality_monitor_humidity,61.8087768554688,2026-08-22T17:39:27.538Z
sensor.air_quality_monitor_humidity,61.8255615234375,2026-08-22T17:39:37.542Z
sensor.air_quality_monitor_humidity,61.8499755859375,2026-08-22T17:39:47.544Z
sensor.air_quality_monitor_humidity,61.8606567382812,2026-08-22T17:39:57.544Z
sensor.air_quality_monitor_humidity,61.7996215820312,2026-08-22T17:40:07.546Z
sensor.air_quality_monitor_humidity,61.8255615234375,2026-08-22T17:40:17.547Z
sensor.air_quality_monitor_humidity,61.834716796875,2026-08-22T17:40:27.551Z
sensor.air_quality_monitor_humidity,61.8606567382812,2026-08-22T17:40:37.548Z
sensor.air_quality_monitor_humidity,61.810302734375,2026-08-22T17:40:47.552Z
sensor.air_quality_monitor_humidity,61.8011474609375,2026-08-22T17:40:57.557Z
sensor.air_quality_monitor_humidity,61.8179321289062,2026-08-22T17:41:07.562Z
sensor.air_quality_monitor_humidity,61.8026733398438,2026-08-22T17:41:17.572Z
sensor.air_quality_monitor_humidity,61.773681640625,2026-08-22T17:41:27.575Z
sensor.air_quality_monitor_humidity,61.7904663085938,2026-08-22T17:41:37.583Z
sensor.air_quality_monitor_humidity,61.7568969726562,2026-08-22T17:41:47.582Z
sensor.air_quality_monitor_humidity,61.7813110351562,2026-08-22T17:41:57.585Z
sensor.air_quality_monitor_humidity,61.7660522460938,2026-08-22T17:42:07.596Z
sensor.air_quality_monitor_humidity,61.7645263671875,2026-08-22T17:42:17.596Z
sensor.air_quality_monitor_humidity,61.7233276367188,2026-08-22T17:42:27.598Z
sensor.air_quality_monitor_humidity,61.7477416992188,2026-08-22T17:42:37.598Z
sensor.air_quality_monitor_humidity,61.73095703125,2026-08-22T17:42:47.603Z
sensor.air_quality_monitor_humidity,61.75537109375,2026-08-22T17:42:57.607Z
sensor.air_quality_monitor_humidity,61.7462158203125,2026-08-22T17:43:07.619Z
sensor.air_quality_monitor_humidity,61.73095703125,2026-08-22T17:43:17.625Z
sensor.air_quality_monitor_humidity,61.7568969726562,2026-08-22T17:43:27.627Z
sensor.air_quality_monitor_humidity,61.688232421875,2026-08-22T17:43:37.633Z
sensor.air_quality_monitor_humidity,61.7218017578125,2026-08-22T17:43:47.637Z
sensor.air_quality_monitor_humidity,61.6790771484375,2026-08-22T17:43:57.638Z
sensor.air_quality_monitor_humidity,61.71875,2026-08-22T17:44:07.643Z
sensor.air_quality_monitor_humidity,61.6531372070312,2026-08-22T17:44:17.647Z
sensor.air_quality_monitor_humidity,61.651611328125,2026-08-22T17:44:27.647Z
sensor.air_quality_monitor_humidity,61.6806030273438,2026-08-22T17:44:37.648Z
sensor.air_quality_monitor_humidity,61.712646484375,2026-08-22T17:44:47.653Z
sensor.air_quality_monitor_humidity,61.6531372070312,2026-08-22T17:44:57.656Z
sensor.air_quality_monitor_humidity,61.63330078125,2026-08-22T17:45:07.666Z
sensor.air_quality_monitor_humidity,61.6790771484375,2026-08-22T17:45:17.670Z
sensor.air_quality_monitor_humidity,61.6348266601562,2026-08-22T17:45:27.675Z
sensor.air_quality_monitor_humidity,61.6180419921875,2026-08-22T17:45:37.679Z
sensor.air_quality_monitor_humidity,61.6531372070312,2026-08-22T17:45:47.684Z
sensor.air_quality_monitor_humidity,61.60888671875,2026-08-22T17:45:57.684Z
sensor.air_quality_monitor_humidity,61.5936279296875,2026-08-22T17:46:07.687Z
sensor.air_quality_monitor_humidity,61.6607666015625,2026-08-22T17:46:17.691Z
sensor.air_quality_monitor_humidity,61.5814208984375,2026-08-22T17:46:27.695Z
sensor.air_quality_monitor_humidity,61.60888671875,2026-08-22T17:46:37.694Z
sensor.air_quality_monitor_humidity,61.5921020507812,2026-08-22T17:46:47.695Z
sensor.air_quality_monitor_humidity,61.5570068359375,2026-08-22T17:46:57.698Z
sensor.air_quality_monitor_humidity,61.5676879882812,2026-08-22T17:47:07.708Z
sensor.air_quality_monitor_humidity,61.5493774414062,2026-08-22T17:47:17.712Z
sensor.air_quality_monitor_humidity,61.58447265625,2026-08-22T17:47:27.715Z
sensor.air_quality_monitor_humidity,61.5585327148438,2026-08-22T17:47:37.719Z
sensor.air_quality_monitor_humidity,61.5310668945312,2026-08-22T17:47:47.721Z
sensor.air_quality_monitor_humidity,61.5692138671875,2026-08-22T17:47:57.720Z
sensor.air_quality_monitor_humidity,61.5585327148438,2026-08-22T17:48:07.723Z
sensor.air_quality_monitor_humidity,61.5325927734375,2026-08-22T17:48:17.727Z
sensor.air_quality_monitor_humidity,61.480712890625,2026-08-22T17:48:27.729Z
sensor.air_quality_monitor_humidity,61.5066528320312,2026-08-22T17:48:37.731Z
sensor.air_quality_monitor_humidity,61.5402221679688,2026-08-22T17:48:47.731Z
sensor.air_quality_monitor_humidity,61.4898681640625,2026-08-22T17:48:57.739Z
sensor.air_quality_monitor_humidity,61.4883422851562,2026-08-22T17:49:07.744Z
sensor.air_quality_monitor_humidity,61.5081787109375,2026-08-22T17:49:17.744Z
sensor.air_quality_monitor_humidity,61.480712890625,2026-08-22T17:49:27.750Z
sensor.air_quality_monitor_humidity,61.5097045898438,2026-08-22T17:49:37.757Z
sensor.air_quality_monitor_humidity,61.5066528320312,2026-08-22T17:49:47.759Z
sensor.air_quality_monitor_humidity,61.4898681640625,2026-08-22T17:49:57.762Z
sensor.air_quality_monitor_humidity,61.456298828125,2026-08-22T17:50:07.764Z
sensor.air_quality_monitor_humidity,61.5005493164062,2026-08-22T17:50:17.772Z
sensor.air_quality_monitor_humidity,61.4837646484375,2026-08-22T17:50:27.771Z
sensor.air_quality_monitor_humidity,61.474609375,2026-08-22T17:50:37.771Z
sensor.air_quality_monitor_humidity,61.5005493164062,2026-08-22T17:50:47.774Z
sensor.air_quality_monitor_humidity,61.43798828125,2026-08-22T17:50:57.781Z
sensor.air_quality_monitor_humidity,61.431884765625,2026-08-22T17:51:07.792Z
sensor.air_quality_monitor_humidity,61.4410400390625,2026-08-22T17:51:17.794Z
sensor.air_quality_monitor_humidity,61.4669799804688,2026-08-22T17:51:27.798Z
sensor.air_quality_monitor_humidity,61.4410400390625,2026-08-22T17:51:37.803Z
sensor.air_quality_monitor_humidity,61.4578247070312,2026-08-22T17:51:47.806Z
sensor.air_quality_monitor_humidity,61.3983154296875,2026-08-22T17:51:57.805Z
sensor.air_quality_monitor_humidity,61.38916015625,2026-08-22T17:52:07.811Z
sensor.air_quality_monitor_humidity,61.431884765625,2026-08-22T17:52:17.814Z
sensor.air_quality_monitor_humidity,61.4425659179688,2026-08-22T17:52:27.813Z
sensor.air_quality_monitor_humidity,61.395263671875,2026-08-22T17:52:37.815Z
sensor.air_quality_monitor_humidity,61.4059448242188,2026-08-22T17:52:47.819Z
sensor.air_quality_monitor_humidity,61.4166259765625,2026-08-22T17:52:57.823Z
sensor.air_quality_monitor_humidity,61.4059448242188,2026-08-22T17:53:07.834Z
sensor.air_quality_monitor_humidity,61.3540649414062,2026-08-22T17:53:17.838Z
sensor.air_quality_monitor_humidity,61.3815307617188,2026-08-22T17:53:27.844Z
sensor.air_quality_monitor_humidity,61.4151000976562,2026-08-22T17:53:37.848Z
sensor.air_quality_monitor_humidity,61.346435546875,2026-08-22T17:53:47.855Z
sensor.air_quality_monitor_humidity,61.3723754882812,2026-08-22T17:53:57.853Z
sensor.air_quality_monitor_humidity,61.3739013671875,2026-08-22T17:54:07.858Z
sensor.air_quality_monitor_humidity,61.3906860351562,2026-08-22T17:54:17.870Z
sensor.air_quality_monitor_humidity,61.4273071289062,2026-08-22T17:54:27.870Z
sensor.air_quality_monitor_humidity,61.3906860351562,2026-08-22T17:54:37.871Z
sensor.air_quality_monitor_humidity,61.3998413085938,2026-08-22T17:54:47.870Z
sensor.air_quality_monitor_humidity,61.3479614257812,2026-08-22T17:54:57.874Z
sensor.air_quality_monitor_humidity,61.3739013671875,2026-08-22T17:55:07.884Z
sensor.air_quality_monitor_humidity,61.3998413085938,2026-08-22T17:55:27.890Z
sensor.air_quality_monitor_humidity,61.383056640625,2026-08-22T17:55:37.895Z
sensor.air_quality_monitor_humidity,61.3739013671875,2026-08-22T17:55:57.902Z
sensor.air_quality_monitor_humidity,61.3662719726562,2026-08-22T17:56:07.904Z
sensor.air_quality_monitor_humidity,61.3555908203125,2026-08-22T17:56:17.904Z
sensor.air_quality_monitor_humidity,61.3128662109375,2026-08-22T17:56:27.905Z
sensor.air_quality_monitor_humidity,61.3571166992188,2026-08-22T17:56:37.908Z
sensor.air_quality_monitor_humidity,61.3388061523438,2026-08-22T17:56:47.914Z
sensor.air_quality_monitor_humidity,61.3037109375,2026-08-22T17:57:07.913Z
sensor.air_quality_monitor_humidity,61.36474609375,2026-08-22T17:57:17.922Z
sensor.air_quality_monitor_humidity,61.2945556640625,2026-08-22T17:57:27.923Z
sensor.air_quality_monitor_humidity,61.3571166992188,2026-08-22T17:57:37.929Z
sensor.air_quality_monitor_humidity,61.3128662109375,2026-08-22T17:57:57.934Z
sensor.air_quality_monitor_humidity,61.34033203125,2026-08-22T17:58:07.938Z
sensor.air_quality_monitor_humidity,61.3037109375,2026-08-22T17:58:17.948Z
sensor.air_quality_monitor_humidity,61.3571166992188,2026-08-22T17:58:27.940Z
sensor.air_quality_monitor_humidity,61.2777709960938,2026-08-22T17:58:47.945Z
sensor.air_quality_monitor_humidity,61.3311767578125,2026-08-22T17:58:57.947Z
sensor.air_quality_monitor_humidity,61.34033203125,2026-08-22T17:59:07.942Z
sensor.air_quality_monitor_humidity,61.3204956054688,2026-08-22T17:59:17.960Z
sensor.air_quality_monitor_humidity,61.3388061523438,2026-08-22T17:59:27.964Z
sensor.air_quality_monitor_humidity,61.3494873046875,2026-08-22T17:59:47.969Z
sensor.air_quality_monitor_humidity,61.3571166992188,2026-08-22T17:59:57.969Z
sensor.air_quality_monitor_humidity,61.3479614257812,2026-08-22T18:00:07.973Z
sensor.air_quality_monitor_humidity,61.2701416015625,2026-08-22T18:00:17.977Z
sensor.air_quality_monitor_humidity,61.3479614257812,2026-08-22T18:00:27.977Z
sensor.air_quality_monitor_humidity,61.3143920898438,2026-08-22T18:00:47.979Z
sensor.air_quality_monitor_humidity,61.3571166992188,2026-08-22T18:00:57.986Z
sensor.air_quality_monitor_humidity,61.3739013671875,2026-08-22T18:01:07.993Z
sensor.air_quality_monitor_humidity,61.3494873046875,2026-08-22T18:01:17.994Z
sensor.air_quality_monitor_humidity,61.3571166992188,2026-08-22T18:01:28.000Z
sensor.air_quality_monitor_humidity,61.3494873046875,2026-08-22T18:01:38.000Z
sensor.air_quality_monitor_humidity,61.3739013671875,2026-08-22T18:01:48.007Z
sensor.air_quality_monitor_humidity,61.3998413085938,2026-08-22T18:01:58.010Z
sensor.air_quality_monitor_humidity,61.3922119140625,2026-08-22T18:02:08.013Z
sensor.air_quality_monitor_humidity,61.3754272460938,2026-08-22T18:02:18.020Z
sensor.air_quality_monitor_humidity,61.3739013671875,2026-08-22T18:02:28.021Z
sensor.air_quality_monitor_humidity,61.3571166992188,2026-08-22T18:02:48.021Z
sensor.air_quality_monitor_humidity,61.3311767578125,2026-08-22T18:02:58.025Z
sensor.air_quality_monitor_humidity,61.3922119140625,2026-08-22T18:03:08.042Z
sensor.air_quality_monitor_humidity,61.3815307617188,2026-08-22T18:03:18.042Z
sensor.air_quality_monitor_humidity,61.3571166992188,2026-08-22T18:03:28.044Z
sensor.air_quality_monitor_humidity,61.3311767578125,2026-08-22T18:03:38.048Z
sensor.air_quality_monitor_humidity,61.3922119140625,2026-08-22T18:03:48.053Z
sensor.air_quality_monitor_humidity,61.4089965820312,2026-08-22T18:03:58.054Z
sensor.air_quality_monitor_humidity,61.3998413085938,2026-08-22T18:04:08.061Z
sensor.air_quality_monitor_humidity,61.3494873046875,2026-08-22T18:04:18.064Z
sensor.air_quality_monitor_humidity,61.3739013671875,2026-08-22T18:04:28.067Z
sensor.air_quality_monitor_humidity,61.3662719726562,2026-08-22T18:04:38.066Z
sensor.air_quality_monitor_humidity,61.3754272460938,2026-08-22T18:04:48.069Z
sensor.air_quality_monitor_humidity,61.4089965820312,2026-08-22T18:04:58.074Z
sensor.air_quality_monitor_humidity,61.4181518554688,2026-08-22T18:05:08.084Z
sensor.air_quality_monitor_humidity,61.4349365234375,2026-08-22T18:05:18.085Z
sensor.air_quality_monitor_humidity,61.4181518554688,2026-08-22T18:05:28.090Z
sensor.air_quality_monitor_humidity,61.4089965820312,2026-08-22T18:05:38.093Z
sensor.air_quality_monitor_humidity,61.4181518554688,2026-08-22T18:05:48.098Z
sensor.air_quality_monitor_humidity,61.419677734375,2026-08-22T18:05:58.098Z
sensor.air_quality_monitor_humidity,61.4105224609375,2026-08-22T18:06:08.101Z
sensor.air_quality_monitor_humidity,61.4288330078125,2026-08-22T18:06:18.104Z
sensor.air_quality_monitor_humidity,61.4715576171875,2026-08-22T18:06:28.105Z
sensor.air_quality_monitor_humidity,61.4273071289062,2026-08-22T18:06:38.107Z
sensor.air_quality_monitor_humidity,61.4456176757812,2026-08-22T18:06:48.112Z
sensor.air_quality_monitor_humidity,61.4105224609375,2026-08-22T18:06:58.117Z
sensor.air_quality_monitor_humidity,61.4456176757812,2026-08-22T18:07:08.127Z
sensor.air_quality_monitor_humidity,61.4105224609375,2026-08-22T18:07:18.132Z
sensor.air_quality_monitor_humidity,61.4532470703125,2026-08-22T18:07:28.140Z
sensor.air_quality_monitor_humidity,61.46240234375,2026-08-22T18:07:38.142Z
sensor.air_quality_monitor_humidity,61.4974975585938,2026-08-22T18:07:58.151Z
sensor.air_quality_monitor_humidity,61.4013671875,2026-08-22T18:08:08.154Z
sensor.air_quality_monitor_humidity,61.4273071289062,2026-08-22T18:08:18.158Z
sensor.air_quality_monitor_humidity,61.4547729492188,2026-08-22T18:08:28.160Z
sensor.air_quality_monitor_humidity,61.46240234375,2026-08-22T18:08:38.160Z
sensor.air_quality_monitor_humidity,61.4791870117188,2026-08-22T18:08:48.167Z
sensor.air_quality_monitor_humidity,61.4547729492188,2026-08-22T18:08:58.169Z
sensor.air_quality_monitor_humidity,61.4456176757812,2026-08-22T18:09:08.180Z
sensor.air_quality_monitor_humidity,61.4181518554688,2026-08-22T18:09:18.182Z
sensor.air_quality_monitor_humidity,61.4715576171875,2026-08-22T18:09:28.184Z
sensor.air_quality_monitor_humidity,61.4456176757812,2026-08-22T18:09:48.190Z
sensor.air_quality_monitor_humidity,61.4364624023438,2026-08-22T18:09:58.191Z
sensor.air_quality_monitor_humidity,61.4532470703125,2026-08-22T18:10:08.194Z
sensor.air_quality_monitor_humidity,61.419677734375,2026-08-22T18:10:18.187Z
sensor.air_quality_monitor_humidity,61.4349365234375,2026-08-22T18:10:28.201Z
sensor.air_quality_monitor_humidity,61.444091796875,2026-08-22T18:10:38.207Z
sensor.air_quality_monitor_humidity,61.4791870117188,2026-08-22T18:10:48.207Z
sensor.air_quality_monitor_humidity,61.4608764648438,2026-08-22T18:10:58.209Z
sensor.air_quality_monitor_humidity,61.4349365234375,2026-08-22T18:11:08.214Z
sensor.air_quality_monitor_humidity,61.42578125,2026-08-22T18:11:18.219Z
sensor.air_quality_monitor_humidity,61.4517211914062,2026-08-22T18:11:28.220Z
sensor.air_quality_monitor_humidity,61.4700317382812,2026-08-22T18:11:38.224Z
sensor.air_quality_monitor_humidity,61.42578125,2026-08-22T18:11:58.227Z
sensor.air_quality_monitor_humidity,61.444091796875,2026-08-22T18:12:08.229Z
sensor.air_quality_monitor_humidity,61.4517211914062,2026-08-22T18:12:18.231Z
sensor.air_quality_monitor_humidity,61.4608764648438,2026-08-22T18:12:28.231Z
sensor.air_quality_monitor_humidity,61.4517211914062,2026-08-22T18:12:38.233Z
sensor.air_quality_monitor_humidity,61.407470703125,2026-08-22T18:12:48.238Z
sensor.air_quality_monitor_humidity,61.4242553710938,2026-08-22T18:12:58.243Z
sensor.air_quality_monitor_humidity,61.4608764648438,2026-08-22T18:13:08.253Z
sensor.air_quality_monitor_humidity,61.4517211914062,2026-08-22T18:13:18.261Z
sensor.air_quality_monitor_humidity,61.42578125,2026-08-22T18:13:28.258Z
sensor.air_quality_monitor_humidity,61.4608764648438,2026-08-22T18:13:48.265Z
sensor.air_quality_monitor_humidity,61.4776611328125,2026-08-22T18:13:58.263Z
sensor.air_quality_monitor_humidity,61.42578125,2026-08-22T18:14:08.266Z
sensor.air_quality_monitor_humidity,61.4425659179688,2026-08-22T18:14:18.252Z
sensor.air_quality_monitor_humidity,61.4166259765625,2026-08-22T18:14:28.267Z
sensor.air_quality_monitor_humidity,61.4776611328125,2026-08-22T18:14:38.267Z
sensor.air_quality_monitor_humidity,61.4349365234375,2026-08-22T18:14:48.273Z
sensor.air_quality_monitor_humidity,61.4776611328125,2026-08-22T18:14:58.273Z
sensor.air_quality_monitor_humidity,61.4959716796875,2026-08-22T18:15:08.283Z
sensor.air_quality_monitor_humidity,61.4166259765625,2026-08-22T18:15:18.288Z
sensor.air_quality_monitor_humidity,61.4959716796875,2026-08-22T18:15:28.290Z
sensor.air_quality_monitor_humidity,61.4791870117188,2026-08-22T18:15:38.289Z
sensor.air_quality_monitor_humidity,61.4883422851562,2026-08-22T18:15:48.290Z
sensor.air_quality_monitor_humidity,61.5402221679688,2026-08-22T18:15:58.290Z
sensor.air_quality_monitor_humidity,61.4532470703125,2026-08-22T18:16:08.294Z
sensor.air_quality_monitor_humidity,61.4974975585938,2026-08-22T18:16:18.300Z
sensor.air_quality_monitor_humidity,61.5142822265625,2026-08-22T18:16:28.307Z
sensor.air_quality_monitor_humidity,61.5310668945312,2026-08-22T18:16:38.308Z
sensor.air_quality_monitor_humidity,61.5066528320312,2026-08-22T18:16:48.310Z
sensor.air_quality_monitor_humidity,61.4883422851562,2026-08-22T18:16:58.313Z
sensor.air_quality_monitor_humidity,61.5234375,2026-08-22T18:17:08.321Z
sensor.air_quality_monitor_humidity,61.5493774414062,2026-08-22T18:17:18.325Z
sensor.air_quality_monitor_humidity,61.4883422851562,2026-08-22T18:17:28.329Z
sensor.air_quality_monitor_humidity,61.5234375,2026-08-22T18:17:48.335Z
sensor.air_quality_monitor_humidity,61.4974975585938,2026-08-22T18:17:58.338Z
sensor.air_quality_monitor_humidity,61.4990234375,2026-08-22T18:18:08.340Z
sensor.air_quality_monitor_humidity,61.4883422851562,2026-08-22T18:18:18.345Z
sensor.air_quality_monitor_humidity,61.5493774414062,2026-08-22T18:18:28.345Z
sensor.air_quality_monitor_humidity,61.5249633789062,2026-08-22T18:18:38.345Z
sensor.air_quality_monitor_humidity,61.541748046875,2026-08-22T18:18:48.347Z
sensor.air_quality_monitor_humidity,61.5249633789062,2026-08-22T18:18:58.348Z
sensor.air_quality_monitor_humidity,61.5066528320312,2026-08-22T18:19:08.355Z
sensor.air_quality_monitor_humidity,61.4974975585938,2026-08-22T18:19:28.362Z
sensor.air_quality_monitor_humidity,61.5142822265625,2026-08-22T18:19:38.372Z
sensor.air_quality_monitor_humidity,61.5234375,2026-08-22T18:19:48.376Z
sensor.air_quality_monitor_humidity,61.480712890625,2026-08-22T18:19:58.379Z
sensor.air_quality_monitor_humidity,61.505126953125,2026-08-22T18:20:08.368Z
sensor.air_quality_monitor_humidity,61.5066528320312,2026-08-22T18:20:18.385Z
sensor.air_quality_monitor_humidity,61.5234375,2026-08-22T18:20:28.385Z
sensor.air_quality_monitor_humidity,61.4959716796875,2026-08-22T18:20:38.387Z
sensor.air_quality_monitor_humidity,61.4791870117188,2026-08-22T18:20:48.390Z
sensor.air_quality_monitor_humidity,61.5142822265625,2026-08-22T18:20:58.395Z
sensor.air_quality_monitor_pressure,960.84326171875,2026-08-22T14:15:00.000Z
sensor.air_quality_monitor_pressure,963.070556640625,2026-08-22T14:20:59.977Z
sensor.air_quality_monitor_pressure,963.108703613281,2026-08-22T14:21:57.146Z
sensor.air_quality_monitor_pressure,963.046020507812,2026-08-22T14:22:57.137Z
sensor.air_quality_monitor_pressure,963.135131835938,2026-08-22T14:23:57.144Z
sensor.air_quality_monitor_pressure,963.048706054688,2026-08-22T14:24:57.158Z
sensor.air_quality_monitor_pressure,963.133544921875,2026-08-22T14:25:57.179Z
sensor.air_quality_monitor_pressure,963.082580566406,2026-08-22T14:26:57.201Z
sensor.air_quality_monitor_pressure,963.170959472656,2026-08-22T14:27:57.217Z
sensor.air_quality_monitor_pressure,963.172485351562,2026-08-22T14:28:57.172Z
sensor.air_quality_monitor_pressure,963.191040039062,2026-08-22T14:29:57.159Z
sensor.air_quality_monitor_pressure,963.156433105469,2026-08-22T14:30:57.161Z
sensor.air_quality_monitor_pressure,963.144409179688,2026-08-22T14:31:57.170Z
sensor.air_quality_monitor_pressure,963.103881835938,2026-08-22T14:32:57.182Z
sensor.air_quality_monitor_pressure,963.1845703125,2026-08-22T14:33:57.176Z
sensor.air_quality_monitor_pressure,963.144165039062,2026-08-22T14:34:57.179Z
sensor.air_quality_monitor_pressure,963.237365722656,2026-08-22T14:35:57.182Z
sensor.air_quality_monitor_pressure,963.197204589844,2026-08-22T14:36:57.190Z
sensor.air_quality_monitor_pressure,963.180969238281,2026-08-22T14:37:57.189Z
sensor.air_quality_monitor_pressure,963.246643066406,2026-08-22T14:38:57.213Z
sensor.air_quality_monitor_pressure,963.213195800781,2026-08-22T14:39:57.189Z
sensor.air_quality_monitor_pressure,963.204833984375,2026-08-22T14:40:57.200Z
sensor.air_quality_monitor_pressure,963.199096679688,2026-08-22T14:41:57.213Z
sensor.air_quality_monitor_pressure,963.175842285156,2026-08-22T14:42:57.202Z
sensor.air_quality_monitor_pressure,963.118347167969,2026-08-22T14:43:57.208Z
sensor.air_quality_monitor_pressure,963.199096679688,2026-08-22T14:44:57.207Z
sensor.air_quality_monitor_pressure,963.154541015625,2026-08-22T14:45:57.206Z
sensor.air_quality_monitor_pressure,963.170715332031,2026-08-22T14:46:57.209Z
sensor.air_quality_monitor_pressure,963.140197753906,2026-08-22T14:47:57.212Z
sensor.air_quality_monitor_pressure,961.737243652344,2026-08-22T14:48:57.212Z
sensor.air_quality_monitor_pressure,963.232299804688,2026-08-22T14:49:57.222Z
sensor.air_quality_monitor_pressure,962.953002929688,2026-08-22T14:50:57.222Z
sensor.air_quality_monitor_pressure,963.191467285156,2026-08-22T14:51:57.225Z
sensor.air_quality_monitor_pressure,963.13818359375,2026-08-22T14:52:57.231Z
sensor.air_quality_monitor_pressure,963.123657226562,2026-08-22T14:53:57.233Z
sensor.air_quality_monitor_pressure,963.230834960938,2026-08-22T14:54:57.236Z
sensor.air_quality_monitor_pressure,963.215393066406,2026-08-22T14:55:57.242Z
sensor.air_quality_monitor_pressure,963.267639160156,2026-08-22T14:56:57.249Z
sensor.air_quality_monitor_pressure,963.196533203125,2026-08-22T14:57:57.250Z
sensor.air_quality_monitor_pressure,963.147766113281,2026-08-22T14:58:57.251Z
sensor.air_quality_monitor_pressure,963.2548828125,2026-08-22T14:59:57.253Z
sensor.air_quality_monitor_pressure,963.210571289062,2026-08-22T15:00:57.256Z
sensor.air_quality_monitor_pressure,963.24560546875,2026-08-22T15:01:57.262Z
sensor.air_quality_monitor_pressure,963.236267089844,2026-08-22T15:02:57.264Z
sensor.air_quality_monitor_pressure,963.289611816406,2026-08-22T15:03:57.267Z
sensor.air_quality_monitor_pressure,963.278869628906,2026-08-22T15:04:57.300Z
sensor.air_quality_monitor_pressure,963.313903808594,2026-08-22T15:05:57.299Z
sensor.air_quality_monitor_pressure,963.2529296875,2026-08-22T15:07:57.320Z
sensor.air_quality_monitor_pressure,963.304870605469,2026-08-22T15:08:57.218Z
sensor.air_quality_monitor_pressure,963.278869628906,2026-08-22T15:09:57.223Z
sensor.air_quality_monitor_pressure,963.285827636719,2026-08-22T15:10:57.226Z
sensor.air_quality_monitor_pressure,963.291748046875,2026-08-22T15:11:57.238Z
sensor.air_quality_monitor_pressure,963.327697753906,2026-08-22T15:12:57.259Z
sensor.air_quality_monitor_pressure,963.380310058594,2026-08-22T15:13:57.275Z
sensor.air_quality_monitor_pressure,963.381042480469,2026-08-22T15:14:57.277Z
sensor.air_quality_monitor_pressure,963.312438964844,2026-08-22T15:15:57.313Z
sensor.air_quality_monitor_pressure,963.380310058594,2026-08-22T15:17:57.327Z
sensor.air_quality_monitor_pressure,963.336242675781,2026-08-22T15:18:57.351Z
sensor.air_quality_monitor_pressure,963.4072265625,2026-08-22T15:19:57.359Z
sensor.air_quality_monitor_pressure,962.061340332031,2026-08-22T15:20:57.369Z
sensor.air_quality_monitor_pressure,963.463134765625,2026-08-22T15:21:57.392Z
sensor.air_quality_monitor_pressure,963.512634277344,2026-08-22T15:22:57.402Z
sensor.air_quality_monitor_pressure,963.445739746094,2026-08-22T15:23:57.415Z
sensor.air_quality_monitor_pressure,963.457885742188,2026-08-22T15:24:57.419Z
sensor.air_quality_monitor_pressure,963.469543457031,2026-08-22T15:25:57.429Z
sensor.air_quality_monitor_pressure,963.413391113281,2026-08-22T15:26:57.443Z
sensor.air_quality_monitor_pressure,963.472900390625,2026-08-22T15:27:57.451Z
sensor.air_quality_monitor_pressure,963.379516601562,2026-08-22T15:28:57.453Z
sensor.air_quality_monitor_pressure,963.443664550781,2026-08-22T15:29:57.455Z
sensor.air_quality_monitor_pressure,963.513061523438,2026-08-22T15:30:57.460Z
sensor.air_quality_monitor_pressure,963.465270996094,2026-08-22T15:31:57.465Z
sensor.air_quality_monitor_pressure,963.523193359375,2026-08-22T15:32:57.482Z
sensor.air_quality_monitor_pressure,963.479125976562,2026-08-22T15:33:57.498Z
sensor.air_quality_monitor_pressure,963.417541503906,2026-08-22T15:34:57.518Z
sensor.air_quality_monitor_pressure,963.520263671875,2026-08-22T15:35:57.536Z
sensor.air_quality_monitor_pressure,963.533935546875,2026-08-22T15:36:57.577Z
sensor.air_quality_monitor_pressure,963.593994140625,2026-08-22T15:37:57.589Z
sensor.air_quality_monitor_pressure,963.619750976562,2026-08-22T15:38:57.598Z
sensor.air_quality_monitor_pressure,963.596862792969,2026-08-22T15:39:57.606Z
sensor.air_quality_monitor_pressure,963.640014648438,2026-08-22T15:40:57.616Z
sensor.air_quality_monitor_pressure,963.642028808594,2026-08-22T15:41:57.621Z
sensor.air_quality_monitor_pressure,963.6416015625,2026-08-22T15:42:57.628Z
sensor.air_quality_monitor_pressure,963.663146972656,2026-08-22T15:43:57.637Z
sensor.air_quality_monitor_pressure,963.673950195312,2026-08-22T15:44:57.680Z
sensor.air_quality_monitor_pressure,963.670288085938,2026-08-22T15:45:57.699Z
sensor.air_quality_monitor_pressure,963.616333007812,2026-08-22T15:46:57.704Z
sensor.air_quality_monitor_pressure,963.635314941406,2026-08-22T15:47:57.707Z
sensor.air_quality_monitor_pressure,963.733703613281,2026-08-22T15:48:57.714Z
sensor.air_quality_monitor_pressure,963.732727050781,2026-08-22T15:49:57.726Z
sensor.air_quality_monitor_pressure,963.712646484375,2026-08-22T15:50:57.743Z
sensor.air_quality_monitor_pressure,963.671508789062,2026-08-22T15:51:57.756Z
sensor.air_quality_monitor_pressure,963.690124511719,2026-08-22T15:52:57.769Z
sensor.air_quality_monitor_pressure,963.744689941406,2026-08-22T15:53:57.795Z
sensor.air_quality_monitor_pressure,963.726379394531,2026-08-22T15:54:57.823Z
sensor.air_quality_monitor_pressure,963.765747070312,2026-08-22T15:55:57.831Z
sensor.air_quality_monitor_pressure,963.685485839844,2026-08-22T15:56:57.837Z
sensor.air_quality_monitor_pressure,963.736938476562,2026-08-22T15:57:57.843Z
sensor.air_quality_monitor_pressure,963.752258300781,2026-08-22T15:58:57.864Z
sensor.air_quality_monitor_pressure,963.663146972656,2026-08-22T15:59:57.873Z
sensor.air_quality_monitor_pressure,963.712463378906,2026-08-22T16:00:57.879Z
sensor.air_quality_monitor_pressure,963.700927734375,2026-08-22T16:01:57.886Z
sensor.air_quality_monitor_pressure,963.780456542969,2026-08-22T16:02:57.891Z
sensor.air_quality_monitor_pressure,963.662536621094,2026-08-22T16:03:57.894Z
sensor.air_quality_monitor_pressure,963.690612792969,2026-08-22T16:04:57.902Z
sensor.air_quality_monitor_pressure,963.741577148438,2026-08-22T16:05:57.908Z
sensor.air_quality_monitor_pressure,963.691589355469,2026-08-22T16:06:57.911Z
sensor.air_quality_monitor_pressure,963.719665527344,2026-08-22T16:07:57.921Z
sensor.air_quality_monitor_pressure,963.690551757812,2026-08-22T16:08:57.946Z
sensor.air_quality_monitor_pressure,963.702026367188,2026-08-22T16:09:57.956Z
sensor.air_quality_monitor_pressure,963.669311523438,2026-08-22T16:10:57.961Z
sensor.air_quality_monitor_pressure,963.719909667969,2026-08-22T16:11:57.976Z
sensor.air_quality_monitor_pressure,963.771545410156,2026-08-22T16:12:57.982Z
sensor.air_quality_monitor_pressure,963.786315917969,2026-08-22T16:13:57.991Z
sensor.air_quality_monitor_pressure,963.189514160156,2026-08-22T16:14:57.993Z
sensor.air_quality_monitor_pressure,963.787170410156,2026-08-22T16:15:57.997Z
sensor.air_quality_monitor_pressure,963.778076171875,2026-08-22T16:16:58.007Z
sensor.air_quality_monitor_pressure,963.856079101562,2026-08-22T16:17:58.026Z
sensor.air_quality_monitor_pressure,963.82421875,2026-08-22T16:18:58.044Z
sensor.air_quality_monitor_pressure,963.818298339844,2026-08-22T16:19:58.063Z
sensor.air_quality_monitor_pressure,963.901123046875,2026-08-22T16:20:58.073Z
sensor.air_quality_monitor_pressure,963.899963378906,2026-08-22T16:21:58.082Z
sensor.air_quality_monitor_pressure,963.89990234375,2026-08-22T16:22:58.096Z
sensor.air_quality_monitor_pressure,963.922485351562,2026-08-22T16:23:58.117Z
sensor.air_quality_monitor_pressure,963.889343261719,2026-08-22T16:24:58.141Z
sensor.air_quality_monitor_pressure,963.957946777344,2026-08-22T16:25:58.158Z
sensor.air_quality_monitor_pressure,963.985290527344,2026-08-22T16:26:58.174Z
sensor.air_quality_monitor_pressure,963.934692382812,2026-08-22T16:27:58.183Z
sensor.air_quality_monitor_pressure,963.959289550781,2026-08-22T16:28:58.204Z
sensor.air_quality_monitor_pressure,963.982788085938,2026-08-22T16:29:58.217Z
sensor.air_quality_monitor_pressure,963.994873046875,2026-08-22T16:30:58.247Z
sensor.air_quality_monitor_pressure,964.083435058594,2026-08-22T16:31:58.259Z
sensor.air_quality_monitor_pressure,964.040649414062,2026-08-22T16:32:58.269Z
sensor.air_quality_monitor_pressure,964.009948730469,2026-08-22T16:33:58.294Z
sensor.air_quality_monitor_pressure,964.021606445312,2026-08-22T16:34:58.324Z
sensor.air_quality_monitor_pressure,964.053649902344,2026-08-22T16:35:58.350Z
sensor.air_quality_monitor_pressure,964.041442871094,2026-08-22T16:36:58.366Z
sensor.air_quality_monitor_pressure,964.094970703125,2026-08-22T16:37:58.388Z
sensor.air_quality_monitor_pressure,964.179931640625,2026-08-22T16:38:58.407Z
sensor.air_quality_monitor_pressure,964.0908203125,2026-08-22T16:39:58.423Z
sensor.air_quality_monitor_pressure,964.052307128906,2026-08-22T16:40:58.438Z
sensor.air_quality_monitor_pressure,964.097900390625,2026-08-22T16:41:58.455Z
sensor.air_quality_monitor_pressure,964.070495605469,2026-08-22T16:42:58.472Z
sensor.air_quality_monitor_pressure,964.07568359375,2026-08-22T16:43:58.487Z
sensor.air_quality_monitor_pressure,964.031677246094,2026-08-22T16:44:58.509Z
sensor.air_quality_monitor_pressure,964.053161621094,2026-08-22T16:45:58.534Z
sensor.air_quality_monitor_pressure,964.092346191406,2026-08-22T16:46:58.541Z
sensor.air_quality_monitor_pressure,964.080017089844,2026-08-22T16:47:58.568Z
sensor.air_quality_monitor_pressure,964.0927734375,2026-08-22T16:48:58.585Z
sensor.air_quality_monitor_pressure,964.056457519531,2026-08-22T16:49:58.608Z
sensor.air_quality_monitor_pressure,964.0439453125,2026-08-22T16:50:58.629Z
sensor.air_quality_monitor_pressure,964.112121582031,2026-08-22T16:51:58.647Z
sensor.air_quality_monitor_pressure,964.104736328125,2026-08-22T16:52:58.670Z
sensor.air_quality_monitor_pressure,964.07080078125,2026-08-22T16:53:58.687Z
sensor.air_quality_monitor_pressure,964.152893066406,2026-08-22T16:54:58.708Z
sensor.air_quality_monitor_pressure,964.136657714844,2026-08-22T16:55:58.728Z
sensor.air_quality_monitor_pressure,964.110412597656,2026-08-22T16:56:58.747Z
sensor.air_quality_monitor_pressure,964.042541503906,2026-08-22T16:57:58.763Z
sensor.air_quality_monitor_pressure,964.013671875,2026-08-22T16:58:58.783Z
sensor.air_quality_monitor_pressure,964.018859863281,2026-08-22T16:59:58.802Z
sensor.air_quality_monitor_pressure,964.090698242188,2026-08-22T17:00:58.812Z
sensor.air_quality_monitor_pressure,964.08447265625,2026-08-22T17:01:58.829Z
sensor.air_quality_monitor_pressure,964.060546875,2026-08-22T17:02:58.858Z
sensor.air_quality_monitor_pressure,964.076965332031,2026-08-22T17:03:58.874Z
sensor.air_quality_monitor_pressure,964.071899414062,2026-08-22T17:04:58.885Z
sensor.air_quality_monitor_pressure,964.113464355469,2026-08-22T17:05:58.892Z
sensor.air_quality_monitor_pressure,964.0693359375,2026-08-22T17:06:58.898Z
sensor.air_quality_monitor_pressure,964.055480957031,2026-08-22T17:07:58.911Z
sensor.air_quality_monitor_pressure,964.061767578125,2026-08-22T17:08:58.940Z
sensor.air_quality_monitor_pressure,964.035278320312,2026-08-22T17:09:58.962Z
sensor.air_quality_monitor_pressure,964.057983398438,2026-08-22T17:10:58.989Z
sensor.air_quality_monitor_pressure,964.060485839844,2026-08-22T17:11:59.007Z
sensor.air_quality_monitor_pressure,964.096984863281,2026-08-22T17:12:59.023Z
sensor.air_quality_monitor_pressure,964.0869140625,2026-08-22T17:13:59.047Z
sensor.air_quality_monitor_pressure,964.125854492188,2026-08-22T17:14:59.060Z
sensor.air_quality_monitor_pressure,963.520385742188,2026-08-22T17:15:59.077Z
sensor.air_quality_monitor_pressure,964.056518554688,2026-08-22T17:16:59.101Z
sensor.air_quality_monitor_pressure,964.148498535156,2026-08-22T17:17:59.126Z
sensor.air_quality_monitor_pressure,964.137268066406,2026-08-22T17:18:59.146Z
sensor.air_quality_monitor_pressure,964.13720703125,2026-08-22T17:19:59.165Z
sensor.air_quality_monitor_pressure,964.134704589844,2026-08-22T17:20:59.191Z
sensor.air_quality_monitor_pressure,964.153503417969,2026-08-22T17:21:59.205Z
sensor.air_quality_monitor_pressure,964.198852539062,2026-08-22T17:22:59.231Z
sensor.air_quality_monitor_pressure,964.177429199219,2026-08-22T17:23:59.246Z
sensor.air_quality_monitor_pressure,964.176208496094,2026-08-22T17:24:59.268Z
sensor.air_quality_monitor_pressure,964.196411132812,2026-08-22T17:25:59.284Z
sensor.air_quality_monitor_pressure,964.188842773438,2026-08-22T17:26:59.316Z
sensor.air_quality_monitor_pressure,964.229187011719,2026-08-22T17:27:59.336Z
sensor.air_quality_monitor_pressure,964.261962890625,2026-08-22T17:28:59.342Z
sensor.air_quality_monitor_pressure,964.20654296875,2026-08-22T17:29:59.366Z
sensor.air_quality_monitor_pressure,964.28466796875,2026-08-22T17:30:59.380Z
sensor.air_quality_monitor_pressure,964.295959472656,2026-08-22T17:31:59.397Z
sensor.air_quality_monitor_pressure,964.303527832031,2026-08-22T17:32:59.407Z
sensor.air_quality_monitor_pressure,964.297241210938,2026-08-22T17:33:59.416Z
sensor.air_quality_monitor_pressure,964.256958007812,2026-08-22T17:34:59.433Z
sensor.air_quality_monitor_pressure,964.289733886719,2026-08-22T17:35:59.452Z
sensor.air_quality_monitor_pressure,964.190124511719,2026-08-22T17:36:59.474Z
sensor.air_quality_monitor_pressure,964.240539550781,2026-08-22T17:37:59.486Z
sensor.air_quality_monitor_pressure,964.268188476562,2026-08-22T17:38:59.512Z
sensor.air_quality_monitor_pressure,964.191284179688,2026-08-22T17:39:59.532Z
sensor.air_quality_monitor_pressure,964.24169921875,2026-08-22T17:40:59.544Z
sensor.air_quality_monitor_pressure,964.256713867188,2026-08-22T17:41:59.576Z
sensor.air_quality_monitor_pressure,962.743896484375,2026-08-22T17:42:59.601Z
sensor.air_quality_monitor_pressure,964.22021484375,2026-08-22T17:43:59.626Z
sensor.air_quality_monitor_pressure,964.260498046875,2026-08-22T17:44:59.648Z
sensor.air_quality_monitor_pressure,964.222717285156,2026-08-22T17:45:59.677Z
sensor.air_quality_monitor_pressure,964.30078125,2026-08-22T17:46:59.691Z
sensor.air_quality_monitor_pressure,964.273071289062,2026-08-22T17:47:59.708Z
sensor.air_quality_monitor_pressure,964.243957519531,2026-08-22T17:48:59.725Z
sensor.air_quality_monitor_pressure,964.290344238281,2026-08-22T17:49:59.747Z
sensor.air_quality_monitor_pressure,964.238647460938,2026-08-22T17:50:59.773Z
sensor.air_quality_monitor_pressure,964.316528320312,2026-08-22T17:51:59.795Z
sensor.air_quality_monitor_pressure,964.306396484375,2026-08-22T17:52:59.818Z
sensor.air_quality_monitor_pressure,964.235656738281,2026-08-22T17:53:59.840Z
sensor.air_quality_monitor_pressure,964.356506347656,2026-08-22T17:54:59.867Z
sensor.air_quality_monitor_pressure,964.331237792969,2026-08-22T17:55:59.889Z
sensor.air_quality_monitor_pressure,964.371459960938,2026-08-22T17:56:59.894Z
sensor.air_quality_monitor_pressure,964.331237792969,2026-08-22T17:57:59.923Z
sensor.air_quality_monitor_pressure,964.341247558594,2026-08-22T17:58:59.936Z
sensor.air_quality_monitor_pressure,964.3310546875,2026-08-22T17:59:59.957Z
sensor.air_quality_monitor_pressure,964.376525878906,2026-08-22T18:00:59.978Z
sensor.air_quality_monitor_pressure,964.419372558594,2026-08-22T18:02:00.003Z
sensor.air_quality_monitor_pressure,964.384094238281,2026-08-22T18:03:00.020Z
sensor.air_quality_monitor_pressure,964.4609375,2026-08-22T18:04:00.042Z
sensor.air_quality_monitor_pressure,964.371643066406,2026-08-22T18:05:00.066Z
sensor.air_quality_monitor_pressure,964.453369140625,2026-08-22T18:06:00.086Z
sensor.air_quality_monitor_pressure,964.525146484375,2026-08-22T18:07:00.109Z
sensor.air_quality_monitor_pressure,964.545349121094,2026-08-22T18:08:00.139Z
sensor.air_quality_monitor_pressure,964.49755859375,2026-08-22T18:09:00.161Z
sensor.air_quality_monitor_pressure,964.456176757812,2026-08-22T18:10:00.179Z
sensor.air_quality_monitor_pressure,964.46630859375,2026-08-22T18:11:00.196Z
sensor.air_quality_monitor_pressure,964.528198242188,2026-08-22T18:12:00.215Z
sensor.air_quality_monitor_pressure,964.550964355469,2026-08-22T18:13:00.239Z
sensor.air_quality_monitor_pressure,964.511901855469,2026-08-22T18:14:00.250Z
sensor.air_quality_monitor_pressure,964.623901367188,2026-08-22T18:15:00.265Z
sensor.air_quality_monitor_pressure,964.594848632812,2026-08-22T18:16:00.278Z
sensor.air_quality_monitor_pressure,964.621276855469,2026-08-22T18:17:00.306Z
sensor.air_quality_monitor_pressure,964.613586425781,2026-08-22T18:18:00.326Z
sensor.air_quality_monitor_pressure,964.662841796875,2026-08-22T18:19:00.339Z
sensor.air_quality_monitor_pressure,964.706970214844,2026-08-22T18:20:00.367Z
sensor.air_quality_monitor_pressure,964.697082519531,2026-08-22T18:21:00.381Z
sensor.air_quality_monitor_battery_level,unknown,2026-08-22T14:15:00.000Z
sensor.air_quality_monitor_battery_level,46.5600090026855,2026-08-22T14:20:59.977Z
sensor.air_quality_monitor_battery_level,47.182243347168,2026-08-22T14:21:56.641Z
sensor.air_quality_monitor_battery_level,47.9288711547852,2026-08-22T14:23:56.646Z
sensor.air_quality_monitor_battery_level,48.2577667236328,2026-08-22T14:24:56.648Z
sensor.air_quality_monitor_battery_level,48.6755752563477,2026-08-22T14:25:56.650Z
sensor.air_quality_monitor_battery_level,48.8977813720703,2026-08-22T14:26:56.653Z
sensor.air_quality_monitor_battery_level,50.0889205932617,2026-08-22T14:27:56.655Z
sensor.air_quality_monitor_battery_level,50.9511032104492,2026-08-22T14:28:56.660Z
sensor.air_quality_monitor_battery_level,51.7422370910645,2026-08-22T14:29:56.665Z
sensor.air_quality_monitor_battery_level,52.3466873168945,2026-08-22T14:30:56.667Z
sensor.air_quality_monitor_battery_level,53.4933395385742,2026-08-22T14:31:56.669Z
sensor.air_quality_monitor_battery_level,54.1688995361328,2026-08-22T14:32:56.679Z
sensor.air_quality_monitor_battery_level,54.6577758789062,2026-08-22T14:33:56.680Z
sensor.air_quality_monitor_battery_level,55.8666572570801,2026-08-22T14:34:56.682Z
sensor.air_quality_monitor_battery_level,56.9511070251465,2026-08-22T14:35:56.688Z
sensor.air_quality_monitor_battery_level,57.3955574035645,2026-08-22T14:36:56.690Z
sensor.air_quality_monitor_battery_level,57.6177635192871,2026-08-22T14:37:56.692Z
sensor.air_quality_monitor_battery_level,58.0266723632812,2026-08-22T14:38:56.699Z
sensor.air_quality_monitor_battery_level,59.5911140441895,2026-08-22T14:39:56.701Z
sensor.air_quality_monitor_battery_level,59.9911003112793,2026-08-22T14:40:56.713Z
sensor.air_quality_monitor_battery_level,60.2222480773926,2026-08-22T14:41:56.762Z
sensor.air_quality_monitor_battery_level,60.5155639648438,2026-08-22T14:42:56.812Z
sensor.air_quality_monitor_battery_level,60.8177795410156,2026-08-22T14:43:56.830Z
sensor.air_quality_monitor_battery_level,61.5378036499023,2026-08-22T14:44:56.863Z
sensor.air_quality_monitor_battery_level,62.8266716003418,2026-08-22T14:45:56.879Z
sensor.air_quality_monitor_battery_level,63.0399971008301,2026-08-22T14:46:56.881Z
sensor.air_quality_monitor_battery_level,63.1999969482422,2026-08-22T14:47:56.882Z
sensor.air_quality_monitor_battery_level,63.4933128356934,2026-08-22T14:48:56.936Z
sensor.air_quality_monitor_battery_level,64.3733367919922,2026-08-22T14:49:56.947Z
sensor.air_quality_monitor_battery_level,65.8044586181641,2026-08-22T14:50:56.956Z
sensor.air_quality_monitor_battery_level,66.488899230957,2026-08-22T14:51:56.982Z
sensor.air_quality_monitor_battery_level,67.1199722290039,2026-08-22T14:52:56.999Z
sensor.air_quality_monitor_battery_level,68.8000106811523,2026-08-22T14:53:57.019Z
sensor.air_quality_monitor_battery_level,68.9777755737305,2026-08-22T14:54:57.039Z
sensor.air_quality_monitor_battery_level,69.9022445678711,2026-08-22T14:55:57.047Z
sensor.air_quality_monitor_battery_level,71.0666809082031,2026-08-22T14:56:57.054Z
sensor.air_quality_monitor_battery_level,71.6889114379883,2026-08-22T14:57:57.069Z
sensor.air_quality_monitor_battery_level,71.8044662475586,2026-08-22T14:58:57.096Z
sensor.air_quality_monitor_battery_level,71.902214050293,2026-08-22T14:59:57.114Z
sensor.air_quality_monitor_battery_level,72.0889205932617,2026-08-22T15:00:57.119Z
sensor.air_quality_monitor_battery_level,72.1333236694336,2026-08-22T15:01:57.131Z
sensor.air_quality_monitor_battery_level,72.1688842773438,2026-08-22T15:02:57.137Z
sensor.air_quality_monitor_battery_level,72.3111267089844,2026-08-22T15:03:57.143Z
sensor.air_quality_monitor_battery_level,72.4355392456055,2026-08-22T15:04:57.174Z
sensor.air_quality_monitor_battery_level,73.8311233520508,2026-08-22T15:05:57.185Z
sensor.air_quality_monitor_battery_level,74.5777893066406,2026-08-22T15:06:57.191Z
sensor.air_quality_monitor_battery_level,74.6755599975586,2026-08-22T15:07:57.208Z
sensor.air_quality_monitor_battery_level,74.8088989257812,2026-08-22T15:08:57.217Z
sensor.air_quality_monitor_battery_level,74.8889083862305,2026-08-22T15:09:57.223Z
sensor.air_quality_monitor_battery_level,75.0666656494141,2026-08-22T15:10:57.225Z
sensor.air_quality_monitor_battery_level,75.3511199951172,2026-08-22T15:11:57.237Z
sensor.air_quality_monitor_battery_level,75.6800003051758,2026-08-22T15:12:57.258Z
sensor.air_quality_monitor_battery_level,77.5466995239258,2026-08-22T15:13:57.275Z
sensor.air_quality_monitor_battery_level,77.9911117553711,2026-08-22T15:14:57.277Z
sensor.air_quality_monitor_battery_level,78.0533142089844,2026-08-22T15:15:57.313Z
sensor.air_quality_monitor_battery_level,78.3466720581055,2026-08-22T15:16:57.319Z
sensor.air_quality_monitor_battery_level,78.5866394042969,2026-08-22T15:17:57.327Z
sensor.air_quality_monitor_battery_level,79.9466781616211,2026-08-22T15:18:57.350Z
sensor.air_quality_monitor_battery_level,80.933349609375,2026-08-22T15:19:57.358Z
sensor.air_quality_monitor_battery_level,81.0489044189453,2026-08-22T15:20:57.368Z
sensor.air_quality_monitor_battery_level,81.2800140380859,2026-08-22T15:21:57.392Z
sensor.air_quality_monitor_battery_level,81.4933166503906,2026-08-22T15:22:57.402Z
sensor.air_quality_monitor_battery_level,81.7244644165039,2026-08-22T15:23:57.414Z
sensor.air_quality_monitor_battery_level,82.8800201416016,2026-08-22T15:24:57.419Z
sensor.air_quality_monitor_battery_level,83.7955474853516,2026-08-22T15:25:57.429Z
sensor.air_quality_monitor_battery_level,83.9288635253906,2026-08-22T15:26:57.443Z
sensor.air_quality_monitor_battery_level,84.1511077880859,2026-08-22T15:27:57.450Z
sensor.air_quality_monitor_battery_level,84.3378295898438,2026-08-22T15:28:57.452Z
sensor.air_quality_monitor_battery_level,84.6577911376953,2026-08-22T15:29:57.455Z
sensor.air_quality_monitor_battery_level,85.795524597168,2026-08-22T15:30:57.459Z
sensor.air_quality_monitor_battery_level,86.4622192382812,2026-08-22T15:31:57.464Z
sensor.air_quality_monitor_battery_level,86.8000183105469,2026-08-22T15:32:57.482Z
sensor.air_quality_monitor_battery_level,86.8622055053711,2026-08-22T15:33:57.498Z
sensor.air_quality_monitor_battery_level,86.9510955810547,2026-08-22T15:34:57.517Z
sensor.air_quality_monitor_battery_level,87.2444686889648,2026-08-22T15:35:57.535Z
sensor.air_quality_monitor_battery_level,87.4488754272461,2026-08-22T15:36:57.576Z
sensor.air_quality_monitor_battery_level,88.2577896118164,2026-08-22T15:37:57.588Z
sensor.air_quality_monitor_battery_level,89.5733413696289,2026-08-22T15:38:57.598Z
sensor.air_quality_monitor_battery_level,89.7511215209961,2026-08-22T15:39:57.606Z
sensor.air_quality_monitor_battery_level,89.857780456543,2026-08-22T15:40:57.615Z
sensor.air_quality_monitor_battery_level,90.0266571044922,2026-08-22T15:41:57.620Z
sensor.air_quality_monitor_battery_level,90.097785949707,2026-08-22T15:42:57.628Z
sensor.air_quality_monitor_battery_level,90.1333465576172,2026-08-22T15:43:57.637Z
sensor.air_quality_monitor_battery_level,90.5244750976562,2026-08-22T15:44:57.679Z
sensor.air_quality_monitor_battery_level,90.5866622924805,2026-08-22T15:45:57.698Z
sensor.air_quality_monitor_battery_level,91.1022415161133,2026-08-22T15:46:57.704Z
sensor.air_quality_monitor_battery_level,92.2755813598633,2026-08-22T15:47:57.707Z
sensor.air_quality_monitor_battery_level,92.5600128173828,2026-08-22T15:48:57.714Z
sensor.air_quality_monitor_battery_level,92.6489028930664,2026-08-22T15:49:57.726Z
sensor.air_quality_monitor_battery_level,92.6844253540039,2026-08-22T15:50:57.742Z
sensor.air_quality_monitor_battery_level,92.8000183105469,2026-08-22T15:52:57.768Z
sensor.air_quality_monitor_battery_level,93.0311279296875,2026-08-22T15:53:57.795Z
sensor.air_quality_monitor_battery_level,93.0400314331055,2026-08-22T15:54:57.823Z
sensor.air_quality_monitor_battery_level,93.1733474731445,2026-08-22T15:55:57.831Z
sensor.air_quality_monitor_battery_level,93.2266693115234,2026-08-22T15:56:57.836Z
sensor.air_quality_monitor_battery_level,93.466682434082,2026-08-22T15:57:57.843Z
sensor.air_quality_monitor_battery_level,93.5022048950195,2026-08-22T15:58:57.864Z
sensor.air_quality_monitor_battery_level,93.8400039672852,2026-08-22T16:00:57.878Z
sensor.air_quality_monitor_battery_level,93.9733581542969,2026-08-22T16:01:57.885Z
sensor.air_quality_monitor_battery_level,94.0177841186523,2026-08-22T16:02:57.891Z
sensor.air_quality_monitor_battery_level,94.3466796875,2026-08-22T16:03:57.893Z
sensor.air_quality_monitor_battery_level,95.0133438110352,2026-08-22T16:04:57.901Z
sensor.air_quality_monitor_battery_level,95.0489044189453,2026-08-22T16:05:57.907Z
sensor.air_quality_monitor_battery_level,95.1022338867188,2026-08-22T16:06:57.911Z
sensor.air_quality_monitor_battery_level,95.5377807617188,2026-08-22T16:07:57.921Z
sensor.air_quality_monitor_battery_level,95.6000061035156,2026-08-22T16:09:57.956Z
sensor.air_quality_monitor_battery_level,95.8044891357422,2026-08-22T16:10:57.961Z
sensor.air_quality_monitor_battery_level,95.8133544921875,2026-08-22T16:11:57.975Z
sensor.air_quality_monitor_battery_level,95.8400192260742,2026-08-22T16:12:57.981Z
sensor.air_quality_monitor_battery_level,95.8666763305664,2026-08-22T16:13:57.990Z
sensor.air_quality_monitor_battery_level,95.9111022949219,2026-08-22T16:18:58.043Z
sensor.air_quality_monitor_battery_level,95.9288711547852,2026-08-22T16:19:58.062Z
sensor.air_quality_monitor_battery_level,95.9999923706055,2026-08-22T16:21:58.081Z
sensor.air_quality_monitor_battery_level,96.0444641113281,2026-08-22T16:23:58.117Z
sensor.air_quality_monitor_battery_level,96.097785949707,2026-08-22T16:24:58.141Z
sensor.air_quality_monitor_battery_level,96.0444641113281,2026-08-22T16:25:58.157Z
sensor.air_quality_monitor_battery_level,95.9822311401367,2026-08-22T16:26:58.173Z
sensor.air_quality_monitor_battery_level,95.8755416870117,2026-08-22T16:27:58.182Z
sensor.air_quality_monitor_battery_level,95.8133544921875,2026-08-22T16:28:58.203Z
sensor.air_quality_monitor_battery_level,95.8044891357422,2026-08-22T16:29:58.217Z
sensor.air_quality_monitor_battery_level,95.7422256469727,2026-08-22T16:30:58.246Z
sensor.air_quality_monitor_battery_level,95.6977996826172,2026-08-22T16:32:58.269Z
sensor.air_quality_monitor_battery_level,95.6533355712891,2026-08-22T16:33:58.294Z
sensor.air_quality_monitor_battery_level,95.6089096069336,2026-08-22T16:35:58.349Z
sensor.air_quality_monitor_battery_level,95.4666900634766,2026-08-22T16:37:58.387Z
sensor.air_quality_monitor_battery_level,95.413330078125,2026-08-22T16:38:58.407Z
sensor.air_quality_monitor_battery_level,95.3244781494141,2026-08-22T16:39:58.422Z
sensor.air_quality_monitor_battery_level,95.2977752685547,2026-08-22T16:40:58.437Z
sensor.air_quality_monitor_battery_level,95.0044784545898,2026-08-22T16:41:58.455Z
sensor.air_quality_monitor_battery_level,94.6933059692383,2026-08-22T16:42:58.471Z
sensor.air_quality_monitor_battery_level,94.7911376953125,2026-08-22T16:43:58.487Z
sensor.air_quality_monitor_battery_level,94.6933059692383,2026-08-22T16:44:58.508Z
sensor.air_quality_monitor_battery_level,94.7911376953125,2026-08-22T16:45:58.534Z
sensor.air_quality_monitor_battery_level,94.8711624145508,2026-08-22T16:46:58.540Z
sensor.air_quality_monitor_battery_level,94.82666015625,2026-08-22T16:48:58.585Z
sensor.air_quality_monitor_battery_level,94.3555450439453,2026-08-22T16:51:58.646Z
sensor.air_quality_monitor_battery_level,94.1511383056641,2026-08-22T16:54:58.708Z
sensor.air_quality_monitor_battery_level,93.9733581542969,2026-08-22T16:56:58.747Z
sensor.air_quality_monitor_battery_level,93.8844299316406,2026-08-22T16:57:58.762Z
sensor.air_quality_monitor_battery_level,93.7599716186523,2026-08-22T16:59:58.801Z
sensor.air_quality_monitor_battery_level,93.7777786254883,2026-08-22T17:01:58.829Z
sensor.air_quality_monitor_battery_level,93.7066879272461,2026-08-22T17:03:58.874Z
sensor.air_quality_monitor_battery_level,93.7155914306641,2026-08-22T17:05:58.891Z
sensor.air_quality_monitor_battery_level,93.7511138916016,2026-08-22T17:06:58.897Z
sensor.air_quality_monitor_battery_level,93.8577651977539,2026-08-22T17:07:58.911Z
sensor.air_quality_monitor_battery_level,93.7511138916016,2026-08-22T17:08:58.939Z
sensor.air_quality_monitor_battery_level,93.7866744995117,2026-08-22T17:09:58.962Z
sensor.air_quality_monitor_battery_level,93.7599716186523,2026-08-22T17:10:58.988Z
sensor.air_quality_monitor_battery_level,93.7866744995117,2026-08-22T17:11:59.006Z
sensor.air_quality_monitor_battery_level,93.7599716186523,2026-08-22T17:12:59.022Z
sensor.air_quality_monitor_battery_level,93.5911331176758,2026-08-22T17:13:59.046Z
sensor.air_quality_monitor_battery_level,93.6266555786133,2026-08-22T17:15:59.077Z
sensor.air_quality_monitor_battery_level,93.5999984741211,2026-08-22T17:17:59.125Z
sensor.air_quality_monitor_battery_level,93.573371887207,2026-08-22T17:20:59.191Z
sensor.air_quality_monitor_battery_level,93.4844436645508,2026-08-22T17:22:59.230Z
sensor.air_quality_monitor_battery_level,93.5822296142578,2026-08-22T17:23:59.246Z
sensor.air_quality_monitor_battery_level,93.4844436645508,2026-08-22T17:24:59.267Z
sensor.air_quality_monitor_battery_level,93.5822296142578,2026-08-22T17:25:59.284Z
sensor.air_quality_monitor_battery_level,93.6266555786133,2026-08-22T17:26:59.315Z
sensor.air_quality_monitor_battery_level,93.6978225708008,2026-08-22T17:27:59.336Z
sensor.air_quality_monitor_battery_level,93.5378036499023,2026-08-22T17:29:59.365Z
sensor.air_quality_monitor_battery_level,93.5022048950195,2026-08-22T17:30:59.379Z
sensor.air_quality_monitor_battery_level,93.4489135742188,2026-08-22T17:32:59.407Z
sensor.air_quality_monitor_battery_level,93.5466690063477,2026-08-22T17:33:59.415Z
sensor.air_quality_monitor_battery_level,93.3511276245117,2026-08-22T17:36:59.474Z
sensor.air_quality_monitor_battery_level,93.3777923583984,2026-08-22T17:39:59.531Z
sensor.air_quality_monitor_battery_level,93.3866500854492,2026-08-22T17:40:59.544Z
sensor.air_quality_monitor_battery_level,93.4755783081055,2026-08-22T17:41:59.575Z
sensor.air_quality_monitor_battery_level,93.5378036499023,2026-08-22T17:42:59.601Z
sensor.air_quality_monitor_battery_level,93.5822296142578,2026-08-22T17:43:59.625Z
sensor.air_quality_monitor_battery_level,93.3688888549805,2026-08-22T17:45:59.677Z
sensor.air_quality_monitor_battery_level,93.3599853515625,2026-08-22T17:46:59.691Z
sensor.air_quality_monitor_battery_level,93.3866500854492,2026-08-22T17:49:59.747Z
sensor.air_quality_monitor_battery_level,93.4400177001953,2026-08-22T17:50:59.772Z
sensor.air_quality_monitor_battery_level,93.4578170776367,2026-08-22T17:52:59.818Z
sensor.air_quality_monitor_battery_level,93.4222106933594,2026-08-22T17:53:59.839Z
sensor.air_quality_monitor_battery_level,93.4578170776367,2026-08-22T17:54:59.866Z
sensor.air_quality_monitor_battery_level,93.3422241210938,2026-08-22T17:55:59.889Z
sensor.air_quality_monitor_battery_level,93.4044494628906,2026-08-22T17:56:59.894Z
sensor.air_quality_monitor_battery_level,93.3866500854492,2026-08-22T17:57:59.922Z
sensor.air_quality_monitor_battery_level,93.4044494628906,2026-08-22T17:58:59.935Z
sensor.air_quality_monitor_battery_level,93.3866500854492,2026-08-22T17:59:59.957Z
sensor.air_quality_monitor_battery_level,93.333366394043,2026-08-22T18:00:59.977Z
sensor.air_quality_monitor_battery_level,93.315559387207,2026-08-22T18:02:00.002Z
sensor.air_quality_monitor_battery_level,93.2799987792969,2026-08-22T18:03:00.019Z
sensor.air_quality_monitor_battery_level,93.315559387207,2026-08-22T18:04:00.042Z
sensor.air_quality_monitor_battery_level,93.2621917724609,2026-08-22T18:05:00.065Z
sensor.air_quality_monitor_battery_level,93.315559387207,2026-08-22T18:06:00.086Z
sensor.air_quality_monitor_battery_level,93.3955535888672,2026-08-22T18:08:00.139Z
sensor.air_quality_monitor_battery_level,93.4400177001953,2026-08-22T18:09:00.161Z
sensor.air_quality_monitor_battery_level,93.4489135742188,2026-08-22T18:11:00.195Z
sensor.air_quality_monitor_battery_level,93.3866500854492,2026-08-22T18:12:00.214Z
sensor.air_quality_monitor_battery_level,93.2444305419922,2026-08-22T18:13:00.239Z
sensor.air_quality_monitor_battery_level,93.2888946533203,2026-08-22T18:15:00.264Z
sensor.air_quality_monitor_battery_level,93.2977981567383,2026-08-22T18:16:00.278Z
sensor.air_quality_monitor_battery_level,93.3688888549805,2026-08-22T18:17:00.306Z
sensor.air_quality_monitor_battery_level,93.4311141967773,2026-08-22T18:18:00.326Z
sensor.air_quality_monitor_battery_level,93.3422241210938,2026-08-22T18:20:00.366Z
sensor.air_quality_monitor_battery_voltage,2.93834662437439,2026-08-22T14:15:00.000Z
sensor.air_quality_monitor_battery_voltage,3.55872011184692,2026-08-22T14:20:59.977Z
sensor.air_quality_monitor_battery_voltage,3.56618690490723,2026-08-22T14:21:55.318Z
sensor.air_quality_monitor_battery_voltage,3.57514643669128,2026-08-22T14:23:55.329Z
sensor.air_quality_monitor_battery_voltage,3.57909321784973,2026-08-22T14:24:55.330Z
sensor.air_quality_monitor_battery_voltage,3.58410692214966,2026-08-22T14:25:55.332Z
sensor.air_quality_monitor_battery_voltage,3.58677339553833,2026-08-22T14:26:55.335Z
sensor.air_quality_monitor_battery_voltage,3.60106706619263,2026-08-22T14:27:55.338Z
sensor.air_quality_monitor_battery_voltage,3.61141324043274,2026-08-22T14:28:55.344Z
sensor.air_quality_monitor_battery_voltage,3.62090682983398,2026-08-22T14:29:55.370Z
sensor.air_quality_monitor_battery_voltage,3.62816023826599,2026-08-22T14:30:55.405Z
sensor.air_quality_monitor_battery_voltage,3.64192008972168,2026-08-22T14:31:55.416Z
sensor.air_quality_monitor_battery_voltage,3.65002679824829,2026-08-22T14:32:55.445Z
sensor.air_quality_monitor_battery_voltage,3.65589332580566,2026-08-22T14:33:55.461Z
sensor.air_quality_monitor_battery_voltage,3.6703999042511,2026-08-22T14:34:55.491Z
sensor.air_quality_monitor_battery_voltage,3.68341326713562,2026-08-22T14:35:55.534Z
sensor.air_quality_monitor_battery_voltage,3.68874669075012,2026-08-22T14:36:55.572Z
sensor.air_quality_monitor_battery_voltage,3.69141316413879,2026-08-22T14:37:55.617Z
sensor.air_quality_monitor_battery_voltage,3.69632005691528,2026-08-22T14:38:55.658Z
sensor.air_quality_monitor_battery_voltage,3.71509337425232,2026-08-22T14:39:55.680Z
sensor.air_quality_monitor_battery_voltage,3.71989321708679,2026-08-22T14:40:55.715Z
sensor.air_quality_monitor_battery_voltage,3.72266697883606,2026-08-22T14:41:55.760Z
sensor.air_quality_monitor_battery_voltage,3.72618675231934,2026-08-22T14:42:55.812Z
sensor.air_quality_monitor_battery_voltage,3.72981333732605,2026-08-22T14:43:55.830Z
sensor.air_quality_monitor_battery_voltage,3.73845362663269,2026-08-22T14:44:55.870Z
sensor.air_quality_monitor_battery_voltage,3.75392007827759,2026-08-22T14:45:55.879Z
sensor.air_quality_monitor_battery_voltage,3.7564799785614,2026-08-22T14:46:55.881Z
sensor.air_quality_monitor_battery_voltage,3.75839996337891,2026-08-22T14:47:55.882Z
sensor.air_quality_monitor_battery_voltage,3.76191973686218,2026-08-22T14:48:55.937Z
sensor.air_quality_monitor_battery_voltage,3.77248001098633,2026-08-22T14:49:55.947Z
sensor.air_quality_monitor_battery_voltage,3.78965353965759,2026-08-22T14:50:55.959Z
sensor.air_quality_monitor_battery_voltage,3.79786682128906,2026-08-22T14:51:55.983Z
sensor.air_quality_monitor_battery_voltage,3.80543971061707,2026-08-22T14:52:55.998Z
sensor.air_quality_monitor_battery_voltage,3.82560014724731,2026-08-22T14:53:56.019Z
sensor.air_quality_monitor_battery_voltage,3.82773327827454,2026-08-22T14:54:56.038Z
sensor.air_quality_monitor_battery_voltage,3.83882689476013,2026-08-22T14:55:56.047Z
sensor.air_quality_monitor_battery_voltage,3.85280013084412,2026-08-22T14:56:56.053Z
sensor.air_quality_monitor_battery_voltage,3.86026692390442,2026-08-22T14:57:56.068Z
sensor.air_quality_monitor_battery_voltage,3.86165356636047,2026-08-22T14:58:56.096Z
sensor.air_quality_monitor_battery_voltage,3.86282658576965,2026-08-22T14:59:56.114Z
sensor.air_quality_monitor_battery_voltage,3.86506700515747,2026-08-22T15:00:56.118Z
sensor.air_quality_monitor_battery_voltage,3.86559987068176,2026-08-22T15:01:56.132Z
sensor.air_quality_monitor_battery_voltage,3.86602663993835,2026-08-22T15:02:56.137Z
sensor.air_quality_monitor_battery_voltage,3.86773347854614,2026-08-22T15:03:56.143Z
sensor.air_quality_monitor_battery_voltage,3.86922645568848,2026-08-22T15:04:56.172Z
sensor.air_quality_monitor_battery_voltage,3.88597345352173,2026-08-22T15:05:56.183Z
sensor.air_quality_monitor_battery_voltage,3.89493346214294,2026-08-22T15:06:56.197Z
sensor.air_quality_monitor_battery_voltage,3.8961067199707,2026-08-22T15:07:56.214Z
sensor.air_quality_monitor_battery_voltage,3.89770674705505,2026-08-22T15:08:56.216Z
sensor.air_quality_monitor_battery_voltage,3.8986668586731,2026-08-22T15:09:56.222Z
sensor.air_quality_monitor_battery_voltage,3.90079998970032,2026-08-22T15:10:56.228Z
sensor.air_quality_monitor_battery_voltage,3.90421342849731,2026-08-22T15:11:56.240Z
sensor.air_quality_monitor_battery_voltage,3.90815997123718,2026-08-22T15:12:56.270Z
sensor.air_quality_monitor_battery_voltage,3.93056035041809,2026-08-22T15:13:56.285Z
sensor.air_quality_monitor_battery_voltage,3.93589329719543,2026-08-22T15:14:56.291Z
sensor.air_quality_monitor_battery_voltage,3.9366397857666,2026-08-22T15:15:56.320Z
sensor.air_quality_monitor_battery_voltage,3.94016003608704,2026-08-22T15:16:56.330Z
sensor.air_quality_monitor_battery_voltage,3.94303965568542,2026-08-22T15:17:56.336Z
sensor.air_quality_monitor_battery_voltage,3.95936012268066,2026-08-22T15:18:56.363Z
sensor.air_quality_monitor_battery_voltage,3.97120022773743,2026-08-22T15:19:56.369Z
sensor.air_quality_monitor_battery_voltage,3.97258687019348,2026-08-22T15:20:56.378Z
sensor.air_quality_monitor_battery_voltage,3.97536015510559,2026-08-22T15:21:56.402Z
sensor.air_quality_monitor_battery_voltage,3.97791981697083,2026-08-22T15:22:56.411Z
sensor.air_quality_monitor_battery_voltage,3.98069357872009,2026-08-22T15:23:56.426Z
sensor.air_quality_monitor_battery_voltage,3.99456024169922,2026-08-22T15:24:56.429Z
sensor.air_quality_monitor_battery_voltage,4.00554656982422,2026-08-22T15:25:56.442Z
sensor.air_quality_monitor_battery_voltage,4.00714635848999,2026-08-22T15:26:56.452Z
sensor.air_quality_monitor_battery_voltage,4.00981330871582,2026-08-22T15:27:56.459Z
sensor.air_quality_monitor_battery_voltage,4.01205396652222,2026-08-22T15:28:56.462Z
sensor.air_quality_monitor_battery_voltage,4.01589345932007,2026-08-22T15:29:56.465Z
sensor.air_quality_monitor_battery_voltage,4.02954626083374,2026-08-22T15:30:56.469Z
sensor.air_quality_monitor_battery_voltage,4.03754663467407,2026-08-22T15:31:56.473Z
sensor.air_quality_monitor_battery_voltage,4.04160022735596,2026-08-22T15:32:56.492Z
sensor.air_quality_monitor_battery_voltage,4.04234647750854,2026-08-22T15:33:56.509Z
sensor.air_quality_monitor_battery_voltage,4.04341316223145,2026-08-22T15:34:56.528Z
sensor.air_quality_monitor_battery_voltage,4.04693365097046,2026-08-22T15:35:56.532Z
sensor.air_quality_monitor_battery_voltage,4.04938650131226,2026-08-22T15:36:56.586Z
sensor.air_quality_monitor_battery_voltage,4.0590934753418,2026-08-22T15:37:56.598Z
sensor.air_quality_monitor_battery_voltage,4.07488012313843,2026-08-22T15:38:56.607Z
sensor.air_quality_monitor_battery_voltage,4.07701349258423,2026-08-22T15:39:56.616Z
sensor.air_quality_monitor_battery_voltage,4.07829332351685,2026-08-22T15:40:56.623Z
sensor.air_quality_monitor_battery_voltage,4.08031988143921,2026-08-22T15:41:56.631Z
sensor.air_quality_monitor_battery_voltage,4.08117341995239,2026-08-22T15:42:56.639Z
sensor.air_quality_monitor_battery_voltage,4.08160018920898,2026-08-22T15:43:56.648Z
sensor.air_quality_monitor_battery_voltage,4.08629369735718,2026-08-22T15:44:56.691Z
sensor.air_quality_monitor_battery_voltage,4.08703994750977,2026-08-22T15:45:56.709Z
sensor.air_quality_monitor_battery_voltage,4.09322690963745,2026-08-22T15:46:56.713Z
sensor.air_quality_monitor_battery_voltage,4.10730695724487,2026-08-22T15:47:56.716Z
sensor.air_quality_monitor_battery_voltage,4.11072015762329,2026-08-22T15:48:56.724Z
sensor.air_quality_monitor_battery_voltage,4.11178684234619,2026-08-22T15:49:56.736Z
sensor.air_quality_monitor_battery_voltage,4.11221313476562,2026-08-22T15:50:56.751Z
sensor.air_quality_monitor_battery_voltage,4.11360025405884,2026-08-22T15:52:56.777Z
sensor.air_quality_monitor_battery_voltage,4.11637353897095,2026-08-22T15:53:56.805Z
sensor.air_quality_monitor_battery_voltage,4.11648035049438,2026-08-22T15:54:56.833Z
sensor.air_quality_monitor_battery_voltage,4.11808013916016,2026-08-22T15:55:56.841Z
sensor.air_quality_monitor_battery_voltage,4.11872005462646,2026-08-22T15:56:56.846Z
sensor.air_quality_monitor_battery_voltage,4.12160015106201,2026-08-22T15:57:56.854Z
sensor.air_quality_monitor_battery_voltage,4.12202644348145,2026-08-22T15:58:56.875Z
sensor.air_quality_monitor_battery_voltage,4.12608003616333,2026-08-22T16:00:56.888Z
sensor.air_quality_monitor_battery_voltage,4.12768030166626,2026-08-22T16:01:56.890Z
sensor.air_quality_monitor_battery_voltage,4.12821340560913,2026-08-22T16:02:56.895Z
sensor.air_quality_monitor_battery_voltage,4.13216018676758,2026-08-22T16:03:56.898Z
sensor.air_quality_monitor_battery_voltage,4.14016008377075,2026-08-22T16:04:56.909Z
sensor.air_quality_monitor_battery_voltage,4.14058685302734,2026-08-22T16:05:56.921Z
sensor.air_quality_monitor_battery_voltage,4.14122676849365,2026-08-22T16:06:56.926Z
sensor.air_quality_monitor_battery_voltage,4.14645338058472,2026-08-22T16:07:56.933Z
sensor.air_quality_monitor_battery_voltage,4.14720010757446,2026-08-22T16:09:56.964Z
sensor.air_quality_monitor_battery_voltage,4.14965391159058,2026-08-22T16:10:56.971Z
sensor.air_quality_monitor_battery_voltage,4.14976024627686,2026-08-22T16:11:56.981Z
sensor.air_quality_monitor_battery_voltage,4.15008020401001,2026-08-22T16:12:56.990Z
sensor.air_quality_monitor_battery_voltage,4.15040016174316,2026-08-22T16:13:57.000Z
sensor.air_quality_monitor_battery_voltage,4.15093326568604,2026-08-22T16:18:57.053Z
sensor.air_quality_monitor_battery_voltage,4.15114641189575,2026-08-22T16:19:57.073Z
sensor.air_quality_monitor_battery_voltage,4.15199995040894,2026-08-22T16:21:57.089Z
sensor.air_quality_monitor_battery_voltage,4.15253353118896,2026-08-22T16:23:57.126Z
sensor.air_quality_monitor_battery_voltage,4.15317344665527,2026-08-22T16:24:57.151Z
sensor.air_quality_monitor_battery_voltage,4.15253353118896,2026-08-22T16:25:57.167Z
sensor.air_quality_monitor_battery_voltage,4.15178680419922,2026-08-22T16:26:57.181Z
sensor.air_quality_monitor_battery_voltage,4.15050649642944,2026-08-22T16:27:57.191Z
sensor.air_quality_monitor_battery_voltage,4.14976024627686,2026-08-22T16:28:57.211Z
sensor.air_quality_monitor_battery_voltage,4.14965391159058,2026-08-22T16:29:57.226Z
sensor.air_quality_monitor_battery_voltage,4.14890670776367,2026-08-22T16:30:57.256Z
sensor.air_quality_monitor_battery_voltage,4.1483736038208,2026-08-22T16:32:57.279Z
sensor.air_quality_monitor_battery_voltage,4.14784002304077,2026-08-22T16:33:57.302Z
sensor.air_quality_monitor_battery_voltage,4.1473069190979,2026-08-22T16:35:57.359Z
sensor.air_quality_monitor_battery_voltage,4.14560031890869,2026-08-22T16:37:57.397Z
sensor.air_quality_monitor_battery_voltage,4.14495992660522,2026-08-22T16:38:57.404Z
sensor.air_quality_monitor_battery_voltage,4.14389371871948,2026-08-22T16:39:57.432Z
sensor.air_quality_monitor_battery_voltage,4.14357328414917,2026-08-22T16:40:57.446Z
sensor.air_quality_monitor_battery_voltage,4.14005374908447,2026-08-22T16:41:57.462Z
sensor.air_quality_monitor_battery_voltage,4.13631963729858,2026-08-22T16:42:57.481Z
sensor.air_quality_monitor_battery_voltage,4.13749361038208,2026-08-22T16:43:57.499Z
sensor.air_quality_monitor_battery_voltage,4.13631963729858,2026-08-22T16:44:57.520Z
sensor.air_quality_monitor_battery_voltage,4.13749361038208,2026-08-22T16:45:57.540Z
sensor.air_quality_monitor_battery_voltage,4.1384539604187,2026-08-22T16:46:57.549Z
sensor.air_quality_monitor_battery_voltage,4.13791990280151,2026-08-22T16:48:57.593Z
sensor.air_quality_monitor_battery_voltage,4.13226652145386,2026-08-22T16:51:57.656Z
sensor.air_quality_monitor_battery_voltage,4.12981367111206,2026-08-22T16:54:57.719Z
sensor.air_quality_monitor_battery_voltage,4.12768030166626,2026-08-22T16:56:57.757Z
sensor.air_quality_monitor_battery_voltage,4.1266131401062,2026-08-22T16:57:57.769Z
sensor.air_quality_monitor_battery_voltage,4.12511968612671,2026-08-22T16:59:57.811Z
sensor.air_quality_monitor_battery_voltage,4.12533330917358,2026-08-22T17:01:57.840Z
sensor.air_quality_monitor_battery_voltage,4.12448024749756,2026-08-22T17:03:57.885Z
sensor.air_quality_monitor_battery_voltage,4.124587059021,2026-08-22T17:05:57.902Z
sensor.air_quality_monitor_battery_voltage,4.12501335144043,2026-08-22T17:06:57.908Z
sensor.air_quality_monitor_battery_voltage,4.12629318237305,2026-08-22T17:07:57.920Z
sensor.air_quality_monitor_battery_voltage,4.12501335144043,2026-08-22T17:08:57.947Z
sensor.air_quality_monitor_battery_voltage,4.12544012069702,2026-08-22T17:09:57.969Z
sensor.air_quality_monitor_battery_voltage,4.12511968612671,2026-08-22T17:10:57.999Z
sensor.air_quality_monitor_battery_voltage,4.12544012069702,2026-08-22T17:11:58.017Z
sensor.air_quality_monitor_battery_voltage,4.12511968612671,2026-08-22T17:12:58.033Z
sensor.air_quality_monitor_battery_voltage,4.1230936050415,2026-08-22T17:13:58.054Z
sensor.air_quality_monitor_battery_voltage,4.12351989746094,2026-08-22T17:15:58.085Z
sensor.air_quality_monitor_battery_voltage,4.12319993972778,2026-08-22T17:17:58.135Z
sensor.air_quality_monitor_battery_voltage,4.12288045883179,2026-08-22T17:20:58.199Z
sensor.air_quality_monitor_battery_voltage,4.12181329727173,2026-08-22T17:22:58.241Z
sensor.air_quality_monitor_battery_voltage,4.12298679351807,2026-08-22T17:23:58.257Z
sensor.air_quality_monitor_battery_voltage,4.12181329727173,2026-08-22T17:24:58.277Z
sensor.air_quality_monitor_battery_voltage,4.12298679351807,2026-08-22T17:25:58.293Z
sensor.air_quality_monitor_battery_voltage,4.12351989746094,2026-08-22T17:26:58.326Z
sensor.air_quality_monitor_battery_voltage,4.12437391281128,2026-08-22T17:27:58.345Z
sensor.air_quality_monitor_battery_voltage,4.1224536895752,2026-08-22T17:29:58.376Z
sensor.air_quality_monitor_battery_voltage,4.12202644348145,2026-08-22T17:30:58.392Z
sensor.air_quality_monitor_battery_voltage,4.12138700485229,2026-08-22T17:32:58.418Z
sensor.air_quality_monitor_battery_voltage,4.12256002426147,2026-08-22T17:33:58.426Z
sensor.air_quality_monitor_battery_voltage,4.12021350860596,2026-08-22T17:36:58.481Z
sensor.air_quality_monitor_battery_voltage,4.12053346633911,2026-08-22T17:39:58.541Z
sensor.air_quality_monitor_battery_voltage,4.12063980102539,2026-08-22T17:40:58.555Z
sensor.air_quality_monitor_battery_voltage,4.12170696258545,2026-08-22T17:41:58.583Z
sensor.air_quality_monitor_battery_voltage,4.1224536895752,2026-08-22T17:42:58.611Z
sensor.air_quality_monitor_battery_voltage,4.12298679351807,2026-08-22T17:43:58.636Z
sensor.air_quality_monitor_battery_voltage,4.12042665481567,2026-08-22T17:45:58.682Z
sensor.air_quality_monitor_battery_voltage,4.12031984329224,2026-08-22T17:46:58.702Z
sensor.air_quality_monitor_battery_voltage,4.12063980102539,2026-08-22T17:49:58.757Z
sensor.air_quality_monitor_battery_voltage,4.12128019332886,2026-08-22T17:50:58.782Z
sensor.air_quality_monitor_battery_voltage,4.12149381637573,2026-08-22T17:52:58.825Z
sensor.air_quality_monitor_battery_voltage,4.12106657028198,2026-08-22T17:53:58.850Z
sensor.air_quality_monitor_battery_voltage,4.12149381637573,2026-08-22T17:54:58.877Z
sensor.air_quality_monitor_battery_voltage,4.12010669708252,2026-08-22T17:55:58.901Z
sensor.air_quality_monitor_battery_voltage,4.12085342407227,2026-08-22T17:56:58.905Z
sensor.air_quality_monitor_battery_voltage,4.12063980102539,2026-08-22T17:57:58.931Z
sensor.air_quality_monitor_battery_voltage,4.12085342407227,2026-08-22T17:58:58.943Z
sensor.air_quality_monitor_battery_voltage,4.12063980102539,2026-08-22T17:59:58.969Z
sensor.air_quality_monitor_battery_voltage,4.12000036239624,2026-08-22T18:00:58.988Z
sensor.air_quality_monitor_battery_voltage,4.11978673934937,2026-08-22T18:01:59.007Z
sensor.air_quality_monitor_battery_voltage,4.11935997009277,2026-08-22T18:02:59.030Z
sensor.air_quality_monitor_battery_voltage,4.11978673934937,2026-08-22T18:03:59.052Z
sensor.air_quality_monitor_battery_voltage,4.1191463470459,2026-08-22T18:04:59.077Z
sensor.air_quality_monitor_battery_voltage,4.11978673934937,2026-08-22T18:05:59.097Z
sensor.air_quality_monitor_battery_voltage,4.12074661254883,2026-08-22T18:07:59.149Z
sensor.air_quality_monitor_battery_voltage,4.12128019332886,2026-08-22T18:08:59.171Z
sensor.air_quality_monitor_battery_voltage,4.12138700485229,2026-08-22T18:10:59.199Z
sensor.air_quality_monitor_battery_voltage,4.12063980102539,2026-08-22T18:11:59.224Z
sensor.air_quality_monitor_battery_voltage,4.11893320083618,2026-08-22T18:12:59.244Z
sensor.air_quality_monitor_battery_voltage,4.11946678161621,2026-08-22T18:14:59.274Z
sensor.air_quality_monitor_battery_voltage,4.11957359313965,2026-08-22T18:15:59.289Z
sensor.air_quality_monitor_battery_voltage,4.12042665481567,2026-08-22T18:16:59.316Z
sensor.air_quality_monitor_battery_voltage,4.12117338180542,2026-08-22T18:17:59.335Z
sensor.air_quality_monitor_battery_voltage,4.12010669708252,2026-08-22T18:19:59.375Z
sensor.air_quality_monitor_charging_duration,0.0,2026-08-22T14:15:00.000Z
sensor.air_quality_monitor_charging_duration,0.976849973201752,2026-08-22T14:26:53.946Z
sensor.air_quality_monitor_charging_duration,1.9768500328064,2026-08-22T14:27:53.949Z
sensor.air_quality_monitor_charging_duration,2.9768500328064,2026-08-22T14:28:53.950Z
sensor.air_quality_monitor_charging_duration,3.9768500328064,2026-08-22T14:29:53.952Z
sensor.air_quality_monitor_charging_duration,4.9768500328064,2026-08-22T14:30:53.954Z
sensor.air_quality_monitor_charging_duration,5.9768500328064,2026-08-22T14:31:53.954Z
sensor.air_quality_monitor_charging_duration,6.9768500328064,2026-08-22T14:32:53.973Z
sensor.air_quality_monitor_charging_duration,7.97693347930908,2026-08-22T14:33:53.966Z
sensor.air_quality_monitor_charging_duration,8.97693347930908,2026-08-22T14:34:53.968Z
sensor.air_quality_monitor_charging_duration,9.97696685791016,2026-08-22T14:35:53.972Z
sensor.air_quality_monitor_charging_duration,10.9769668579102,2026-08-22T14:36:53.974Z
sensor.air_quality_monitor_charging_duration,11.9769668579102,2026-08-22T14:37:53.976Z
sensor.air_quality_monitor_charging_duration,12.9770669937134,2026-08-22T14:38:53.984Z
sensor.air_quality_monitor_charging_duration,13.9770669937134,2026-08-22T14:39:54.001Z
sensor.air_quality_monitor_charging_duration,14.9770832061768,2026-08-22T14:40:53.989Z
sensor.air_quality_monitor_charging_duration,15.9770832061768,2026-08-22T14:41:53.991Z
sensor.air_quality_monitor_charging_duration,16.9771327972412,2026-08-22T14:42:53.997Z
sensor.air_quality_monitor_charging_duration,17.9771671295166,2026-08-22T14:43:54.004Z
sensor.air_quality_monitor_charging_duration,18.9771823883057,2026-08-22T14:44:54.017Z
sensor.air_quality_monitor_charging_duration,19.9771823883057,2026-08-22T14:45:54.006Z
sensor.air_quality_monitor_charging_duration,20.9771823883057,2026-08-22T14:46:54.008Z
sensor.air_quality_monitor_charging_duration,21.9771823883057,2026-08-22T14:47:54.010Z
sensor.air_quality_monitor_charging_duration,22.9771823883057,2026-08-22T14:48:54.012Z
sensor.air_quality_monitor_charging_duration,23.9771823883057,2026-08-22T14:49:54.014Z
sensor.air_quality_monitor_charging_duration,24.9771823883057,2026-08-22T14:50:54.016Z
sensor.air_quality_monitor_charging_duration,25.9771823883057,2026-08-22T14:51:54.018Z
sensor.air_quality_monitor_charging_duration,26.9771823883057,2026-08-22T14:52:54.020Z
sensor.air_quality_monitor_charging_duration,27.9771823883057,2026-08-22T14:53:54.015Z
sensor.air_quality_monitor_charging_duration,28.9772834777832,2026-08-22T14:54:54.039Z
sensor.air_quality_monitor_charging_duration,29.9773330688477,2026-08-22T14:55:54.047Z
sensor.air_quality_monitor_charging_duration,30.9773998260498,2026-08-22T14:56:54.052Z
sensor.air_quality_monitor_charging_duration,31.9775829315186,2026-08-22T14:57:54.068Z
sensor.air_quality_monitor_charging_duration,32.9780502319336,2026-08-22T14:58:54.093Z
sensor.air_quality_monitor_charging_duration,33.9783515930176,2026-08-22T14:59:54.113Z
sensor.air_quality_monitor_charging_duration,34.9783821105957,2026-08-22T15:00:54.120Z
sensor.air_quality_monitor_charging_duration,35.9784507751465,2026-08-22T15:01:54.127Z
sensor.air_quality_monitor_charging_duration,36.9786682128906,2026-08-22T15:02:54.138Z
sensor.air_quality_monitor_charging_duration,37.9786987304688,2026-08-22T15:03:54.143Z
sensor.air_quality_monitor_charging_duration,38.9791488647461,2026-08-22T15:04:54.172Z
sensor.air_quality_monitor_charging_duration,39.9793014526367,2026-08-22T15:05:54.182Z
sensor.air_quality_monitor_charging_duration,40.9794998168945,2026-08-22T15:06:54.196Z
sensor.air_quality_monitor_charging_duration,41.9796981811523,2026-08-22T15:07:54.210Z
sensor.air_quality_monitor_charging_duration,42.9797668457031,2026-08-22T15:08:54.216Z
sensor.air_quality_monitor_charging_duration,43.979850769043,2026-08-22T15:09:54.222Z
sensor.air_quality_monitor_charging_duration,44.979866027832,2026-08-22T15:10:54.226Z
sensor.air_quality_monitor_charging_duration,45.9799499511719,2026-08-22T15:11:54.240Z
sensor.air_quality_monitor_charging_duration,46.9804344177246,2026-08-22T15:12:54.270Z
sensor.air_quality_monitor_charging_duration,47.9806175231934,2026-08-22T15:13:54.284Z
sensor.air_quality_monitor_charging_duration,48.9806518554688,2026-08-22T15:14:54.289Z
sensor.air_quality_monitor_charging_duration,49.9811668395996,2026-08-22T15:15:54.323Z
sensor.air_quality_monitor_charging_duration,50.9812660217285,2026-08-22T15:16:54.328Z
sensor.air_quality_monitor_charging_duration,51.9813346862793,2026-08-22T15:17:54.336Z
sensor.air_quality_monitor_charging_duration,52.9817161560059,2026-08-22T15:18:54.360Z
sensor.air_quality_monitor_charging_duration,53.9818153381348,2026-08-22T15:19:54.371Z
sensor.air_quality_monitor_charging_duration,54.9818992614746,2026-08-22T15:20:54.375Z
sensor.air_quality_monitor_charging_duration,55.9822654724121,2026-08-22T15:21:54.399Z
sensor.air_quality_monitor_charging_duration,56.9824180603027,2026-08-22T15:22:54.411Z
sensor.air_quality_monitor_charging_duration,57.9825820922852,2026-08-22T15:23:54.424Z
sensor.air_quality_monitor_charging_duration,58.9826316833496,2026-08-22T15:24:54.429Z
sensor.air_quality_monitor_charging_duration,59.9827346801758,2026-08-22T15:25:54.438Z
sensor.air_quality_monitor_charging_duration,60.9829330444336,2026-08-22T15:26:54.452Z
sensor.air_quality_monitor_charging_duration,61.9830017089844,2026-08-22T15:27:54.459Z
sensor.air_quality_monitor_charging_duration,62.9830169677734,2026-08-22T15:28:54.462Z
sensor.air_quality_monitor_charging_duration,63.9830322265625,2026-08-22T15:29:54.465Z
sensor.air_quality_monitor_charging_duration,64.9830703735352,2026-08-22T15:30:54.470Z
sensor.air_quality_monitor_charging_duration,65.9830856323242,2026-08-22T15:31:54.473Z
sensor.air_quality_monitor_charging_duration,66.9833297729492,2026-08-22T15:32:54.490Z
sensor.air_quality_monitor_charging_duration,67.9835968017578,2026-08-22T15:33:54.508Z
sensor.air_quality_monitor_charging_duration,68.98388671875,2026-08-22T15:34:54.528Z
sensor.air_quality_monitor_charging_duration,69.9841003417969,2026-08-22T15:35:54.543Z
sensor.air_quality_monitor_charging_duration,70.9847640991211,2026-08-22T15:36:54.584Z
sensor.air_quality_monitor_charging_duration,71.9849014282227,2026-08-22T15:37:54.596Z
sensor.air_quality_monitor_charging_duration,72.9850692749023,2026-08-22T15:38:54.609Z
sensor.air_quality_monitor_charging_duration,73.9851684570312,2026-08-22T15:39:54.617Z
sensor.air_quality_monitor_charging_duration,74.9852523803711,2026-08-22T15:40:54.624Z
sensor.air_quality_monitor_charging_duration,75.9853363037109,2026-08-22T15:41:54.632Z
sensor.air_quality_monitor_charging_duration,76.9854354858398,2026-08-22T15:42:54.639Z
sensor.air_quality_monitor_charging_duration,77.9855499267578,2026-08-22T15:43:54.647Z
sensor.air_quality_monitor_charging_duration,78.9862365722656,2026-08-22T15:44:54.691Z
sensor.air_quality_monitor_charging_duration,79.9865036010742,2026-08-22T15:45:54.709Z
sensor.air_quality_monitor_charging_duration,80.9865341186523,2026-08-22T15:46:54.713Z
sensor.air_quality_monitor_charging_duration,81.9865493774414,2026-08-22T15:47:54.717Z
sensor.air_quality_monitor_charging_duration,82.9865798950195,2026-08-22T15:48:54.719Z
sensor.air_quality_monitor_charging_duration,83.9867630004883,2026-08-22T15:49:54.733Z
sensor.air_quality_monitor_charging_duration,84.9870147705078,2026-08-22T15:50:54.750Z
sensor.air_quality_monitor_charging_duration,85.9872131347656,2026-08-22T15:51:54.765Z
sensor.air_quality_monitor_charging_duration,86.9873962402344,2026-08-22T15:52:54.777Z
sensor.air_quality_monitor_charging_duration,87.9878158569336,2026-08-22T15:53:54.804Z
sensor.air_quality_monitor_charging_duration,88.9881973266602,2026-08-22T15:54:54.831Z
sensor.air_quality_monitor_charging_duration,89.9883346557617,2026-08-22T15:55:54.841Z
sensor.air_quality_monitor_charging_duration,90.9884033203125,2026-08-22T15:56:54.846Z
sensor.air_quality_monitor_charging_duration,91.9885025024414,2026-08-22T15:57:54.852Z
sensor.air_quality_monitor_charging_duration,92.9888534545898,2026-08-22T15:58:54.876Z
sensor.air_quality_monitor_charging_duration,93.9889297485352,2026-08-22T15:59:54.882Z
sensor.air_quality_monitor_charging_duration,94.9889984130859,2026-08-22T16:00:54.888Z
sensor.air_quality_monitor_charging_duration,95.9889984130859,2026-08-22T16:01:54.890Z
sensor.air_quality_monitor_charging_duration,96.989013671875,2026-08-22T16:02:54.892Z
sensor.air_quality_monitor_charging_duration,97.9890823364258,2026-08-22T16:03:54.898Z
sensor.air_quality_monitor_charging_duration,98.9891815185547,2026-08-22T16:04:54.906Z
sensor.air_quality_monitor_charging_duration,99.9893188476562,2026-08-22T16:05:54.916Z
sensor.air_quality_monitor_charging_duration,100.989349365234,2026-08-22T16:06:54.920Z
sensor.air_quality_monitor_charging_duration,101.989501953125,2026-08-22T16:07:54.930Z
sensor.air_quality_monitor_charging_duration,102.98991394043,2026-08-22T16:08:54.957Z
sensor.air_quality_monitor_charging_duration,103.98998260498,2026-08-22T16:09:54.963Z
sensor.air_quality_monitor_charging_duration,104.990097045898,2026-08-22T16:10:54.970Z
sensor.air_quality_monitor_charging_duration,105.990234375,2026-08-22T16:11:54.981Z
sensor.air_quality_monitor_charging_duration,106.990333557129,2026-08-22T16:12:54.988Z
sensor.air_quality_monitor_charging_duration,107.990463256836,2026-08-22T16:13:55.000Z
sensor.air_quality_monitor_charging_duration,108.99048614502,2026-08-22T16:14:55.001Z
sensor.air_quality_monitor_charging_duration,109.990516662598,2026-08-22T16:15:55.006Z
sensor.air_quality_monitor_charging_duration,110.990631103516,2026-08-22T16:16:55.014Z
sensor.air_quality_monitor_charging_duration,111.990936279297,2026-08-22T16:17:55.035Z
sensor.air_quality_monitor_charging_duration,112.991096496582,2026-08-22T16:18:55.046Z
sensor.air_quality_monitor_charging_duration,113.991500854492,2026-08-22T16:19:55.074Z
sensor.air_quality_monitor_charging_duration,114.991630554199,2026-08-22T16:20:55.083Z
sensor.air_quality_monitor_charging_duration,115.991683959961,2026-08-22T16:21:55.088Z
sensor.air_quality_monitor_charging_duration,116.99193572998,2026-08-22T16:22:55.106Z
sensor.air_quality_monitor_charging_duration,117.992233276367,2026-08-22T16:23:55.126Z
sensor.air_quality_monitor_charging_duration,118.992515563965,2026-08-22T16:24:55.144Z
sensor.air_quality_monitor_charging_duration,119.992866516113,2026-08-22T16:25:55.167Z
sensor.air_quality_monitor_charging_duration,120.99299621582,2026-08-22T16:26:55.176Z
sensor.air_quality_monitor_charging_duration,121.993217468262,2026-08-22T16:27:55.193Z
sensor.air_quality_monitor_charging_duration,122.99341583252,2026-08-22T16:28:55.207Z
sensor.air_quality_monitor_charging_duration,123.993698120117,2026-08-22T16:29:55.226Z
sensor.air_quality_monitor_charging_duration,124.994049072266,2026-08-22T16:30:55.248Z
sensor.air_quality_monitor_charging_duration,125.994369506836,2026-08-22T16:31:55.269Z
sensor.air_quality_monitor_charging_duration,126.994415283203,2026-08-22T16:32:55.275Z
sensor.air_quality_monitor_charging_duration,127.994834899902,2026-08-22T16:33:55.301Z
sensor.air_quality_monitor_charging_duration,128.99528503418,2026-08-22T16:34:55.331Z
sensor.air_quality_monitor_charging_duration,129.995697021484,2026-08-22T16:35:55.357Z
sensor.air_quality_monitor_charging_duration,130.995956420898,2026-08-22T16:36:55.375Z
sensor.air_quality_monitor_charging_duration,131.996246337891,2026-08-22T16:37:55.394Z
sensor.air_quality_monitor_charging_duration,132.996444702148,2026-08-22T16:38:55.408Z
sensor.air_quality_monitor_charging_duration,133.996795654297,2026-08-22T16:39:55.432Z
sensor.air_quality_monitor_charging_duration,134.996994018555,2026-08-22T16:40:55.448Z
sensor.air_quality_monitor_charging_duration,135.99723815918,2026-08-22T16:41:55.461Z
sensor.air_quality_monitor_charging_duration,136.997528076172,2026-08-22T16:42:55.481Z
sensor.air_quality_monitor_charging_duration,137.997711181641,2026-08-22T16:43:55.496Z
sensor.air_quality_monitor_charging_duration,138.998046875,2026-08-22T16:44:55.515Z
sensor.air_quality_monitor_charging_duration,139.998382568359,2026-08-22T16:45:55.538Z
sensor.air_quality_monitor_charging_duration,140.99853515625,2026-08-22T16:46:55.549Z
sensor.air_quality_monitor_charging_duration,141.998901367188,2026-08-22T16:47:55.572Z
sensor.air_quality_monitor_charging_duration,142.999206542969,2026-08-22T16:48:55.592Z
sensor.air_quality_monitor_charging_duration,143.999588012695,2026-08-22T16:49:55.617Z
sensor.air_quality_monitor_charging_duration,144.999816894531,2026-08-22T16:50:55.633Z
sensor.air_quality_monitor_charging_duration,146.000137329102,2026-08-22T16:51:55.654Z
sensor.air_quality_monitor_charging_duration,147.000442504883,2026-08-22T16:52:55.676Z
sensor.air_quality_monitor_charging_duration,148.000732421875,2026-08-22T16:53:55.695Z
sensor.air_quality_monitor_charging_duration,149.001037597656,2026-08-22T16:54:55.714Z
sensor.air_quality_monitor_charging_duration,150.001419067383,2026-08-22T16:55:55.739Z
sensor.air_quality_monitor_charging_duration,151.001678466797,2026-08-22T16:56:55.756Z
sensor.air_quality_monitor_charging_duration,152.001876831055,2026-08-22T16:57:55.769Z
sensor.air_quality_monitor_charging_duration,153.002151489258,2026-08-22T16:58:55.787Z
sensor.air_quality_monitor_charging_duration,154.002517700195,2026-08-22T16:59:55.810Z
sensor.air_quality_monitor_charging_duration,155.002670288086,2026-08-22T17:00:55.822Z
sensor.air_quality_monitor_charging_duration,156.0029296875,2026-08-22T17:01:55.839Z
sensor.air_quality_monitor_charging_duration,157.003280639648,2026-08-22T17:02:55.862Z
sensor.air_quality_monitor_charging_duration,158.003631591797,2026-08-22T17:03:55.885Z
sensor.air_quality_monitor_charging_duration,159.003784179688,2026-08-22T17:04:55.895Z
sensor.air_quality_monitor_charging_duration,160.003860473633,2026-08-22T17:05:55.902Z
sensor.air_quality_monitor_charging_duration,161.003936767578,2026-08-22T17:06:55.908Z
sensor.air_quality_monitor_charging_duration,162.004104614258,2026-08-22T17:07:55.918Z
sensor.air_quality_monitor_charging_duration,163.004470825195,2026-08-22T17:08:55.943Z
sensor.air_quality_monitor_charging_duration,164.004852294922,2026-08-22T17:09:55.968Z
sensor.air_quality_monitor_charging_duration,165.005249023438,2026-08-22T17:10:55.992Z
sensor.air_quality_monitor_charging_duration,166.005615234375,2026-08-22T17:11:56.017Z
sensor.air_quality_monitor_charging_duration,167.005844116211,2026-08-22T17:12:56.033Z
sensor.air_quality_monitor_charging_duration,168.006164550781,2026-08-22T17:13:56.054Z
sensor.air_quality_monitor_charging_duration,169.006332397461,2026-08-22T17:14:56.064Z
sensor.air_quality_monitor_charging_duration,170.006652832031,2026-08-22T17:15:56.087Z
sensor.air_quality_monitor_charging_duration,171.007034301758,2026-08-22T17:16:56.113Z
sensor.air_quality_monitor_charging_duration,172.007385253906,2026-08-22T17:17:56.134Z
sensor.air_quality_monitor_charging_duration,173.007614135742,2026-08-22T17:18:56.150Z
sensor.air_quality_monitor_charging_duration,174.008010864258,2026-08-22T17:19:56.176Z
sensor.air_quality_monitor_charging_duration,175.008377075195,2026-08-22T17:20:56.199Z
sensor.air_quality_monitor_charging_duration,176.008605957031,2026-08-22T17:21:56.213Z
sensor.air_quality_monitor_charging_duration,177.008911132812,2026-08-22T17:22:56.234Z
sensor.air_quality_monitor_charging_duration,178.009246826172,2026-08-22T17:23:56.257Z
sensor.air_quality_monitor_charging_duration,179.00944519043,2026-08-22T17:24:56.271Z
sensor.air_quality_monitor_charging_duration,180.009780883789,2026-08-22T17:25:56.292Z
sensor.air_quality_monitor_charging_duration,0.0,2026-08-22T17:26:56.319Z
sensor.air_quality_monitor_temperature_bmp180,23.5754299163818,2026-08-22T14:15:00.000Z
sensor.air_quality_monitor_temperature_bmp180,21.9084911346436,2026-08-22T14:20:59.976Z
sensor.air_quality_monitor_temperature_bmp180,22.3237018585205,2026-08-22T14:21:57.146Z
sensor.air_quality_monitor_temperature_bmp180,22.7439823150635,2026-08-22T14:22:57.137Z
sensor.air_quality_monitor_temperature_bmp180,23.157169342041,2026-08-22T14:23:57.143Z
sensor.air_quality_monitor_temperature_bmp180,23.5148754119873,2026-08-22T14:24:57.158Z
sensor.air_quality_monitor_temperature_bmp180,23.8778972625732,2026-08-22T14:25:57.179Z
sensor.air_quality_monitor_temperature_bmp180,24.2039833068848,2026-08-22T14:26:57.201Z
sensor.air_quality_monitor_temperature_bmp180,24.5234565734863,2026-08-22T14:27:57.217Z
sensor.air_quality_monitor_temperature_bmp180,24.8183155059814,2026-08-22T14:28:57.172Z
sensor.air_quality_monitor_temperature_bmp180,25.0766754150391,2026-08-22T14:29:57.158Z
sensor.air_quality_monitor_temperature_bmp180,25.322681427002,2026-08-22T14:30:57.161Z
sensor.air_quality_monitor_temperature_bmp180,25.5563850402832,2026-08-22T14:31:57.170Z
sensor.air_quality_monitor_temperature_bmp180,25.765869140625,2026-08-22T14:32:57.182Z
sensor.air_quality_monitor_temperature_bmp180,25.9810943603516,2026-08-22T14:33:57.175Z
sensor.air_quality_monitor_temperature_bmp180,26.1602592468262,2026-08-22T14:34:57.179Z
sensor.air_quality_monitor_temperature_bmp180,26.3273296356201,2026-08-22T14:35:57.182Z
sensor.air_quality_monitor_temperature_bmp180,26.4942512512207,2026-08-22T14:36:57.189Z
sensor.air_quality_monitor_temperature_bmp180,26.6491203308105,2026-08-22T14:37:57.188Z
sensor.air_quality_monitor_temperature_bmp180,26.7979164123535,2026-08-22T14:38:57.213Z
sensor.air_quality_monitor_temperature_bmp180,26.922815322876,2026-08-22T14:39:57.189Z
sensor.air_quality_monitor_temperature_bmp180,27.0654582977295,2026-08-22T14:40:57.200Z
sensor.air_quality_monitor_temperature_bmp180,27.1783103942871,2026-08-22T14:41:57.213Z
sensor.air_quality_monitor_temperature_bmp180,27.3029651641846,2026-08-22T14:42:57.202Z
sensor.air_quality_monitor_temperature_bmp180,27.4038200378418,2026-08-22T14:43:57.208Z
sensor.air_quality_monitor_temperature_bmp180,27.5164756774902,2026-08-22T14:44:57.207Z
sensor.air_quality_monitor_temperature_bmp180,27.6053695678711,2026-08-22T14:45:57.206Z
sensor.air_quality_monitor_temperature_bmp180,27.6942253112793,2026-08-22T14:46:57.209Z
sensor.air_quality_monitor_temperature_bmp180,27.7771186828613,2026-08-22T14:47:57.212Z
sensor.air_quality_monitor_temperature_bmp180,27.3385677337646,2026-08-22T14:48:57.212Z
sensor.air_quality_monitor_temperature_bmp180,27.9250583648682,2026-08-22T14:49:57.222Z
sensor.air_quality_monitor_temperature_bmp180,27.9132270812988,2026-08-22T14:50:57.222Z
sensor.air_quality_monitor_temperature_bmp180,28.049243927002,2026-08-22T14:51:57.225Z
sensor.air_quality_monitor_temperature_bmp180,28.1083526611328,2026-08-22T14:52:57.231Z
sensor.air_quality_monitor_temperature_bmp180,28.1438083648682,2026-08-22T14:53:57.233Z
sensor.air_quality_monitor_temperature_bmp180,28.208797454834,2026-08-22T14:54:57.236Z
sensor.air_quality_monitor_temperature_bmp180,28.267858505249,2026-08-22T14:55:57.242Z
sensor.air_quality_monitor_temperature_bmp180,28.3209991455078,2026-08-22T14:56:57.249Z
sensor.air_quality_monitor_temperature_bmp180,28.3623199462891,2026-08-22T14:57:57.250Z
sensor.air_quality_monitor_temperature_bmp180,28.3682231903076,2026-08-22T14:58:57.251Z
sensor.air_quality_monitor_temperature_bmp180,28.4036350250244,2026-08-22T14:59:57.253Z
sensor.air_quality_monitor_temperature_bmp180,28.4154357910156,2026-08-22T15:00:57.256Z
sensor.air_quality_monitor_temperature_bmp180,28.4213371276855,2026-08-22T15:01:57.262Z
sensor.air_quality_monitor_temperature_bmp180,28.4390392303467,2026-08-22T15:02:57.264Z
sensor.air_quality_monitor_temperature_bmp180,28.444938659668,2026-08-22T15:04:57.174Z
sensor.air_quality_monitor_temperature_bmp180,28.4508399963379,2026-08-22T15:05:57.186Z
sensor.air_quality_monitor_temperature_bmp180,28.4390392303467,2026-08-22T15:08:57.218Z
sensor.air_quality_monitor_temperature_bmp180,28.444938659668,2026-08-22T15:09:57.223Z
sensor.air_quality_monitor_temperature_bmp180,28.4390392303467,2026-08-22T15:10:57.226Z
sensor.air_quality_monitor_temperature_bmp180,28.4567394256592,2026-08-22T15:11:57.238Z
sensor.air_quality_monitor_temperature_bmp180,28.4390392303467,2026-08-22T15:12:57.259Z
sensor.air_quality_monitor_temperature_bmp180,28.4331378936768,2026-08-22T15:13:57.275Z
sensor.air_quality_monitor_temperature_bmp180,28.4390392303467,2026-08-22T15:14:57.277Z
sensor.air_quality_monitor_temperature_bmp180,28.4331378936768,2026-08-22T15:17:57.327Z
sensor.air_quality_monitor_temperature_bmp180,28.4154357910156,2026-08-22T15:18:57.350Z
sensor.air_quality_monitor_temperature_bmp180,28.4036350250244,2026-08-22T15:19:57.359Z
sensor.air_quality_monitor_temperature_bmp180,27.9309749603271,2026-08-22T15:20:57.369Z
sensor.air_quality_monitor_temperature_bmp180,28.4567394256592,2026-08-22T15:21:57.392Z
sensor.air_quality_monitor_temperature_bmp180,28.4390392303467,2026-08-22T15:23:57.414Z
sensor.air_quality_monitor_temperature_bmp180,28.444938659668,2026-08-22T15:24:57.419Z
sensor.air_quality_monitor_temperature_bmp180,28.4154357910156,2026-08-22T15:25:57.429Z
sensor.air_quality_monitor_temperature_bmp180,28.3918304443359,2026-08-22T15:26:57.443Z
sensor.air_quality_monitor_temperature_bmp180,28.3800277709961,2026-08-22T15:27:57.450Z
sensor.air_quality_monitor_temperature_bmp180,28.3328056335449,2026-08-22T15:28:57.453Z
sensor.air_quality_monitor_temperature_bmp180,28.2973823547363,2026-08-22T15:29:57.455Z
sensor.air_quality_monitor_temperature_bmp180,28.2737636566162,2026-08-22T15:30:57.459Z
sensor.air_quality_monitor_temperature_bmp180,28.2265167236328,2026-08-22T15:31:57.465Z
sensor.air_quality_monitor_temperature_bmp180,28.2028903961182,2026-08-22T15:32:57.482Z
sensor.air_quality_monitor_temperature_bmp180,28.1556262969971,2026-08-22T15:33:57.498Z
sensor.air_quality_monitor_temperature_bmp180,28.1201725006104,2026-08-22T15:34:57.518Z
sensor.air_quality_monitor_temperature_bmp180,28.0906219482422,2026-08-22T15:35:57.536Z
sensor.air_quality_monitor_temperature_bmp180,28.049243927002,2026-08-22T15:36:57.577Z
sensor.air_quality_monitor_temperature_bmp180,28.0137710571289,2026-08-22T15:37:57.589Z
sensor.air_quality_monitor_temperature_bmp180,27.9782905578613,2026-08-22T15:38:57.598Z
sensor.air_quality_monitor_temperature_bmp180,27.9487190246582,2026-08-22T15:39:57.606Z
sensor.air_quality_monitor_temperature_bmp180,27.9013957977295,2026-08-22T15:40:57.615Z
sensor.air_quality_monitor_temperature_bmp180,27.8599796295166,2026-08-22T15:41:57.621Z
sensor.air_quality_monitor_temperature_bmp180,27.8007965087891,2026-08-22T15:42:57.628Z
sensor.air_quality_monitor_temperature_bmp180,27.7356758117676,2026-08-22T15:43:57.637Z
sensor.air_quality_monitor_temperature_bmp180,27.676456451416,2026-08-22T15:44:57.679Z
sensor.air_quality_monitor_temperature_bmp180,27.6231441497803,2026-08-22T15:45:57.699Z
sensor.air_quality_monitor_temperature_bmp180,27.5638904571533,2026-08-22T15:46:57.704Z
sensor.air_quality_monitor_temperature_bmp180,27.5105476379395,2026-08-22T15:47:57.707Z
sensor.air_quality_monitor_temperature_bmp180,27.4809074401855,2026-08-22T15:48:57.714Z
sensor.air_quality_monitor_temperature_bmp180,27.4216117858887,2026-08-22T15:49:57.726Z
sensor.air_quality_monitor_temperature_bmp180,27.3622970581055,2026-08-22T15:50:57.743Z
sensor.air_quality_monitor_temperature_bmp180,27.3148345947266,2026-08-22T15:51:57.756Z
sensor.air_quality_monitor_temperature_bmp180,27.2614231109619,2026-08-22T15:52:57.769Z
sensor.air_quality_monitor_temperature_bmp180,27.2198715209961,2026-08-22T15:53:57.795Z
sensor.air_quality_monitor_temperature_bmp180,27.1486186981201,2026-08-22T15:54:57.823Z
sensor.air_quality_monitor_temperature_bmp180,27.0832824707031,2026-08-22T15:55:57.831Z
sensor.air_quality_monitor_temperature_bmp180,27.0060367584229,2026-08-22T15:56:57.837Z
sensor.air_quality_monitor_temperature_bmp180,26.9465961456299,2026-08-22T15:57:57.843Z
sensor.air_quality_monitor_temperature_bmp180,26.8990306854248,2026-08-22T15:58:57.864Z
sensor.air_quality_monitor_temperature_bmp180,26.8395576477051,2026-08-22T15:59:57.873Z
sensor.air_quality_monitor_temperature_bmp180,26.7919673919678,2026-08-22T16:00:57.879Z
sensor.air_quality_monitor_temperature_bmp180,26.7205562591553,2026-08-22T16:01:57.886Z
sensor.air_quality_monitor_temperature_bmp180,26.6729354858398,2026-08-22T16:02:57.891Z
sensor.air_quality_monitor_temperature_bmp180,26.6014823913574,2026-08-22T16:03:57.894Z
sensor.air_quality_monitor_temperature_bmp180,26.5419178009033,2026-08-22T16:04:57.901Z
sensor.air_quality_monitor_temperature_bmp180,26.5061683654785,2026-08-22T16:05:57.907Z
sensor.air_quality_monitor_temperature_bmp180,26.4346542358398,2026-08-22T16:06:57.911Z
sensor.air_quality_monitor_temperature_bmp180,26.3988857269287,2026-08-22T16:07:57.921Z
sensor.air_quality_monitor_temperature_bmp180,26.3392562866211,2026-08-22T16:08:57.946Z
sensor.air_quality_monitor_temperature_bmp180,26.2736434936523,2026-08-22T16:09:57.956Z
sensor.air_quality_monitor_temperature_bmp180,26.2378463745117,2026-08-22T16:10:57.961Z
sensor.air_quality_monitor_temperature_bmp180,26.2020416259766,2026-08-22T16:11:57.975Z
sensor.air_quality_monitor_temperature_bmp180,26.1721992492676,2026-08-22T16:12:57.982Z
sensor.air_quality_monitor_temperature_bmp180,26.1483211517334,2026-08-22T16:13:57.990Z
sensor.air_quality_monitor_temperature_bmp180,25.9034023284912,2026-08-22T16:14:57.993Z
sensor.air_quality_monitor_temperature_bmp180,26.0886135101318,2026-08-22T16:15:57.996Z
sensor.air_quality_monitor_temperature_bmp180,26.0587539672852,2026-08-22T16:16:58.007Z
sensor.air_quality_monitor_temperature_bmp180,26.0288887023926,2026-08-22T16:17:58.026Z
sensor.air_quality_monitor_temperature_bmp180,25.9990177154541,2026-08-22T16:18:58.044Z
sensor.air_quality_monitor_temperature_bmp180,25.945240020752,2026-08-22T16:19:58.063Z
sensor.air_quality_monitor_temperature_bmp180,25.9213333129883,2026-08-22T16:20:58.073Z
sensor.air_quality_monitor_temperature_bmp180,25.8735122680664,2026-08-22T16:21:58.082Z
sensor.air_quality_monitor_temperature_bmp180,25.831657409668,2026-08-22T16:22:58.096Z
sensor.air_quality_monitor_temperature_bmp180,25.789794921875,2026-08-22T16:23:58.117Z
sensor.air_quality_monitor_temperature_bmp180,25.7539043426514,2026-08-22T16:24:58.141Z
sensor.air_quality_monitor_temperature_bmp180,25.7359561920166,2026-08-22T16:25:58.157Z
sensor.air_quality_monitor_temperature_bmp180,25.7000560760498,2026-08-22T16:26:58.173Z
sensor.air_quality_monitor_temperature_bmp180,25.6521778106689,2026-08-22T16:27:58.182Z
sensor.air_quality_monitor_temperature_bmp180,25.6222476959229,2026-08-22T16:28:58.203Z
sensor.air_quality_monitor_temperature_bmp180,25.5863265991211,2026-08-22T16:29:58.217Z
sensor.air_quality_monitor_temperature_bmp180,25.5503959655762,2026-08-22T16:30:58.247Z
sensor.air_quality_monitor_temperature_bmp180,25.5384178161621,2026-08-22T16:31:58.259Z
sensor.air_quality_monitor_temperature_bmp180,25.5324287414551,2026-08-22T16:32:58.269Z
sensor.air_quality_monitor_temperature_bmp180,25.49049949646,2026-08-22T16:33:58.294Z
sensor.air_quality_monitor_temperature_bmp180,25.4725246429443,2026-08-22T16:34:58.324Z
sensor.air_quality_monitor_temperature_bmp180,25.4425659179688,2026-08-22T16:35:58.349Z
sensor.air_quality_monitor_temperature_bmp180,25.4185962677002,2026-08-22T16:36:58.366Z
sensor.air_quality_monitor_temperature_bmp180,25.3826332092285,2026-08-22T16:37:58.388Z
sensor.air_quality_monitor_temperature_bmp180,25.3526611328125,2026-08-22T16:38:58.407Z
sensor.air_quality_monitor_temperature_bmp180,25.322681427002,2026-08-22T16:39:58.423Z
sensor.air_quality_monitor_temperature_bmp180,25.280704498291,2026-08-22T16:40:58.438Z
sensor.air_quality_monitor_temperature_bmp180,25.2627105712891,2026-08-22T16:41:58.455Z
sensor.air_quality_monitor_temperature_bmp180,25.2387161254883,2026-08-22T16:42:58.471Z
sensor.air_quality_monitor_temperature_bmp180,25.2267189025879,2026-08-22T16:43:58.487Z
sensor.air_quality_monitor_temperature_bmp180,25.2147197723389,2026-08-22T16:44:58.509Z
sensor.air_quality_monitor_temperature_bmp180,25.20871925354,2026-08-22T16:45:58.534Z
sensor.air_quality_monitor_temperature_bmp180,25.196720123291,2026-08-22T16:46:58.541Z
sensor.air_quality_monitor_temperature_bmp180,25.1727180480957,2026-08-22T16:47:58.568Z
sensor.air_quality_monitor_temperature_bmp180,25.1607151031494,2026-08-22T16:48:58.585Z
sensor.air_quality_monitor_temperature_bmp180,25.1307048797607,2026-08-22T16:49:58.608Z
sensor.air_quality_monitor_temperature_bmp180,25.1247024536133,2026-08-22T16:50:58.628Z
sensor.air_quality_monitor_temperature_bmp180,25.1066951751709,2026-08-22T16:51:58.647Z
sensor.air_quality_monitor_temperature_bmp180,25.0886840820312,2026-08-22T16:52:58.669Z
sensor.air_quality_monitor_temperature_bmp180,25.070671081543,2026-08-22T16:53:58.686Z
sensor.air_quality_monitor_temperature_bmp180,25.04665184021,2026-08-22T16:54:58.708Z
sensor.air_quality_monitor_temperature_bmp180,25.0226306915283,2026-08-22T16:55:58.728Z
sensor.air_quality_monitor_temperature_bmp180,24.9865913391113,2026-08-22T16:56:58.747Z
sensor.air_quality_monitor_temperature_bmp180,24.9505443572998,2026-08-22T16:57:58.762Z
sensor.air_quality_monitor_temperature_bmp180,24.9205017089844,2026-08-22T16:58:58.783Z
sensor.air_quality_monitor_temperature_bmp180,24.8904514312744,2026-08-22T16:59:58.802Z
sensor.air_quality_monitor_temperature_bmp180,24.8724212646484,2026-08-22T17:00:58.812Z
sensor.air_quality_monitor_temperature_bmp180,24.8423633575439,2026-08-22T17:01:58.829Z
sensor.air_quality_monitor_temperature_bmp180,24.8183155059814,2026-08-22T17:02:58.857Z
sensor.air_quality_monitor_temperature_bmp180,24.8062896728516,2026-08-22T17:03:58.874Z
sensor.air_quality_monitor_temperature_bmp180,24.7822360992432,2026-08-22T17:04:58.885Z
sensor.air_quality_monitor_temperature_bmp180,24.7641925811768,2026-08-22T17:05:58.892Z
sensor.air_quality_monitor_temperature_bmp180,24.7341175079346,2026-08-22T17:06:58.897Z
sensor.air_quality_monitor_temperature_bmp180,24.7220859527588,2026-08-22T17:07:58.911Z
sensor.air_quality_monitor_temperature_bmp180,24.7160701751709,2026-08-22T17:08:58.939Z
sensor.air_quality_monitor_temperature_bmp180,24.6980228424072,2026-08-22T17:09:58.962Z
sensor.air_quality_monitor_temperature_bmp180,24.6920051574707,2026-08-22T17:11:59.007Z
sensor.air_quality_monitor_temperature_bmp180,24.6859874725342,2026-08-22T17:12:59.023Z
sensor.air_quality_monitor_temperature_bmp180,24.6920051574707,2026-08-22T17:13:59.046Z
sensor.air_quality_monitor_temperature_bmp180,24.6619186401367,2026-08-22T17:14:59.060Z
sensor.air_quality_monitor_temperature_bmp180,24.4451465606689,2026-08-22T17:15:59.077Z
sensor.air_quality_monitor_temperature_bmp180,24.637845993042,2026-08-22T17:16:59.101Z
sensor.air_quality_monitor_temperature_bmp180,24.6619186401367,2026-08-22T17:17:59.126Z
sensor.air_quality_monitor_temperature_bmp180,24.6799716949463,2026-08-22T17:18:59.146Z
sensor.air_quality_monitor_temperature_bmp180,24.6619186401367,2026-08-22T17:19:59.165Z
sensor.air_quality_monitor_temperature_bmp180,24.6679363250732,2026-08-22T17:20:59.191Z
sensor.air_quality_monitor_temperature_bmp180,24.6498832702637,2026-08-22T17:21:59.204Z
sensor.air_quality_monitor_temperature_bmp180,24.637845993042,2026-08-22T17:23:59.246Z
sensor.air_quality_monitor_temperature_bmp180,24.6498832702637,2026-08-22T17:24:59.267Z
sensor.air_quality_monitor_temperature_bmp180,24.6739540100098,2026-08-22T17:25:59.284Z
sensor.air_quality_monitor_temperature_bmp180,24.6859874725342,2026-08-22T17:27:59.336Z
sensor.air_quality_monitor_temperature_bmp180,24.6980228424072,2026-08-22T17:28:59.342Z
sensor.air_quality_monitor_temperature_bmp180,24.6859874725342,2026-08-22T17:29:59.365Z
sensor.air_quality_monitor_temperature_bmp180,24.6980228424072,2026-08-22T17:30:59.380Z
sensor.air_quality_monitor_temperature_bmp180,24.7040386199951,2026-08-22T17:33:59.416Z
sensor.air_quality_monitor_temperature_bmp180,24.710054397583,2026-08-22T17:34:59.433Z
sensor.air_quality_monitor_temperature_bmp180,24.7220859527588,2026-08-22T17:35:59.452Z
sensor.air_quality_monitor_temperature_bmp180,24.6799716949463,2026-08-22T17:36:59.474Z
sensor.air_quality_monitor_temperature_bmp180,24.6859874725342,2026-08-22T17:37:59.485Z
sensor.air_quality_monitor_temperature_bmp180,24.6739540100098,2026-08-22T17:38:59.512Z
sensor.air_quality_monitor_temperature_bmp180,24.6498832702637,2026-08-22T17:39:59.532Z
sensor.air_quality_monitor_temperature_bmp180,24.6559009552002,2026-08-22T17:40:59.544Z
sensor.air_quality_monitor_temperature_bmp180,24.637845993042,2026-08-22T17:41:59.576Z
sensor.air_quality_monitor_temperature_bmp180,24.0893173217773,2026-08-22T17:42:59.601Z
sensor.air_quality_monitor_temperature_bmp180,24.6438636779785,2026-08-22T17:43:59.626Z
sensor.air_quality_monitor_temperature_bmp180,24.637845993042,2026-08-22T17:44:59.648Z
sensor.air_quality_monitor_temperature_bmp180,24.6318264007568,2026-08-22T17:46:59.691Z
sensor.air_quality_monitor_temperature_bmp180,24.6258087158203,2026-08-22T17:47:59.707Z
sensor.air_quality_monitor_temperature_bmp180,24.5957107543945,2026-08-22T17:48:59.725Z
sensor.air_quality_monitor_temperature_bmp180,24.5656070709229,2026-08-22T17:49:59.747Z
sensor.air_quality_monitor_temperature_bmp180,24.5535659790039,2026-08-22T17:50:59.773Z
sensor.air_quality_monitor_temperature_bmp180,24.5294780731201,2026-08-22T17:51:59.795Z
sensor.air_quality_monitor_temperature_bmp180,24.5174331665039,2026-08-22T17:52:59.818Z
sensor.air_quality_monitor_temperature_bmp180,24.4873180389404,2026-08-22T17:53:59.840Z
sensor.air_quality_monitor_temperature_bmp180,24.475269317627,2026-08-22T17:55:59.889Z
sensor.air_quality_monitor_temperature_bmp180,24.4692459106445,2026-08-22T17:56:59.894Z
sensor.air_quality_monitor_temperature_bmp180,24.475269317627,2026-08-22T17:57:59.923Z
sensor.air_quality_monitor_temperature_bmp180,24.4692459106445,2026-08-22T17:58:59.935Z
sensor.air_quality_monitor_temperature_bmp180,24.4571971893311,2026-08-22T17:59:59.957Z
sensor.air_quality_monitor_temperature_bmp180,24.475269317627,2026-08-22T18:00:59.978Z
sensor.air_quality_monitor_temperature_bmp180,24.481294631958,2026-08-22T18:02:00.003Z
sensor.air_quality_monitor_temperature_bmp180,24.475269317627,2026-08-22T18:03:00.020Z
sensor.air_quality_monitor_temperature_bmp180,24.481294631958,2026-08-22T18:04:00.042Z
sensor.air_quality_monitor_temperature_bmp180,24.4873180389404,2026-08-22T18:05:00.065Z
sensor.air_quality_monitor_temperature_bmp180,24.481294631958,2026-08-22T18:06:00.086Z
sensor.air_quality_monitor_temperature_bmp180,24.4873180389404,2026-08-22T18:08:00.139Z
sensor.air_quality_monitor_temperature_bmp180,24.4933414459229,2026-08-22T18:09:00.161Z
sensor.air_quality_monitor_temperature_bmp180,24.5114097595215,2026-08-22T18:10:00.179Z
sensor.air_quality_monitor_temperature_bmp180,24.5234565734863,2026-08-22T18:11:00.196Z
sensor.air_quality_monitor_temperature_bmp180,24.5475444793701,2026-08-22T18:12:00.214Z
sensor.air_quality_monitor_temperature_bmp180,24.5656070709229,2026-08-22T18:13:00.239Z
sensor.air_quality_monitor_temperature_bmp180,24.5595874786377,2026-08-22T18:14:00.250Z
sensor.air_quality_monitor_temperature_bmp180,24.5535659790039,2026-08-22T18:15:00.265Z
sensor.air_quality_monitor_temperature_bmp180,24.5415229797363,2026-08-22T18:16:00.278Z
sensor.air_quality_monitor_temperature_bmp180,24.5234565734863,2026-08-22T18:18:00.326Z
sensor.air_quality_monitor_temperature_bmp180,24.5415229797363,2026-08-22T18:19:00.339Z
sensor.air_quality_monitor_temperature_bmp180,24.5535659790039,2026-08-22T18:20:00.366Z
sensor.air_quality_monitor_temperature_bmp180,24.5776500701904,2026-08-22T18:21:00.380Z
sensor.air_quality_monitor_temperature_scd41,27.4342346191406,2026-08-22T14:15:00.000Z
sensor.air_quality_monitor_temperature_scd41,unknown,2026-08-22T14:20:59.977Z
sensor.air_quality_monitor_temperature_scd41,23.8560485839844,2026-08-22T14:21:04.743Z
sensor.air_quality_monitor_temperature_scd41,23.5089111328125,2026-08-22T14:21:14.740Z
sensor.air_quality_monitor_temperature_scd41,23.2125091552734,2026-08-22T14:21:24.741Z
sensor.air_quality_monitor_temperature_scd41,22.9615020751953,2026-08-22T14:21:34.742Z
sensor.air_quality_monitor_temperature_scd41,22.7719116210938,2026-08-22T14:21:44.742Z
sensor.air_quality_monitor_temperature_scd41,22.6170349121094,2026-08-22T14:21:54.785Z
sensor.air_quality_monitor_temperature_scd41,22.5262451171875,2026-08-22T14:22:04.749Z
sensor.air_quality_monitor_temperature_scd41,22.4381256103516,2026-08-22T14:22:14.753Z
sensor.air_quality_monitor_temperature_scd41,22.3686981201172,2026-08-22T14:22:24.755Z
sensor.air_quality_monitor_temperature_scd41,22.3606872558594,2026-08-22T14:22:34.758Z
sensor.air_quality_monitor_temperature_scd41,22.3580169677734,2026-08-22T14:22:44.761Z
sensor.air_quality_monitor_temperature_scd41,22.3847198486328,2026-08-22T14:22:54.760Z
sensor.air_quality_monitor_temperature_scd41,22.4354553222656,2026-08-22T14:23:04.760Z
sensor.air_quality_monitor_temperature_scd41,22.4942016601562,2026-08-22T14:23:14.772Z
sensor.air_quality_monitor_temperature_scd41,22.5502777099609,2026-08-22T14:23:24.769Z
sensor.air_quality_monitor_temperature_scd41,22.5930023193359,2026-08-22T14:23:34.776Z
sensor.air_quality_monitor_temperature_scd41,22.6490783691406,2026-08-22T14:23:44.782Z
sensor.air_quality_monitor_temperature_scd41,22.7211761474609,2026-08-22T14:23:54.782Z
sensor.air_quality_monitor_temperature_scd41,22.7772521972656,2026-08-22T14:24:04.784Z
sensor.air_quality_monitor_temperature_scd41,22.8787231445312,2026-08-22T14:24:14.780Z
sensor.air_quality_monitor_temperature_scd41,22.9855346679688,2026-08-22T14:24:24.777Z
sensor.air_quality_monitor_temperature_scd41,23.0522918701172,2026-08-22T14:24:34.779Z
sensor.air_quality_monitor_temperature_scd41,23.10302734375,2026-08-22T14:24:44.780Z
sensor.air_quality_monitor_temperature_scd41,23.1804656982422,2026-08-22T14:24:54.780Z
sensor.air_quality_monitor_temperature_scd41,23.2685852050781,2026-08-22T14:25:04.787Z
sensor.air_quality_monitor_temperature_scd41,23.3486938476562,2026-08-22T14:25:14.791Z
sensor.air_quality_monitor_temperature_scd41,23.4047698974609,2026-08-22T14:25:24.799Z
sensor.air_quality_monitor_temperature_scd41,23.5436248779297,2026-08-22T14:25:34.797Z
sensor.air_quality_monitor_temperature_scd41,23.6077117919922,2026-08-22T14:25:44.803Z
sensor.air_quality_monitor_temperature_scd41,23.6531066894531,2026-08-22T14:25:54.808Z
sensor.air_quality_monitor_temperature_scd41,23.7065124511719,2026-08-22T14:26:04.805Z
sensor.air_quality_monitor_temperature_scd41,23.7973022460938,2026-08-22T14:26:14.812Z
sensor.air_quality_monitor_temperature_scd41,23.8507080078125,2026-08-22T14:26:24.813Z
sensor.air_quality_monitor_temperature_scd41,23.9788818359375,2026-08-22T14:26:34.813Z
sensor.air_quality_monitor_temperature_scd41,24.0349578857422,2026-08-22T14:26:44.818Z
sensor.air_quality_monitor_temperature_scd41,24.1123962402344,2026-08-22T14:26:54.818Z
sensor.air_quality_monitor_temperature_scd41,24.1631317138672,2026-08-22T14:27:04.812Z
sensor.air_quality_monitor_temperature_scd41,24.2272186279297,2026-08-22T14:27:14.817Z
sensor.air_quality_monitor_temperature_scd41,24.2859649658203,2026-08-22T14:27:24.818Z
sensor.air_quality_monitor_temperature_scd41,24.3447113037109,2026-08-22T14:27:34.818Z
sensor.air_quality_monitor_temperature_scd41,24.4355010986328,2026-08-22T14:27:44.809Z
sensor.air_quality_monitor_temperature_scd41,24.4782257080078,2026-08-22T14:27:54.816Z
sensor.air_quality_monitor_temperature_scd41,24.5369720458984,2026-08-22T14:28:04.814Z
sensor.air_quality_monitor_temperature_scd41,24.5877075195312,2026-08-22T14:28:14.817Z
sensor.air_quality_monitor_temperature_scd41,24.6678161621094,2026-08-22T14:28:24.826Z
sensor.air_quality_monitor_temperature_scd41,24.7265625,2026-08-22T14:28:34.827Z
sensor.air_quality_monitor_temperature_scd41,24.7639465332031,2026-08-22T14:28:44.829Z
sensor.air_quality_monitor_temperature_scd41,24.8413848876953,2026-08-22T14:28:54.833Z
sensor.air_quality_monitor_temperature_scd41,24.8841094970703,2026-08-22T14:29:04.837Z
sensor.air_quality_monitor_temperature_scd41,24.9241638183594,2026-08-22T14:29:14.837Z
sensor.air_quality_monitor_temperature_scd41,24.9909210205078,2026-08-22T14:29:24.839Z
sensor.air_quality_monitor_temperature_scd41,25.0336456298828,2026-08-22T14:29:34.847Z
sensor.air_quality_monitor_temperature_scd41,25.068359375,2026-08-22T14:29:44.846Z
sensor.air_quality_monitor_temperature_scd41,25.1244354248047,2026-08-22T14:29:54.852Z
sensor.air_quality_monitor_temperature_scd41,25.196533203125,2026-08-22T14:30:04.855Z
sensor.air_quality_monitor_temperature_scd41,25.2285766601562,2026-08-22T14:30:14.854Z
sensor.air_quality_monitor_temperature_scd41,25.2713012695312,2026-08-22T14:30:24.856Z
sensor.air_quality_monitor_temperature_scd41,25.3433990478516,2026-08-22T14:30:34.850Z
sensor.air_quality_monitor_temperature_scd41,25.3540802001953,2026-08-22T14:30:44.854Z
sensor.air_quality_monitor_temperature_scd41,25.4181671142578,2026-08-22T14:30:54.858Z
sensor.air_quality_monitor_temperature_scd41,25.4875946044922,2026-08-22T14:31:04.857Z
sensor.air_quality_monitor_temperature_scd41,25.5276489257812,2026-08-22T14:31:14.861Z
sensor.air_quality_monitor_temperature_scd41,25.5516815185547,2026-08-22T14:31:24.850Z
sensor.air_quality_monitor_temperature_scd41,25.6024169921875,2026-08-22T14:31:34.850Z
sensor.air_quality_monitor_temperature_scd41,25.6317901611328,2026-08-22T14:31:44.851Z
sensor.air_quality_monitor_temperature_scd41,25.6745147705078,2026-08-22T14:31:54.853Z
sensor.air_quality_monitor_temperature_scd41,25.7012176513672,2026-08-22T14:32:04.855Z
sensor.air_quality_monitor_temperature_scd41,25.7386016845703,2026-08-22T14:32:14.862Z
sensor.air_quality_monitor_temperature_scd41,25.7920074462891,2026-08-22T14:32:24.864Z
sensor.air_quality_monitor_temperature_scd41,25.8347320556641,2026-08-22T14:32:34.853Z
sensor.air_quality_monitor_temperature_scd41,25.8721160888672,2026-08-22T14:32:44.869Z
sensor.air_quality_monitor_temperature_scd41,25.9121704101562,2026-08-22T14:32:54.867Z
sensor.air_quality_monitor_temperature_scd41,25.9442138671875,2026-08-22T14:33:04.867Z
sensor.air_quality_monitor_temperature_scd41,25.9602355957031,2026-08-22T14:33:14.870Z
sensor.air_quality_monitor_temperature_scd41,26.0323333740234,2026-08-22T14:33:24.863Z
sensor.air_quality_monitor_temperature_scd41,26.0376739501953,2026-08-22T14:33:34.863Z
sensor.air_quality_monitor_temperature_scd41,26.0910797119141,2026-08-22T14:33:44.864Z
sensor.air_quality_monitor_temperature_scd41,26.1151123046875,2026-08-22T14:33:54.866Z
sensor.air_quality_monitor_temperature_scd41,26.1338043212891,2026-08-22T14:34:04.865Z
sensor.air_quality_monitor_temperature_scd41,26.1872100830078,2026-08-22T14:34:14.872Z
sensor.air_quality_monitor_temperature_scd41,26.2165832519531,2026-08-22T14:34:24.878Z
sensor.air_quality_monitor_temperature_scd41,26.2539672851562,2026-08-22T14:34:34.878Z
sensor.air_quality_monitor_temperature_scd41,26.3020324707031,2026-08-22T14:34:44.887Z
sensor.air_quality_monitor_temperature_scd41,26.3394165039062,2026-08-22T14:35:04.878Z
sensor.air_quality_monitor_temperature_scd41,26.3901519775391,2026-08-22T14:35:14.878Z
sensor.air_quality_monitor_temperature_scd41,26.4115142822266,2026-08-22T14:35:24.884Z
sensor.air_quality_monitor_temperature_scd41,26.4382171630859,2026-08-22T14:35:34.890Z
sensor.air_quality_monitor_temperature_scd41,26.4756011962891,2026-08-22T14:35:44.894Z
sensor.air_quality_monitor_temperature_scd41,26.5049743652344,2026-08-22T14:35:54.889Z
sensor.air_quality_monitor_temperature_scd41,26.5076446533203,2026-08-22T14:36:04.898Z
sensor.air_quality_monitor_temperature_scd41,26.5423583984375,2026-08-22T14:36:14.903Z
sensor.air_quality_monitor_temperature_scd41,26.5610504150391,2026-08-22T14:36:24.903Z
sensor.air_quality_monitor_temperature_scd41,26.5877532958984,2026-08-22T14:36:34.903Z
sensor.air_quality_monitor_temperature_scd41,26.6304779052734,2026-08-22T14:36:44.903Z
sensor.air_quality_monitor_temperature_scd41,26.6732025146484,2026-08-22T14:36:54.899Z
sensor.air_quality_monitor_temperature_scd41,26.6892242431641,2026-08-22T14:37:04.904Z
sensor.air_quality_monitor_temperature_scd41,26.7266082763672,2026-08-22T14:37:14.895Z
sensor.air_quality_monitor_temperature_scd41,26.7426300048828,2026-08-22T14:37:24.906Z
sensor.air_quality_monitor_temperature_scd41,26.7506408691406,2026-08-22T14:37:34.909Z
sensor.air_quality_monitor_temperature_scd41,26.7666625976562,2026-08-22T14:37:44.902Z
sensor.air_quality_monitor_temperature_scd41,26.8067169189453,2026-08-22T14:37:54.907Z
sensor.air_quality_monitor_temperature_scd41,26.8387603759766,2026-08-22T14:38:04.903Z
sensor.air_quality_monitor_temperature_scd41,26.8494415283203,2026-08-22T14:38:14.907Z
sensor.air_quality_monitor_temperature_scd41,26.8601226806641,2026-08-22T14:38:24.899Z
sensor.air_quality_monitor_temperature_scd41,26.8841552734375,2026-08-22T14:38:34.910Z
sensor.air_quality_monitor_temperature_scd41,26.9081878662109,2026-08-22T14:38:44.909Z
sensor.air_quality_monitor_temperature_scd41,26.9348907470703,2026-08-22T14:38:54.902Z
sensor.air_quality_monitor_temperature_scd41,26.9642639160156,2026-08-22T14:39:04.904Z
sensor.air_quality_monitor_temperature_scd41,26.9856262207031,2026-08-22T14:39:14.912Z
sensor.air_quality_monitor_temperature_scd41,27.0123291015625,2026-08-22T14:39:24.914Z
sensor.air_quality_monitor_temperature_scd41,27.0283508300781,2026-08-22T14:39:34.916Z
sensor.air_quality_monitor_temperature_scd41,27.0550537109375,2026-08-22T14:39:44.919Z
sensor.air_quality_monitor_temperature_scd41,27.0844268798828,2026-08-22T14:39:54.914Z
sensor.air_quality_monitor_temperature_scd41,27.1004486083984,2026-08-22T14:40:04.915Z
sensor.air_quality_monitor_temperature_scd41,27.1271514892578,2026-08-22T14:40:14.915Z
sensor.air_quality_monitor_temperature_scd41,27.1511840820312,2026-08-22T14:40:34.922Z
sensor.air_quality_monitor_temperature_scd41,27.1645355224609,2026-08-22T14:40:44.917Z
sensor.air_quality_monitor_temperature_scd41,27.1939086914062,2026-08-22T14:40:54.923Z
sensor.air_quality_monitor_temperature_scd41,27.2019195556641,2026-08-22T14:41:04.925Z
sensor.air_quality_monitor_temperature_scd41,27.2259521484375,2026-08-22T14:41:14.930Z
sensor.air_quality_monitor_temperature_scd41,27.2393035888672,2026-08-22T14:41:24.925Z
sensor.air_quality_monitor_temperature_scd41,27.2927093505859,2026-08-22T14:41:34.928Z
sensor.air_quality_monitor_temperature_scd41,27.2766876220703,2026-08-22T14:41:44.917Z
sensor.air_quality_monitor_temperature_scd41,27.2980499267578,2026-08-22T14:41:54.928Z
sensor.air_quality_monitor_temperature_scd41,27.3194122314453,2026-08-22T14:42:04.928Z
sensor.air_quality_monitor_temperature_scd41,27.3487854003906,2026-08-22T14:42:14.927Z
sensor.air_quality_monitor_temperature_scd41,27.3648071289062,2026-08-22T14:42:24.929Z
sensor.air_quality_monitor_temperature_scd41,27.3781585693359,2026-08-22T14:42:34.931Z
sensor.air_quality_monitor_temperature_scd41,27.3888397216797,2026-08-22T14:42:44.934Z
sensor.air_quality_monitor_temperature_scd41,27.4369049072266,2026-08-22T14:42:54.928Z
sensor.air_quality_monitor_temperature_scd41,27.4155426025391,2026-08-22T14:43:04.930Z
sensor.air_quality_monitor_temperature_scd41,27.4449157714844,2026-08-22T14:43:14.936Z
sensor.air_quality_monitor_temperature_scd41,27.4636077880859,2026-08-22T14:43:24.936Z
sensor.air_quality_monitor_temperature_scd41,27.4956512451172,2026-08-22T14:43:34.933Z
sensor.air_quality_monitor_temperature_scd41,27.4983215332031,2026-08-22T14:43:44.934Z
sensor.air_quality_monitor_temperature_scd41,27.5357055664062,2026-08-22T14:43:54.936Z
sensor.air_quality_monitor_temperature_scd41,27.5410461425781,2026-08-22T14:44:04.935Z
sensor.air_quality_monitor_temperature_scd41,27.5837707519531,2026-08-22T14:44:14.937Z
sensor.air_quality_monitor_temperature_scd41,27.5730895996094,2026-08-22T14:44:24.940Z
sensor.air_quality_monitor_temperature_scd41,27.5704193115234,2026-08-22T14:44:34.936Z
sensor.air_quality_monitor_temperature_scd41,27.6104736328125,2026-08-22T14:44:44.940Z
sensor.air_quality_monitor_temperature_scd41,27.6345062255859,2026-08-22T14:44:54.941Z
sensor.air_quality_monitor_temperature_scd41,27.6505279541016,2026-08-22T14:45:04.943Z
sensor.air_quality_monitor_temperature_scd41,27.674560546875,2026-08-22T14:45:14.944Z
sensor.air_quality_monitor_temperature_scd41,27.6825714111328,2026-08-22T14:45:24.944Z
sensor.air_quality_monitor_temperature_scd41,27.674560546875,2026-08-22T14:45:34.945Z
sensor.air_quality_monitor_temperature_scd41,27.6932525634766,2026-08-22T14:45:44.945Z
sensor.air_quality_monitor_temperature_scd41,27.7066040039062,2026-08-22T14:45:54.945Z
sensor.air_quality_monitor_temperature_scd41,27.7199554443359,2026-08-22T14:46:04.946Z
sensor.air_quality_monitor_temperature_scd41,27.7466583251953,2026-08-22T14:46:14.945Z
sensor.air_quality_monitor_temperature_scd41,27.7573394775391,2026-08-22T14:46:24.947Z
sensor.air_quality_monitor_temperature_scd41,27.7840423583984,2026-08-22T14:46:34.947Z
sensor.air_quality_monitor_temperature_scd41,27.8267669677734,2026-08-22T14:46:54.947Z
sensor.air_quality_monitor_temperature_scd41,27.8401184082031,2026-08-22T14:47:04.948Z
sensor.air_quality_monitor_temperature_scd41,27.8481292724609,2026-08-22T14:47:14.949Z
sensor.air_quality_monitor_temperature_scd41,27.8534698486328,2026-08-22T14:47:24.949Z
sensor.air_quality_monitor_temperature_scd41,27.8748321533203,2026-08-22T14:47:34.949Z
sensor.air_quality_monitor_temperature_scd41,27.8775024414062,2026-08-22T14:47:54.953Z
sensor.air_quality_monitor_temperature_scd41,27.9175567626953,2026-08-22T14:48:04.944Z
sensor.air_quality_monitor_temperature_scd41,27.9282379150391,2026-08-22T14:48:14.951Z
sensor.air_quality_monitor_temperature_scd41,27.9202270507812,2026-08-22T14:48:24.951Z
sensor.air_quality_monitor_temperature_scd41,27.9362487792969,2026-08-22T14:48:34.948Z
sensor.air_quality_monitor_temperature_scd41,27.9576110839844,2026-08-22T14:48:44.944Z
sensor.air_quality_monitor_temperature_scd41,27.9682922363281,2026-08-22T14:48:54.945Z
sensor.air_quality_monitor_temperature_scd41,27.9789733886719,2026-08-22T14:49:04.953Z
sensor.air_quality_monitor_temperature_scd41,27.9869842529297,2026-08-22T14:49:14.956Z
sensor.air_quality_monitor_temperature_scd41,27.9949951171875,2026-08-22T14:49:24.964Z
sensor.air_quality_monitor_temperature_scd41,28.0083465576172,2026-08-22T14:49:34.957Z
sensor.air_quality_monitor_temperature_scd41,28.0297088623047,2026-08-22T14:49:44.945Z
sensor.air_quality_monitor_temperature_scd41,28.0377197265625,2026-08-22T14:49:54.947Z
sensor.air_quality_monitor_temperature_scd41,28.0510711669922,2026-08-22T14:50:04.949Z
sensor.air_quality_monitor_temperature_scd41,28.0697631835938,2026-08-22T14:50:14.950Z
sensor.air_quality_monitor_temperature_scd41,28.0751037597656,2026-08-22T14:50:24.950Z
sensor.air_quality_monitor_temperature_scd41,28.0857849121094,2026-08-22T14:50:34.950Z
sensor.air_quality_monitor_temperature_scd41,28.1098175048828,2026-08-22T14:50:44.956Z
sensor.air_quality_monitor_temperature_scd41,28.1204986572266,2026-08-22T14:50:54.957Z
sensor.air_quality_monitor_temperature_scd41,28.1098175048828,2026-08-22T14:51:04.968Z
sensor.air_quality_monitor_temperature_scd41,28.1365203857422,2026-08-22T14:51:14.975Z
sensor.air_quality_monitor_temperature_scd41,28.1391906738281,2026-08-22T14:51:24.975Z
sensor.air_quality_monitor_temperature_scd41,28.1578826904297,2026-08-22T14:51:34.978Z
sensor.air_quality_monitor_temperature_scd41,28.1605529785156,2026-08-22T14:51:44.980Z
sensor.air_quality_monitor_temperature_scd41,28.1952667236328,2026-08-22T14:51:54.982Z
sensor.air_quality_monitor_temperature_scd41,28.1578826904297,2026-08-22T14:52:04.986Z
sensor.air_quality_monitor_temperature_scd41,28.1792449951172,2026-08-22T14:52:14.986Z
sensor.air_quality_monitor_temperature_scd41,28.1952667236328,2026-08-22T14:52:24.987Z
sensor.air_quality_monitor_temperature_scd41,28.2059478759766,2026-08-22T14:52:34.990Z
sensor.air_quality_monitor_temperature_scd41,28.2166290283203,2026-08-22T14:52:44.993Z
sensor.air_quality_monitor_temperature_scd41,28.2326507568359,2026-08-22T14:52:54.998Z
sensor.air_quality_monitor_temperature_scd41,28.2353210449219,2026-08-22T14:53:05.000Z
sensor.air_quality_monitor_temperature_scd41,28.2513427734375,2026-08-22T14:53:25.003Z
sensor.air_quality_monitor_temperature_scd41,28.2566833496094,2026-08-22T14:53:35.005Z
sensor.air_quality_monitor_temperature_scd41,28.2700347900391,2026-08-22T14:53:45.014Z
sensor.air_quality_monitor_temperature_scd41,28.2593536376953,2026-08-22T14:53:55.019Z
sensor.air_quality_monitor_temperature_scd41,28.2780456542969,2026-08-22T14:54:05.021Z
sensor.air_quality_monitor_temperature_scd41,28.2860565185547,2026-08-22T14:54:15.028Z
sensor.air_quality_monitor_temperature_scd41,28.3100891113281,2026-08-22T14:54:35.032Z
sensor.air_quality_monitor_temperature_scd41,28.3234405517578,2026-08-22T14:54:45.035Z
sensor.air_quality_monitor_temperature_scd41,28.3207702636719,2026-08-22T14:54:55.039Z
sensor.air_quality_monitor_temperature_scd41,28.3261108398438,2026-08-22T14:55:05.039Z
sensor.air_quality_monitor_temperature_scd41,28.3367919921875,2026-08-22T14:55:15.044Z
sensor.air_quality_monitor_temperature_scd41,28.3341217041016,2026-08-22T14:55:25.036Z
sensor.air_quality_monitor_temperature_scd41,28.3501434326172,2026-08-22T14:55:35.045Z
sensor.air_quality_monitor_temperature_scd41,28.3608245849609,2026-08-22T14:55:45.046Z
sensor.air_quality_monitor_temperature_scd41,28.40087890625,2026-08-22T14:56:05.051Z
sensor.air_quality_monitor_temperature_scd41,28.3982086181641,2026-08-22T14:56:15.052Z
sensor.air_quality_monitor_temperature_scd41,28.4062194824219,2026-08-22T14:56:25.052Z
sensor.air_quality_monitor_temperature_scd41,28.4249114990234,2026-08-22T14:56:35.053Z
sensor.air_quality_monitor_temperature_scd41,28.4409332275391,2026-08-22T14:57:05.055Z
sensor.air_quality_monitor_temperature_scd41,28.4622955322266,2026-08-22T14:57:15.056Z
sensor.air_quality_monitor_temperature_scd41,28.4889984130859,2026-08-22T14:57:25.059Z
sensor.air_quality_monitor_temperature_scd41,28.4783172607422,2026-08-22T14:57:35.063Z
sensor.air_quality_monitor_temperature_scd41,28.5023498535156,2026-08-22T14:57:45.068Z
sensor.air_quality_monitor_temperature_scd41,28.486328125,2026-08-22T14:57:55.068Z
sensor.air_quality_monitor_temperature_scd41,28.5130310058594,2026-08-22T14:58:05.071Z
sensor.air_quality_monitor_temperature_scd41,28.4889984130859,2026-08-22T14:58:15.076Z
sensor.air_quality_monitor_temperature_scd41,28.5157012939453,2026-08-22T14:58:25.088Z
sensor.air_quality_monitor_temperature_scd41,28.5317230224609,2026-08-22T14:58:35.090Z
sensor.air_quality_monitor_temperature_scd41,28.5237121582031,2026-08-22T14:58:45.095Z
sensor.air_quality_monitor_temperature_scd41,28.5530853271484,2026-08-22T14:58:55.096Z
sensor.air_quality_monitor_temperature_scd41,28.5424041748047,2026-08-22T14:59:05.110Z
sensor.air_quality_monitor_temperature_scd41,28.5450744628906,2026-08-22T14:59:15.113Z
sensor.air_quality_monitor_temperature_scd41,28.5610961914062,2026-08-22T14:59:25.113Z
sensor.air_quality_monitor_temperature_scd41,28.5557556152344,2026-08-22T14:59:35.113Z
sensor.air_quality_monitor_temperature_scd41,28.5664367675781,2026-08-22T14:59:45.114Z
sensor.air_quality_monitor_temperature_scd41,28.5824584960938,2026-08-22T14:59:55.114Z
sensor.air_quality_monitor_temperature_scd41,28.5530853271484,2026-08-22T15:00:05.117Z
sensor.air_quality_monitor_temperature_scd41,28.5691070556641,2026-08-22T15:00:15.118Z
sensor.air_quality_monitor_temperature_scd41,28.5744476318359,2026-08-22T15:00:35.119Z
sensor.air_quality_monitor_temperature_scd41,28.5557556152344,2026-08-22T15:00:45.119Z
sensor.air_quality_monitor_temperature_scd41,28.5904693603516,2026-08-22T15:00:55.119Z
sensor.air_quality_monitor_temperature_scd41,28.5557556152344,2026-08-22T15:01:05.113Z
sensor.air_quality_monitor_temperature_scd41,28.5691070556641,2026-08-22T15:01:15.122Z
sensor.air_quality_monitor_temperature_scd41,28.5744476318359,2026-08-22T15:01:25.122Z
sensor.air_quality_monitor_temperature_scd41,28.5904693603516,2026-08-22T15:01:35.124Z
sensor.air_quality_monitor_temperature_scd41,28.5797882080078,2026-08-22T15:01:45.127Z
sensor.air_quality_monitor_temperature_scd41,28.5744476318359,2026-08-22T15:01:55.132Z
sensor.air_quality_monitor_temperature_scd41,28.5637664794922,2026-08-22T15:02:05.134Z
sensor.air_quality_monitor_temperature_scd41,28.5958099365234,2026-08-22T15:02:15.140Z
sensor.air_quality_monitor_temperature_scd41,28.6038208007812,2026-08-22T15:02:25.145Z
sensor.air_quality_monitor_temperature_scd41,28.5824584960938,2026-08-22T15:02:35.146Z
sensor.air_quality_monitor_temperature_scd41,28.5744476318359,2026-08-22T15:02:45.146Z
sensor.air_quality_monitor_temperature_scd41,28.5851287841797,2026-08-22T15:02:55.152Z
sensor.air_quality_monitor_temperature_scd41,28.5958099365234,2026-08-22T15:03:05.150Z
sensor.air_quality_monitor_temperature_scd41,28.57177734375,2026-08-22T15:03:25.159Z
sensor.air_quality_monitor_temperature_scd41,28.5851287841797,2026-08-22T15:03:35.151Z
sensor.air_quality_monitor_temperature_scd41,28.6064910888672,2026-08-22T15:03:45.153Z
sensor.air_quality_monitor_temperature_scd41,28.6091613769531,2026-08-22T15:03:55.159Z
sensor.air_quality_monitor_temperature_scd41,28.5931396484375,2026-08-22T15:04:05.155Z
sensor.air_quality_monitor_temperature_scd41,28.6091613769531,2026-08-22T15:04:25.170Z
sensor.air_quality_monitor_temperature_scd41,28.5931396484375,2026-08-22T15:04:35.171Z
sensor.air_quality_monitor_temperature_scd41,28.5958099365234,2026-08-22T15:04:45.171Z
sensor.air_quality_monitor_temperature_scd41,28.6064910888672,2026-08-22T15:04:55.173Z
sensor.air_quality_monitor_temperature_scd41,28.5958099365234,2026-08-22T15:05:15.177Z
sensor.air_quality_monitor_temperature_scd41,28.6198425292969,2026-08-22T15:05:25.180Z
sensor.air_quality_monitor_temperature_scd41,28.6118316650391,2026-08-22T15:05:35.181Z
sensor.air_quality_monitor_temperature_scd41,28.6038208007812,2026-08-22T15:05:45.181Z
sensor.air_quality_monitor_temperature_scd41,28.6225128173828,2026-08-22T15:05:55.183Z
sensor.air_quality_monitor_temperature_scd41,28.6171722412109,2026-08-22T15:06:05.185Z
sensor.air_quality_monitor_temperature_scd41,28.6225128173828,2026-08-22T15:06:15.185Z
sensor.air_quality_monitor_temperature_scd41,28.6064910888672,2026-08-22T15:06:25.185Z
sensor.air_quality_monitor_temperature_scd41,28.6331939697266,2026-08-22T15:06:35.189Z
sensor.air_quality_monitor_temperature_scd41,28.6011505126953,2026-08-22T15:06:45.193Z
sensor.air_quality_monitor_temperature_scd41,28.6171722412109,2026-08-22T15:06:55.198Z
sensor.air_quality_monitor_temperature_scd41,28.6198425292969,2026-08-22T15:07:05.205Z
sensor.air_quality_monitor_temperature_scd41,28.6091613769531,2026-08-22T15:07:15.206Z
sensor.air_quality_monitor_temperature_scd41,28.6331939697266,2026-08-22T15:07:25.206Z
sensor.air_quality_monitor_temperature_scd41,28.6171722412109,2026-08-22T15:07:35.207Z
sensor.air_quality_monitor_temperature_scd41,28.6278533935547,2026-08-22T15:07:45.208Z
sensor.air_quality_monitor_temperature_scd41,28.6331939697266,2026-08-22T15:07:55.211Z
sensor.air_quality_monitor_temperature_scd41,28.6198425292969,2026-08-22T15:08:05.216Z
sensor.air_quality_monitor_temperature_scd41,28.6064910888672,2026-08-22T15:08:15.216Z
sensor.air_quality_monitor_temperature_scd41,28.6171722412109,2026-08-22T15:08:25.220Z
sensor.air_quality_monitor_temperature_scd41,28.614501953125,2026-08-22T15:08:35.225Z
sensor.air_quality_monitor_temperature_scd41,28.6198425292969,2026-08-22T15:08:45.225Z
sensor.air_quality_monitor_temperature_scd41,28.6358642578125,2026-08-22T15:08:55.227Z
sensor.air_quality_monitor_temperature_scd41,28.6225128173828,2026-08-22T15:09:25.223Z
sensor.air_quality_monitor_temperature_scd41,28.6305236816406,2026-08-22T15:09:35.230Z
sensor.air_quality_monitor_temperature_scd41,28.6331939697266,2026-08-22T15:09:45.231Z
sensor.air_quality_monitor_temperature_scd41,28.6225128173828,2026-08-22T15:09:55.233Z
sensor.air_quality_monitor_temperature_scd41,28.6198425292969,2026-08-22T15:10:05.228Z
sensor.air_quality_monitor_temperature_scd41,28.5958099365234,2026-08-22T15:10:15.228Z
sensor.air_quality_monitor_temperature_scd41,28.6091613769531,2026-08-22T15:10:25.229Z
sensor.air_quality_monitor_temperature_scd41,28.6011505126953,2026-08-22T15:10:35.234Z
sensor.air_quality_monitor_temperature_scd41,28.6198425292969,2026-08-22T15:10:45.236Z
sensor.air_quality_monitor_temperature_scd41,28.6278533935547,2026-08-22T15:10:55.236Z
sensor.air_quality_monitor_temperature_scd41,28.6064910888672,2026-08-22T15:11:05.235Z
sensor.air_quality_monitor_temperature_scd41,28.6278533935547,2026-08-22T15:11:15.236Z
sensor.air_quality_monitor_temperature_scd41,28.6118316650391,2026-08-22T15:11:25.238Z
sensor.air_quality_monitor_temperature_scd41,28.6064910888672,2026-08-22T15:11:35.242Z
sensor.air_quality_monitor_temperature_scd41,28.6118316650391,2026-08-22T15:11:45.243Z
sensor.air_quality_monitor_temperature_scd41,28.6198425292969,2026-08-22T15:11:55.243Z
sensor.air_quality_monitor_temperature_scd41,28.6171722412109,2026-08-22T15:12:05.253Z
sensor.air_quality_monitor_temperature_scd41,28.6064910888672,2026-08-22T15:12:25.253Z
sensor.air_quality_monitor_temperature_scd41,28.6171722412109,2026-08-22T15:12:35.260Z
sensor.air_quality_monitor_temperature_scd41,28.6198425292969,2026-08-22T15:12:45.270Z
sensor.air_quality_monitor_temperature_scd41,28.6118316650391,2026-08-22T15:12:55.273Z
sensor.air_quality_monitor_temperature_scd41,28.6225128173828,2026-08-22T15:13:05.278Z
sensor.air_quality_monitor_temperature_scd41,28.6091613769531,2026-08-22T15:13:15.277Z
sensor.air_quality_monitor_temperature_scd41,28.614501953125,2026-08-22T15:13:35.281Z
sensor.air_quality_monitor_temperature_scd41,28.6091613769531,2026-08-22T15:13:45.282Z
sensor.air_quality_monitor_temperature_scd41,28.6305236816406,2026-08-22T15:13:55.286Z
sensor.air_quality_monitor_temperature_scd41,28.6118316650391,2026-08-22T15:14:05.287Z
sensor.air_quality_monitor_temperature_scd41,28.6091613769531,2026-08-22T15:14:15.287Z
sensor.air_quality_monitor_temperature_scd41,28.5958099365234,2026-08-22T15:14:25.288Z
sensor.air_quality_monitor_temperature_scd41,28.5984802246094,2026-08-22T15:14:45.287Z
sensor.air_quality_monitor_temperature_scd41,28.6011505126953,2026-08-22T15:14:55.291Z
sensor.air_quality_monitor_temperature_scd41,28.614501953125,2026-08-22T15:15:05.306Z
sensor.air_quality_monitor_temperature_scd41,28.5877990722656,2026-08-22T15:15:15.318Z
sensor.air_quality_monitor_temperature_scd41,28.57177734375,2026-08-22T15:15:25.323Z
sensor.air_quality_monitor_temperature_scd41,28.5691070556641,2026-08-22T15:15:35.323Z
sensor.air_quality_monitor_temperature_scd41,28.5584259033203,2026-08-22T15:15:45.324Z
sensor.air_quality_monitor_temperature_scd41,28.5637664794922,2026-08-22T15:15:55.324Z
sensor.air_quality_monitor_temperature_scd41,28.5691070556641,2026-08-22T15:16:05.327Z
sensor.air_quality_monitor_temperature_scd41,28.57177734375,2026-08-22T15:16:15.329Z
sensor.air_quality_monitor_temperature_scd41,28.5584259033203,2026-08-22T15:16:25.328Z
sensor.air_quality_monitor_temperature_scd41,28.5450744628906,2026-08-22T15:16:35.328Z
sensor.air_quality_monitor_temperature_scd41,28.5530853271484,2026-08-22T15:16:45.329Z
sensor.air_quality_monitor_temperature_scd41,28.5744476318359,2026-08-22T15:16:55.332Z
sensor.air_quality_monitor_temperature_scd41,28.5424041748047,2026-08-22T15:17:05.332Z
sensor.air_quality_monitor_temperature_scd41,28.5744476318359,2026-08-22T15:17:15.335Z
sensor.air_quality_monitor_temperature_scd41,28.5530853271484,2026-08-22T15:17:25.338Z
sensor.air_quality_monitor_temperature_scd41,28.5691070556641,2026-08-22T15:17:35.336Z
sensor.air_quality_monitor_temperature_scd41,28.5584259033203,2026-08-22T15:17:45.345Z
sensor.air_quality_monitor_temperature_scd41,28.5557556152344,2026-08-22T15:17:55.338Z
sensor.air_quality_monitor_temperature_scd41,28.5664367675781,2026-08-22T15:18:05.338Z
sensor.air_quality_monitor_temperature_scd41,28.5824584960938,2026-08-22T15:18:15.348Z
sensor.air_quality_monitor_temperature_scd41,28.5610961914062,2026-08-22T15:18:25.360Z
sensor.air_quality_monitor_temperature_scd41,28.5530853271484,2026-08-22T15:18:35.362Z
sensor.air_quality_monitor_temperature_scd41,28.5424041748047,2026-08-22T15:18:45.363Z
sensor.air_quality_monitor_temperature_scd41,28.5557556152344,2026-08-22T15:18:55.363Z
sensor.air_quality_monitor_temperature_scd41,28.5530853271484,2026-08-22T15:19:05.366Z
sensor.air_quality_monitor_temperature_scd41,28.5397338867188,2026-08-22T15:19:25.372Z
sensor.air_quality_monitor_temperature_scd41,28.5584259033203,2026-08-22T15:19:35.369Z
sensor.air_quality_monitor_temperature_scd41,28.5450744628906,2026-08-22T15:19:45.370Z
sensor.air_quality_monitor_temperature_scd41,28.5504150390625,2026-08-22T15:19:55.378Z
sensor.air_quality_monitor_temperature_scd41,28.5610961914062,2026-08-22T15:20:05.373Z
sensor.air_quality_monitor_temperature_scd41,28.5691070556641,2026-08-22T15:20:15.377Z
sensor.air_quality_monitor_temperature_scd41,28.5530853271484,2026-08-22T15:20:25.385Z
sensor.air_quality_monitor_temperature_scd41,28.5424041748047,2026-08-22T15:20:35.376Z
sensor.air_quality_monitor_temperature_scd41,28.5637664794922,2026-08-22T15:20:45.377Z
sensor.air_quality_monitor_temperature_scd41,28.5610961914062,2026-08-22T15:20:55.388Z
sensor.air_quality_monitor_temperature_scd41,28.5797882080078,2026-08-22T15:21:05.386Z
sensor.air_quality_monitor_temperature_scd41,28.5557556152344,2026-08-22T15:21:15.386Z
sensor.air_quality_monitor_temperature_scd41,28.5851287841797,2026-08-22T15:21:25.394Z
sensor.air_quality_monitor_temperature_scd41,28.5584259033203,2026-08-22T15:21:35.399Z
sensor.air_quality_monitor_temperature_scd41,28.5797882080078,2026-08-22T15:21:45.400Z
sensor.air_quality_monitor_temperature_scd41,28.5744476318359,2026-08-22T15:22:05.406Z
sensor.air_quality_monitor_temperature_scd41,28.5797882080078,2026-08-22T15:22:15.404Z
sensor.air_quality_monitor_temperature_scd41,28.5851287841797,2026-08-22T15:22:25.412Z
sensor.air_quality_monitor_temperature_scd41,28.5931396484375,2026-08-22T15:22:35.410Z
sensor.air_quality_monitor_temperature_scd41,28.6198425292969,2026-08-22T15:22:45.414Z
sensor.air_quality_monitor_temperature_scd41,28.6091613769531,2026-08-22T15:22:55.414Z
sensor.air_quality_monitor_temperature_scd41,28.5958099365234,2026-08-22T15:23:05.422Z
sensor.air_quality_monitor_temperature_scd41,28.6171722412109,2026-08-22T15:23:15.424Z
sensor.air_quality_monitor_temperature_scd41,28.5958099365234,2026-08-22T15:23:25.425Z
sensor.air_quality_monitor_temperature_scd41,28.5984802246094,2026-08-22T15:23:35.424Z
sensor.air_quality_monitor_temperature_scd41,28.6064910888672,2026-08-22T15:23:45.426Z
sensor.air_quality_monitor_temperature_scd41,28.6011505126953,2026-08-22T15:23:55.426Z
sensor.air_quality_monitor_temperature_scd41,28.5984802246094,2026-08-22T15:24:05.426Z
sensor.air_quality_monitor_temperature_scd41,28.6091613769531,2026-08-22T15:24:15.429Z
sensor.air_quality_monitor_temperature_scd41,28.6198425292969,2026-08-22T15:24:25.430Z
sensor.air_quality_monitor_temperature_scd41,28.6038208007812,2026-08-22T15:24:35.429Z
sensor.air_quality_monitor_temperature_scd41,28.6091613769531,2026-08-22T15:24:45.431Z
sensor.air_quality_monitor_temperature_scd41,28.5851287841797,2026-08-22T15:24:55.431Z
sensor.air_quality_monitor_temperature_scd41,28.5744476318359,2026-08-22T15:25:15.437Z
sensor.air_quality_monitor_temperature_scd41,28.5691070556641,2026-08-22T15:25:25.437Z
sensor.air_quality_monitor_temperature_scd41,28.57177734375,2026-08-22T15:25:35.436Z
sensor.air_quality_monitor_temperature_scd41,28.5904693603516,2026-08-22T15:25:45.440Z
sensor.air_quality_monitor_temperature_scd41,28.57177734375,2026-08-22T15:25:55.440Z
sensor.air_quality_monitor_temperature_scd41,28.5691070556641,2026-08-22T15:26:05.443Z
sensor.air_quality_monitor_temperature_scd41,28.5584259033203,2026-08-22T15:26:15.444Z
sensor.air_quality_monitor_temperature_scd41,28.5530853271484,2026-08-22T15:26:35.451Z
sensor.air_quality_monitor_temperature_scd41,28.5424041748047,2026-08-22T15:26:45.450Z
sensor.air_quality_monitor_temperature_scd41,28.5370635986328,2026-08-22T15:26:55.455Z
sensor.air_quality_monitor_temperature_scd41,28.5424041748047,2026-08-22T15:27:05.459Z
sensor.air_quality_monitor_temperature_scd41,28.5397338867188,2026-08-22T15:27:15.461Z
sensor.air_quality_monitor_temperature_scd41,28.5450744628906,2026-08-22T15:27:25.462Z
sensor.air_quality_monitor_temperature_scd41,28.5424041748047,2026-08-22T15:27:35.469Z
sensor.air_quality_monitor_temperature_scd41,28.5157012939453,2026-08-22T15:27:45.472Z
sensor.air_quality_monitor_temperature_scd41,28.5263824462891,2026-08-22T15:27:55.462Z
sensor.air_quality_monitor_temperature_scd41,28.5103607177734,2026-08-22T15:28:05.476Z
sensor.air_quality_monitor_temperature_scd41,28.5076904296875,2026-08-22T15:28:15.463Z
sensor.air_quality_monitor_temperature_scd41,28.5050201416016,2026-08-22T15:28:25.465Z
sensor.air_quality_monitor_temperature_scd41,28.4970092773438,2026-08-22T15:28:45.464Z
sensor.air_quality_monitor_temperature_scd41,28.486328125,2026-08-22T15:28:55.477Z
sensor.air_quality_monitor_temperature_scd41,28.4489440917969,2026-08-22T15:29:15.466Z
sensor.air_quality_monitor_temperature_scd41,28.4542846679688,2026-08-22T15:29:25.480Z
sensor.air_quality_monitor_temperature_scd41,28.4622955322266,2026-08-22T15:29:35.467Z
sensor.air_quality_monitor_temperature_scd41,28.4355926513672,2026-08-22T15:29:55.482Z
sensor.air_quality_monitor_temperature_scd41,28.4088897705078,2026-08-22T15:30:05.482Z
sensor.air_quality_monitor_temperature_scd41,28.4115600585938,2026-08-22T15:30:15.482Z
sensor.air_quality_monitor_temperature_scd41,28.4088897705078,2026-08-22T15:30:25.483Z
sensor.air_quality_monitor_temperature_scd41,28.3955383300781,2026-08-22T15:30:35.484Z
sensor.air_quality_monitor_temperature_scd41,28.3982086181641,2026-08-22T15:30:45.484Z
sensor.air_quality_monitor_temperature_scd41,28.4035491943359,2026-08-22T15:30:55.486Z
sensor.air_quality_monitor_temperature_scd41,28.3875274658203,2026-08-22T15:31:05.473Z
sensor.air_quality_monitor_temperature_scd41,28.3554840087891,2026-08-22T15:31:15.487Z
sensor.air_quality_monitor_temperature_scd41,28.3768463134766,2026-08-22T15:31:25.488Z
sensor.air_quality_monitor_temperature_scd41,28.3554840087891,2026-08-22T15:31:35.488Z
sensor.air_quality_monitor_temperature_scd41,28.3367919921875,2026-08-22T15:31:55.490Z
sensor.air_quality_monitor_temperature_scd41,28.3474731445312,2026-08-22T15:32:05.478Z
sensor.air_quality_monitor_temperature_scd41,28.3127593994141,2026-08-22T15:32:15.482Z
sensor.air_quality_monitor_temperature_scd41,28.3180999755859,2026-08-22T15:32:25.494Z
sensor.air_quality_monitor_temperature_scd41,28.3127593994141,2026-08-22T15:32:35.488Z
sensor.air_quality_monitor_temperature_scd41,28.3074188232422,2026-08-22T15:32:45.493Z
sensor.air_quality_monitor_temperature_scd41,28.2940673828125,2026-08-22T15:32:55.500Z
sensor.air_quality_monitor_temperature_scd41,28.2913970947266,2026-08-22T15:33:05.503Z
sensor.air_quality_monitor_temperature_scd41,28.2700347900391,2026-08-22T15:33:15.504Z
sensor.air_quality_monitor_temperature_scd41,28.2887268066406,2026-08-22T15:33:25.504Z
sensor.air_quality_monitor_temperature_scd41,28.2620239257812,2026-08-22T15:33:35.512Z
sensor.air_quality_monitor_temperature_scd41,28.272705078125,2026-08-22T15:33:55.511Z
sensor.air_quality_monitor_temperature_scd41,28.2620239257812,2026-08-22T15:34:05.516Z
sensor.air_quality_monitor_temperature_scd41,28.2326507568359,2026-08-22T15:34:15.519Z
sensor.air_quality_monitor_temperature_scd41,28.2513427734375,2026-08-22T15:34:25.518Z
sensor.air_quality_monitor_temperature_scd41,28.2059478759766,2026-08-22T15:34:35.527Z
sensor.air_quality_monitor_temperature_scd41,28.2513427734375,2026-08-22T15:34:55.530Z
sensor.air_quality_monitor_temperature_scd41,28.1952667236328,2026-08-22T15:35:05.533Z
sensor.air_quality_monitor_temperature_scd41,28.2086181640625,2026-08-22T15:35:15.537Z
sensor.air_quality_monitor_temperature_scd41,28.1952667236328,2026-08-22T15:35:25.537Z
sensor.air_quality_monitor_temperature_scd41,28.187255859375,2026-08-22T15:35:35.546Z
sensor.air_quality_monitor_temperature_scd41,28.1899261474609,2026-08-22T15:35:45.544Z
sensor.air_quality_monitor_temperature_scd41,28.1739044189453,2026-08-22T15:36:05.548Z
sensor.air_quality_monitor_temperature_scd41,28.1578826904297,2026-08-22T15:36:15.551Z
sensor.air_quality_monitor_temperature_scd41,28.1605529785156,2026-08-22T15:36:35.559Z
sensor.air_quality_monitor_temperature_scd41,28.14453125,2026-08-22T15:36:45.573Z
sensor.air_quality_monitor_temperature_scd41,28.1365203857422,2026-08-22T15:36:55.589Z
sensor.air_quality_monitor_temperature_scd41,28.1525421142578,2026-08-22T15:37:05.590Z
sensor.air_quality_monitor_temperature_scd41,28.1258392333984,2026-08-22T15:37:15.590Z
sensor.air_quality_monitor_temperature_scd41,28.1365203857422,2026-08-22T15:37:25.592Z
sensor.air_quality_monitor_temperature_scd41,28.1178283691406,2026-08-22T15:37:35.594Z
sensor.air_quality_monitor_temperature_scd41,28.1204986572266,2026-08-22T15:37:45.598Z
sensor.air_quality_monitor_temperature_scd41,28.1044769287109,2026-08-22T15:37:55.597Z
sensor.air_quality_monitor_temperature_scd41,28.1124877929688,2026-08-22T15:38:05.601Z
sensor.air_quality_monitor_temperature_scd41,28.0857849121094,2026-08-22T15:38:15.602Z
sensor.air_quality_monitor_temperature_scd41,28.0804443359375,2026-08-22T15:38:25.607Z
sensor.air_quality_monitor_temperature_scd41,28.101806640625,2026-08-22T15:38:35.608Z
sensor.air_quality_monitor_temperature_scd41,28.0751037597656,2026-08-22T15:38:45.609Z
sensor.air_quality_monitor_temperature_scd41,28.0724334716797,2026-08-22T15:38:55.612Z
sensor.air_quality_monitor_temperature_scd41,28.0697631835938,2026-08-22T15:39:05.611Z
sensor.air_quality_monitor_temperature_scd41,28.0564117431641,2026-08-22T15:39:15.613Z
sensor.air_quality_monitor_temperature_scd41,28.0297088623047,2026-08-22T15:39:25.617Z
sensor.air_quality_monitor_temperature_scd41,28.0270385742188,2026-08-22T15:39:35.617Z
sensor.air_quality_monitor_temperature_scd41,28.0457305908203,2026-08-22T15:39:45.617Z
sensor.air_quality_monitor_temperature_scd41,28.0537414550781,2026-08-22T15:39:55.619Z
sensor.air_quality_monitor_temperature_scd41,28.0270385742188,2026-08-22T15:40:05.618Z
sensor.air_quality_monitor_temperature_scd41,28.0056762695312,2026-08-22T15:40:15.620Z
sensor.air_quality_monitor_temperature_scd41,28.0190277099609,2026-08-22T15:40:25.622Z
sensor.air_quality_monitor_temperature_scd41,28.0030059814453,2026-08-22T15:40:35.622Z
sensor.air_quality_monitor_temperature_scd41,27.9816436767578,2026-08-22T15:40:45.621Z
sensor.air_quality_monitor_temperature_scd41,27.9923248291016,2026-08-22T15:40:55.626Z
sensor.air_quality_monitor_temperature_scd41,27.9869842529297,2026-08-22T15:41:05.626Z
sensor.air_quality_monitor_temperature_scd41,27.9816436767578,2026-08-22T15:41:15.627Z
sensor.air_quality_monitor_temperature_scd41,27.9682922363281,2026-08-22T15:41:25.631Z
sensor.air_quality_monitor_temperature_scd41,27.9549407958984,2026-08-22T15:41:35.633Z
sensor.air_quality_monitor_temperature_scd41,27.9602813720703,2026-08-22T15:42:05.635Z
sensor.air_quality_monitor_temperature_scd41,27.930908203125,2026-08-22T15:42:15.636Z
sensor.air_quality_monitor_temperature_scd41,27.9015350341797,2026-08-22T15:42:25.643Z
sensor.air_quality_monitor_temperature_scd41,27.8908538818359,2026-08-22T15:42:35.640Z
sensor.air_quality_monitor_temperature_scd41,27.8935241699219,2026-08-22T15:42:45.641Z
sensor.air_quality_monitor_temperature_scd41,27.88818359375,2026-08-22T15:43:05.645Z
sensor.air_quality_monitor_temperature_scd41,27.8775024414062,2026-08-22T15:43:15.648Z
sensor.air_quality_monitor_temperature_scd41,27.8641510009766,2026-08-22T15:43:25.655Z
sensor.air_quality_monitor_temperature_scd41,27.8401184082031,2026-08-22T15:43:45.651Z
sensor.air_quality_monitor_temperature_scd41,27.8321075439453,2026-08-22T15:43:55.659Z
sensor.air_quality_monitor_temperature_scd41,27.8000640869141,2026-08-22T15:44:05.652Z
sensor.air_quality_monitor_temperature_scd41,27.8080749511719,2026-08-22T15:44:15.654Z
sensor.air_quality_monitor_temperature_scd41,27.8107452392578,2026-08-22T15:44:25.662Z
sensor.air_quality_monitor_temperature_scd41,27.7813720703125,2026-08-22T15:44:35.675Z
sensor.air_quality_monitor_temperature_scd41,27.7706909179688,2026-08-22T15:44:45.694Z
sensor.air_quality_monitor_temperature_scd41,27.7813720703125,2026-08-22T15:44:55.694Z
sensor.air_quality_monitor_temperature_scd41,27.7626800537109,2026-08-22T15:45:05.695Z
sensor.air_quality_monitor_temperature_scd41,27.7733612060547,2026-08-22T15:45:15.700Z
sensor.air_quality_monitor_temperature_scd41,27.7626800537109,2026-08-22T15:45:25.699Z
sensor.air_quality_monitor_temperature_scd41,27.7519989013672,2026-08-22T15:45:35.708Z
sensor.air_quality_monitor_temperature_scd41,27.7493286132812,2026-08-22T15:45:45.710Z
sensor.air_quality_monitor_temperature_scd41,27.7252960205078,2026-08-22T15:45:55.712Z
sensor.air_quality_monitor_temperature_scd41,27.7226257324219,2026-08-22T15:46:05.721Z
sensor.air_quality_monitor_temperature_scd41,27.6985931396484,2026-08-22T15:46:15.713Z
sensor.air_quality_monitor_temperature_scd41,27.7039337158203,2026-08-22T15:46:25.713Z
sensor.air_quality_monitor_temperature_scd41,27.6879119873047,2026-08-22T15:46:35.728Z
sensor.air_quality_monitor_temperature_scd41,27.6505279541016,2026-08-22T15:46:55.717Z
sensor.air_quality_monitor_temperature_scd41,27.6772308349609,2026-08-22T15:47:05.729Z
sensor.air_quality_monitor_temperature_scd41,27.6665496826172,2026-08-22T15:47:15.718Z
sensor.air_quality_monitor_temperature_scd41,27.6692199707031,2026-08-22T15:47:25.720Z
sensor.air_quality_monitor_temperature_scd41,27.6371765136719,2026-08-22T15:47:35.735Z
sensor.air_quality_monitor_temperature_scd41,27.6264953613281,2026-08-22T15:47:45.720Z
sensor.air_quality_monitor_temperature_scd41,27.6371765136719,2026-08-22T15:47:55.732Z
sensor.air_quality_monitor_temperature_scd41,27.6238250732422,2026-08-22T15:48:05.732Z
sensor.air_quality_monitor_temperature_scd41,27.6078033447266,2026-08-22T15:48:15.721Z
sensor.air_quality_monitor_temperature_scd41,27.5997924804688,2026-08-22T15:48:25.721Z
sensor.air_quality_monitor_temperature_scd41,27.5971221923828,2026-08-22T15:48:35.734Z
sensor.air_quality_monitor_temperature_scd41,27.5864410400391,2026-08-22T15:48:45.723Z
sensor.air_quality_monitor_temperature_scd41,27.5997924804688,2026-08-22T15:48:55.727Z
sensor.air_quality_monitor_temperature_scd41,27.5624084472656,2026-08-22T15:49:05.728Z
sensor.air_quality_monitor_temperature_scd41,27.5677490234375,2026-08-22T15:49:15.733Z
sensor.air_quality_monitor_temperature_scd41,27.5517272949219,2026-08-22T15:49:25.733Z
sensor.air_quality_monitor_temperature_scd41,27.5570678710938,2026-08-22T15:49:35.742Z
sensor.air_quality_monitor_temperature_scd41,27.5223541259766,2026-08-22T15:49:45.744Z
sensor.air_quality_monitor_temperature_scd41,27.5276947021484,2026-08-22T15:49:55.736Z
sensor.air_quality_monitor_temperature_scd41,27.5116729736328,2026-08-22T15:50:05.739Z
sensor.air_quality_monitor_temperature_scd41,27.5063323974609,2026-08-22T15:50:15.739Z
sensor.air_quality_monitor_temperature_scd41,27.4983215332031,2026-08-22T15:50:25.747Z
sensor.air_quality_monitor_temperature_scd41,27.4956512451172,2026-08-22T15:50:35.751Z
sensor.air_quality_monitor_temperature_scd41,27.4822998046875,2026-08-22T15:50:45.742Z
sensor.air_quality_monitor_temperature_scd41,27.4796295166016,2026-08-22T15:50:55.752Z
sensor.air_quality_monitor_temperature_scd41,27.4689483642578,2026-08-22T15:51:05.755Z
sensor.air_quality_monitor_temperature_scd41,27.4582672119141,2026-08-22T15:51:15.757Z
sensor.air_quality_monitor_temperature_scd41,27.4422454833984,2026-08-22T15:51:25.763Z
sensor.air_quality_monitor_temperature_scd41,27.4475860595703,2026-08-22T15:51:35.762Z
sensor.air_quality_monitor_temperature_scd41,27.4422454833984,2026-08-22T15:51:45.764Z
sensor.air_quality_monitor_temperature_scd41,27.4315643310547,2026-08-22T15:51:55.767Z
sensor.air_quality_monitor_temperature_scd41,27.418212890625,2026-08-22T15:52:05.769Z
sensor.air_quality_monitor_temperature_scd41,27.4288940429688,2026-08-22T15:52:15.772Z
sensor.air_quality_monitor_temperature_scd41,27.418212890625,2026-08-22T15:52:25.773Z
sensor.air_quality_monitor_temperature_scd41,27.4048614501953,2026-08-22T15:52:35.781Z
sensor.air_quality_monitor_temperature_scd41,27.3781585693359,2026-08-22T15:52:45.783Z
sensor.air_quality_monitor_temperature_scd41,27.3728179931641,2026-08-22T15:52:55.780Z
sensor.air_quality_monitor_temperature_scd41,27.3701477050781,2026-08-22T15:53:05.795Z
sensor.air_quality_monitor_temperature_scd41,27.3514556884766,2026-08-22T15:53:15.795Z
sensor.air_quality_monitor_temperature_scd41,27.3781585693359,2026-08-22T15:53:25.798Z
sensor.air_quality_monitor_temperature_scd41,27.3487854003906,2026-08-22T15:53:35.797Z
sensor.air_quality_monitor_temperature_scd41,27.3274230957031,2026-08-22T15:53:55.808Z
sensor.air_quality_monitor_temperature_scd41,27.3167419433594,2026-08-22T15:54:05.808Z
sensor.air_quality_monitor_temperature_scd41,27.3434448242188,2026-08-22T15:54:15.818Z
sensor.air_quality_monitor_temperature_scd41,27.3033905029297,2026-08-22T15:54:25.830Z
sensor.air_quality_monitor_temperature_scd41,27.3087310791016,2026-08-22T15:54:35.831Z
sensor.air_quality_monitor_temperature_scd41,27.2660064697266,2026-08-22T15:54:45.832Z
sensor.air_quality_monitor_temperature_scd41,27.2713470458984,2026-08-22T15:54:55.832Z
sensor.air_quality_monitor_temperature_scd41,27.2953796386719,2026-08-22T15:55:05.837Z
sensor.air_quality_monitor_temperature_scd41,27.2446441650391,2026-08-22T15:55:15.837Z
sensor.air_quality_monitor_temperature_scd41,27.2419738769531,2026-08-22T15:55:25.837Z
sensor.air_quality_monitor_temperature_scd41,27.2446441650391,2026-08-22T15:55:35.840Z
sensor.air_quality_monitor_temperature_scd41,27.2499847412109,2026-08-22T15:55:45.840Z
sensor.air_quality_monitor_temperature_scd41,27.2179412841797,2026-08-22T15:55:55.843Z
sensor.air_quality_monitor_temperature_scd41,27.2126007080078,2026-08-22T15:56:05.843Z
sensor.air_quality_monitor_temperature_scd41,27.1912384033203,2026-08-22T15:56:15.845Z
sensor.air_quality_monitor_temperature_scd41,27.2126007080078,2026-08-22T15:56:25.845Z
sensor.air_quality_monitor_temperature_scd41,27.2019195556641,2026-08-22T15:56:35.845Z
sensor.air_quality_monitor_temperature_scd41,27.1778869628906,2026-08-22T15:56:45.850Z
sensor.air_quality_monitor_temperature_scd41,27.1511840820312,2026-08-22T15:56:55.848Z
sensor.air_quality_monitor_temperature_scd41,27.1431732177734,2026-08-22T15:57:05.851Z
sensor.air_quality_monitor_temperature_scd41,27.1271514892578,2026-08-22T15:57:15.853Z
sensor.air_quality_monitor_temperature_scd41,27.1218109130859,2026-08-22T15:57:25.860Z
sensor.air_quality_monitor_temperature_scd41,27.1004486083984,2026-08-22T15:57:35.853Z
sensor.air_quality_monitor_temperature_scd41,27.0870971679688,2026-08-22T15:57:45.858Z
sensor.air_quality_monitor_temperature_scd41,27.0844268798828,2026-08-22T15:57:55.864Z
sensor.air_quality_monitor_temperature_scd41,27.0737457275391,2026-08-22T15:58:05.863Z
sensor.air_quality_monitor_temperature_scd41,27.0977783203125,2026-08-22T15:58:15.863Z
sensor.air_quality_monitor_temperature_scd41,27.0550537109375,2026-08-22T15:58:25.871Z
sensor.air_quality_monitor_temperature_scd41,27.0603942871094,2026-08-22T15:58:35.870Z
sensor.air_quality_monitor_temperature_scd41,27.0550537109375,2026-08-22T15:58:45.870Z
sensor.air_quality_monitor_temperature_scd41,27.0497131347656,2026-08-22T15:58:55.880Z
sensor.air_quality_monitor_temperature_scd41,27.0470428466797,2026-08-22T15:59:05.879Z
sensor.air_quality_monitor_temperature_scd41,27.0283508300781,2026-08-22T15:59:15.880Z
sensor.air_quality_monitor_temperature_scd41,27.0149993896484,2026-08-22T15:59:25.884Z
sensor.air_quality_monitor_temperature_scd41,27.0096588134766,2026-08-22T15:59:35.885Z
sensor.air_quality_monitor_temperature_scd41,26.9856262207031,2026-08-22T15:59:45.883Z
sensor.air_quality_monitor_temperature_scd41,26.9829559326172,2026-08-22T15:59:55.894Z
sensor.air_quality_monitor_temperature_scd41,26.990966796875,2026-08-22T16:00:05.885Z
sensor.air_quality_monitor_temperature_scd41,26.9615936279297,2026-08-22T16:00:15.886Z
sensor.air_quality_monitor_temperature_scd41,26.9802856445312,2026-08-22T16:00:25.897Z
sensor.air_quality_monitor_temperature_scd41,26.9509124755859,2026-08-22T16:00:35.906Z
sensor.air_quality_monitor_temperature_scd41,26.9242095947266,2026-08-22T16:00:55.902Z
sensor.air_quality_monitor_temperature_scd41,26.9081878662109,2026-08-22T16:01:05.892Z
sensor.air_quality_monitor_temperature_scd41,26.9295501708984,2026-08-22T16:01:15.891Z
sensor.air_quality_monitor_temperature_scd41,26.9001770019531,2026-08-22T16:01:25.903Z
sensor.air_quality_monitor_temperature_scd41,26.8921661376953,2026-08-22T16:01:45.905Z
sensor.air_quality_monitor_temperature_scd41,26.8708038330078,2026-08-22T16:01:55.906Z
sensor.air_quality_monitor_temperature_scd41,26.8601226806641,2026-08-22T16:02:05.905Z
sensor.air_quality_monitor_temperature_scd41,26.8334197998047,2026-08-22T16:02:15.906Z
sensor.air_quality_monitor_temperature_scd41,26.8574523925781,2026-08-22T16:02:25.907Z
sensor.air_quality_monitor_temperature_scd41,26.8334197998047,2026-08-22T16:02:35.908Z
sensor.air_quality_monitor_temperature_scd41,26.8387603759766,2026-08-22T16:02:45.895Z
sensor.air_quality_monitor_temperature_scd41,26.8307495117188,2026-08-22T16:02:55.911Z
sensor.air_quality_monitor_temperature_scd41,26.8147277832031,2026-08-22T16:03:05.912Z
sensor.air_quality_monitor_temperature_scd41,26.7987060546875,2026-08-22T16:03:15.898Z
sensor.air_quality_monitor_temperature_scd41,26.8093872070312,2026-08-22T16:03:25.911Z
sensor.air_quality_monitor_temperature_scd41,26.7933654785156,2026-08-22T16:03:35.899Z
sensor.air_quality_monitor_temperature_scd41,26.7639923095703,2026-08-22T16:03:45.900Z
sensor.air_quality_monitor_temperature_scd41,26.7720031738281,2026-08-22T16:03:55.913Z
sensor.air_quality_monitor_temperature_scd41,26.7533111572266,2026-08-22T16:04:05.901Z
sensor.air_quality_monitor_temperature_scd41,26.7372894287109,2026-08-22T16:04:15.901Z
sensor.air_quality_monitor_temperature_scd41,26.7453002929688,2026-08-22T16:04:25.915Z
sensor.air_quality_monitor_temperature_scd41,26.7319488525391,2026-08-22T16:04:35.902Z
sensor.air_quality_monitor_temperature_scd41,26.7185974121094,2026-08-22T16:04:45.906Z
sensor.air_quality_monitor_temperature_scd41,26.7079162597656,2026-08-22T16:04:55.919Z
sensor.air_quality_monitor_temperature_scd41,26.69189453125,2026-08-22T16:05:05.920Z
sensor.air_quality_monitor_temperature_scd41,26.6892242431641,2026-08-22T16:05:15.910Z
sensor.air_quality_monitor_temperature_scd41,26.6838836669922,2026-08-22T16:05:25.922Z
sensor.air_quality_monitor_temperature_scd41,26.6518402099609,2026-08-22T16:05:35.913Z
sensor.air_quality_monitor_temperature_scd41,26.6358184814453,2026-08-22T16:05:45.918Z
sensor.air_quality_monitor_temperature_scd41,26.6678619384766,2026-08-22T16:05:55.926Z
sensor.air_quality_monitor_temperature_scd41,26.6411590576172,2026-08-22T16:06:05.919Z
sensor.air_quality_monitor_temperature_scd41,26.6224670410156,2026-08-22T16:06:15.928Z
sensor.air_quality_monitor_temperature_scd41,26.6304779052734,2026-08-22T16:06:25.932Z
sensor.air_quality_monitor_temperature_scd41,26.6251373291016,2026-08-22T16:06:35.921Z
sensor.air_quality_monitor_temperature_scd41,26.5930938720703,2026-08-22T16:06:45.922Z
sensor.air_quality_monitor_temperature_scd41,26.6037750244141,2026-08-22T16:06:55.934Z
sensor.air_quality_monitor_temperature_scd41,26.6171264648438,2026-08-22T16:07:05.927Z
sensor.air_quality_monitor_temperature_scd41,26.5930938720703,2026-08-22T16:07:15.928Z
sensor.air_quality_monitor_temperature_scd41,26.5717315673828,2026-08-22T16:07:25.937Z
sensor.air_quality_monitor_temperature_scd41,26.5583801269531,2026-08-22T16:07:35.929Z
sensor.air_quality_monitor_temperature_scd41,26.563720703125,2026-08-22T16:07:45.931Z
sensor.air_quality_monitor_temperature_scd41,26.5690612792969,2026-08-22T16:07:55.941Z
sensor.air_quality_monitor_temperature_scd41,26.5316772460938,2026-08-22T16:08:05.938Z
sensor.air_quality_monitor_temperature_scd41,26.5343475341797,2026-08-22T16:08:25.946Z
sensor.air_quality_monitor_temperature_scd41,26.5263366699219,2026-08-22T16:08:35.957Z
sensor.air_quality_monitor_temperature_scd41,26.4969635009766,2026-08-22T16:08:45.958Z
sensor.air_quality_monitor_temperature_scd41,26.5129852294922,2026-08-22T16:08:55.958Z
sensor.air_quality_monitor_temperature_scd41,26.5156555175781,2026-08-22T16:09:05.959Z
sensor.air_quality_monitor_temperature_scd41,26.5023040771484,2026-08-22T16:09:15.961Z
sensor.air_quality_monitor_temperature_scd41,26.4889526367188,2026-08-22T16:09:25.961Z
sensor.air_quality_monitor_temperature_scd41,26.478271484375,2026-08-22T16:09:35.962Z
sensor.air_quality_monitor_temperature_scd41,26.4836120605469,2026-08-22T16:09:45.962Z
sensor.air_quality_monitor_temperature_scd41,26.4595794677734,2026-08-22T16:09:55.965Z
sensor.air_quality_monitor_temperature_scd41,26.4649200439453,2026-08-22T16:10:05.969Z
sensor.air_quality_monitor_temperature_scd41,26.4382171630859,2026-08-22T16:10:25.971Z
sensor.air_quality_monitor_temperature_scd41,26.4462280273438,2026-08-22T16:10:35.972Z
sensor.air_quality_monitor_temperature_scd41,26.4221954345703,2026-08-22T16:10:45.972Z
sensor.air_quality_monitor_temperature_scd41,26.435546875,2026-08-22T16:10:55.976Z
sensor.air_quality_monitor_temperature_scd41,26.4382171630859,2026-08-22T16:11:05.974Z
sensor.air_quality_monitor_temperature_scd41,26.3901519775391,2026-08-22T16:11:15.978Z
sensor.air_quality_monitor_temperature_scd41,26.3954925537109,2026-08-22T16:11:25.978Z
sensor.air_quality_monitor_temperature_scd41,26.3741302490234,2026-08-22T16:11:35.984Z
sensor.air_quality_monitor_temperature_scd41,26.4008331298828,2026-08-22T16:11:45.984Z
sensor.air_quality_monitor_temperature_scd41,26.3794708251953,2026-08-22T16:11:55.984Z
sensor.air_quality_monitor_temperature_scd41,26.3634490966797,2026-08-22T16:12:05.985Z
sensor.air_quality_monitor_temperature_scd41,26.3714599609375,2026-08-22T16:12:15.986Z
sensor.air_quality_monitor_temperature_scd41,26.3821411132812,2026-08-22T16:12:25.988Z
sensor.air_quality_monitor_temperature_scd41,26.3554382324219,2026-08-22T16:12:35.988Z
sensor.air_quality_monitor_temperature_scd41,26.3394165039062,2026-08-22T16:12:45.992Z
sensor.air_quality_monitor_temperature_scd41,26.3474273681641,2026-08-22T16:12:55.992Z
sensor.air_quality_monitor_temperature_scd41,26.3367462158203,2026-08-22T16:13:05.992Z
sensor.air_quality_monitor_temperature_scd41,26.3447570800781,2026-08-22T16:13:15.992Z
sensor.air_quality_monitor_temperature_scd41,26.3420867919922,2026-08-22T16:13:25.996Z
sensor.air_quality_monitor_temperature_scd41,26.3153839111328,2026-08-22T16:13:35.999Z
sensor.air_quality_monitor_temperature_scd41,26.3394165039062,2026-08-22T16:13:46.000Z
sensor.air_quality_monitor_temperature_scd41,26.3287353515625,2026-08-22T16:13:56.002Z
sensor.air_quality_monitor_temperature_scd41,26.3127136230469,2026-08-22T16:14:06.008Z
sensor.air_quality_monitor_temperature_scd41,26.3180541992188,2026-08-22T16:14:16.002Z
sensor.air_quality_monitor_temperature_scd41,26.3020324707031,2026-08-22T16:14:26.003Z
sensor.air_quality_monitor_temperature_scd41,26.3207244873047,2026-08-22T16:14:36.003Z
sensor.air_quality_monitor_temperature_scd41,26.3100433349609,2026-08-22T16:14:46.014Z
sensor.air_quality_monitor_temperature_scd41,26.2940216064453,2026-08-22T16:14:56.005Z
sensor.air_quality_monitor_temperature_scd41,26.2886810302734,2026-08-22T16:15:06.016Z
sensor.air_quality_monitor_temperature_scd41,26.2646484375,2026-08-22T16:15:16.018Z
sensor.air_quality_monitor_temperature_scd41,26.2886810302734,2026-08-22T16:15:26.019Z
sensor.air_quality_monitor_temperature_scd41,26.2753295898438,2026-08-22T16:15:36.007Z
sensor.air_quality_monitor_temperature_scd41,26.2619781494141,2026-08-22T16:15:46.007Z
sensor.air_quality_monitor_temperature_scd41,26.2726593017578,2026-08-22T16:15:56.009Z
sensor.air_quality_monitor_temperature_scd41,26.2619781494141,2026-08-22T16:16:16.022Z
sensor.air_quality_monitor_temperature_scd41,26.2726593017578,2026-08-22T16:16:26.014Z
sensor.air_quality_monitor_temperature_scd41,26.2566375732422,2026-08-22T16:16:36.015Z
sensor.air_quality_monitor_temperature_scd41,26.2619781494141,2026-08-22T16:16:46.017Z
sensor.air_quality_monitor_temperature_scd41,26.2486267089844,2026-08-22T16:16:56.016Z
sensor.air_quality_monitor_temperature_scd41,26.2459564208984,2026-08-22T16:17:26.036Z
sensor.air_quality_monitor_temperature_scd41,26.2299346923828,2026-08-22T16:17:36.038Z
sensor.air_quality_monitor_temperature_scd41,26.2352752685547,2026-08-22T16:17:46.037Z
sensor.air_quality_monitor_temperature_scd41,26.221923828125,2026-08-22T16:17:56.037Z
sensor.air_quality_monitor_temperature_scd41,26.2299346923828,2026-08-22T16:18:06.038Z
sensor.air_quality_monitor_temperature_scd41,26.2352752685547,2026-08-22T16:18:16.039Z
sensor.air_quality_monitor_temperature_scd41,26.2272644042969,2026-08-22T16:18:26.044Z
sensor.air_quality_monitor_temperature_scd41,26.221923828125,2026-08-22T16:18:36.053Z
sensor.air_quality_monitor_temperature_scd41,26.2272644042969,2026-08-22T16:18:46.046Z
sensor.air_quality_monitor_temperature_scd41,26.2005615234375,2026-08-22T16:18:56.052Z
sensor.air_quality_monitor_temperature_scd41,26.221923828125,2026-08-22T16:19:06.062Z
sensor.air_quality_monitor_temperature_scd41,26.1872100830078,2026-08-22T16:19:16.064Z
sensor.air_quality_monitor_temperature_scd41,26.1925506591797,2026-08-22T16:19:26.070Z
sensor.air_quality_monitor_temperature_scd41,26.1978912353516,2026-08-22T16:19:36.070Z
sensor.air_quality_monitor_temperature_scd41,26.1818695068359,2026-08-22T16:19:46.074Z
sensor.air_quality_monitor_temperature_scd41,26.1738586425781,2026-08-22T16:19:56.075Z
sensor.air_quality_monitor_temperature_scd41,26.1605072021484,2026-08-22T16:20:06.075Z
sensor.air_quality_monitor_temperature_scd41,26.1578369140625,2026-08-22T16:20:16.075Z
sensor.air_quality_monitor_temperature_scd41,26.1338043212891,2026-08-22T16:20:26.077Z
sensor.air_quality_monitor_temperature_scd41,26.1444854736328,2026-08-22T16:20:36.078Z
sensor.air_quality_monitor_temperature_scd41,26.1338043212891,2026-08-22T16:20:46.083Z
sensor.air_quality_monitor_temperature_scd41,26.1177825927734,2026-08-22T16:20:56.087Z
sensor.air_quality_monitor_temperature_scd41,26.1284637451172,2026-08-22T16:21:16.097Z
sensor.air_quality_monitor_temperature_scd41,26.0964202880859,2026-08-22T16:21:26.089Z
sensor.air_quality_monitor_temperature_scd41,26.09375,2026-08-22T16:21:36.090Z
sensor.air_quality_monitor_temperature_scd41,26.0884094238281,2026-08-22T16:21:46.090Z
sensor.air_quality_monitor_temperature_scd41,26.0910797119141,2026-08-22T16:21:56.091Z
sensor.air_quality_monitor_temperature_scd41,26.0857391357422,2026-08-22T16:22:06.093Z
sensor.air_quality_monitor_temperature_scd41,26.0643768310547,2026-08-22T16:22:16.099Z
sensor.air_quality_monitor_temperature_scd41,26.0536956787109,2026-08-22T16:22:26.101Z
sensor.air_quality_monitor_temperature_scd41,26.051025390625,2026-08-22T16:22:36.100Z
sensor.air_quality_monitor_temperature_scd41,26.0430145263672,2026-08-22T16:22:46.108Z
sensor.air_quality_monitor_temperature_scd41,26.0590362548828,2026-08-22T16:22:56.117Z
sensor.air_quality_monitor_temperature_scd41,26.0296630859375,2026-08-22T16:23:06.114Z
sensor.air_quality_monitor_temperature_scd41,26.0350036621094,2026-08-22T16:23:16.115Z
sensor.air_quality_monitor_temperature_scd41,26.0243225097656,2026-08-22T16:23:26.118Z
sensor.air_quality_monitor_temperature_scd41,26.0350036621094,2026-08-22T16:23:36.125Z
sensor.air_quality_monitor_temperature_scd41,26.00830078125,2026-08-22T16:23:46.128Z
sensor.air_quality_monitor_temperature_scd41,25.9949493408203,2026-08-22T16:23:56.130Z
sensor.air_quality_monitor_temperature_scd41,25.9869384765625,2026-08-22T16:24:06.133Z
sensor.air_quality_monitor_temperature_scd41,25.9949493408203,2026-08-22T16:24:16.141Z
sensor.air_quality_monitor_temperature_scd41,25.9842681884766,2026-08-22T16:24:26.141Z
sensor.air_quality_monitor_temperature_scd41,25.9815979003906,2026-08-22T16:24:36.143Z
sensor.air_quality_monitor_temperature_scd41,25.9842681884766,2026-08-22T16:24:46.145Z
sensor.air_quality_monitor_temperature_scd41,25.9815979003906,2026-08-22T16:24:56.147Z
sensor.air_quality_monitor_temperature_scd41,25.9575653076172,2026-08-22T16:25:06.163Z
sensor.air_quality_monitor_temperature_scd41,25.9442138671875,2026-08-22T16:25:16.164Z
sensor.air_quality_monitor_temperature_scd41,25.9629058837891,2026-08-22T16:25:26.167Z
sensor.air_quality_monitor_temperature_scd41,25.9682464599609,2026-08-22T16:25:36.171Z
sensor.air_quality_monitor_temperature_scd41,25.9362030029297,2026-08-22T16:25:46.169Z
sensor.air_quality_monitor_temperature_scd41,25.9308624267578,2026-08-22T16:25:56.169Z
sensor.air_quality_monitor_temperature_scd41,25.9201812744141,2026-08-22T16:26:06.171Z
sensor.air_quality_monitor_temperature_scd41,25.9495544433594,2026-08-22T16:26:16.171Z
sensor.air_quality_monitor_temperature_scd41,25.9281921386719,2026-08-22T16:26:26.170Z
sensor.air_quality_monitor_temperature_scd41,25.9308624267578,2026-08-22T16:26:36.174Z
sensor.air_quality_monitor_temperature_scd41,25.9095001220703,2026-08-22T16:26:46.171Z
sensor.air_quality_monitor_temperature_scd41,25.9201812744141,2026-08-22T16:26:56.178Z
sensor.air_quality_monitor_temperature_scd41,25.8934783935547,2026-08-22T16:27:06.188Z
sensor.air_quality_monitor_temperature_scd41,25.9121704101562,2026-08-22T16:27:16.188Z
sensor.air_quality_monitor_temperature_scd41,25.8774566650391,2026-08-22T16:27:26.193Z
sensor.air_quality_monitor_temperature_scd41,25.8827972412109,2026-08-22T16:27:36.194Z
sensor.air_quality_monitor_temperature_scd41,25.9121704101562,2026-08-22T16:27:46.192Z
sensor.air_quality_monitor_temperature_scd41,25.880126953125,2026-08-22T16:27:56.180Z
sensor.air_quality_monitor_temperature_scd41,25.8908081054688,2026-08-22T16:28:06.199Z
sensor.air_quality_monitor_temperature_scd41,25.8747863769531,2026-08-22T16:28:16.205Z
sensor.air_quality_monitor_temperature_scd41,25.880126953125,2026-08-22T16:28:26.205Z
sensor.air_quality_monitor_temperature_scd41,25.8614349365234,2026-08-22T16:28:36.205Z
sensor.air_quality_monitor_temperature_scd41,25.8641052246094,2026-08-22T16:28:46.206Z
sensor.air_quality_monitor_temperature_scd41,25.8454132080078,2026-08-22T16:28:56.211Z
sensor.air_quality_monitor_temperature_scd41,25.8507537841797,2026-08-22T16:29:06.221Z
sensor.air_quality_monitor_temperature_scd41,25.8694458007812,2026-08-22T16:29:16.220Z
sensor.air_quality_monitor_temperature_scd41,25.8347320556641,2026-08-22T16:29:26.222Z
sensor.air_quality_monitor_temperature_scd41,25.8267211914062,2026-08-22T16:29:36.225Z
sensor.air_quality_monitor_temperature_scd41,25.8213806152344,2026-08-22T16:29:56.229Z
sensor.air_quality_monitor_temperature_scd41,25.8026885986328,2026-08-22T16:30:06.228Z
sensor.air_quality_monitor_temperature_scd41,25.7973480224609,2026-08-22T16:30:26.235Z
sensor.air_quality_monitor_temperature_scd41,25.7920074462891,2026-08-22T16:30:36.234Z
sensor.air_quality_monitor_temperature_scd41,25.7706451416016,2026-08-22T16:30:46.243Z
sensor.air_quality_monitor_temperature_scd41,25.7599639892578,2026-08-22T16:30:56.249Z
sensor.air_quality_monitor_temperature_scd41,25.7839965820312,2026-08-22T16:31:06.261Z
sensor.air_quality_monitor_temperature_scd41,25.7813262939453,2026-08-22T16:31:16.262Z
sensor.air_quality_monitor_temperature_scd41,25.7973480224609,2026-08-22T16:31:26.266Z
sensor.air_quality_monitor_temperature_scd41,25.7813262939453,2026-08-22T16:31:36.265Z
sensor.air_quality_monitor_temperature_scd41,25.7546234130859,2026-08-22T16:31:46.269Z
sensor.air_quality_monitor_temperature_scd41,25.7626342773438,2026-08-22T16:31:56.271Z
sensor.air_quality_monitor_temperature_scd41,25.7653045654297,2026-08-22T16:32:06.272Z
sensor.air_quality_monitor_temperature_scd41,25.7546234130859,2026-08-22T16:32:16.272Z
sensor.air_quality_monitor_temperature_scd41,25.7679748535156,2026-08-22T16:32:26.274Z
sensor.air_quality_monitor_temperature_scd41,25.7626342773438,2026-08-22T16:32:36.274Z
sensor.air_quality_monitor_temperature_scd41,25.7305908203125,2026-08-22T16:32:46.275Z
sensor.air_quality_monitor_temperature_scd41,25.751953125,2026-08-22T16:32:56.277Z
sensor.air_quality_monitor_temperature_scd41,25.7359313964844,2026-08-22T16:33:06.285Z
sensor.air_quality_monitor_temperature_scd41,25.7653045654297,2026-08-22T16:33:16.285Z
sensor.air_quality_monitor_temperature_scd41,25.7252502441406,2026-08-22T16:33:26.288Z
sensor.air_quality_monitor_temperature_scd41,25.7492828369141,2026-08-22T16:33:36.294Z
sensor.air_quality_monitor_temperature_scd41,25.7279205322266,2026-08-22T16:33:46.303Z
sensor.air_quality_monitor_temperature_scd41,25.7412719726562,2026-08-22T16:33:56.305Z
sensor.air_quality_monitor_temperature_scd41,25.7172393798828,2026-08-22T16:34:06.310Z
sensor.air_quality_monitor_temperature_scd41,25.7305908203125,2026-08-22T16:34:16.317Z
sensor.air_quality_monitor_temperature_scd41,25.7466125488281,2026-08-22T16:34:26.320Z
sensor.air_quality_monitor_temperature_scd41,25.7199096679688,2026-08-22T16:34:36.320Z
sensor.air_quality_monitor_temperature_scd41,25.7225799560547,2026-08-22T16:34:46.326Z
sensor.air_quality_monitor_temperature_scd41,25.7012176513672,2026-08-22T16:35:06.343Z
sensor.air_quality_monitor_temperature_scd41,25.7065582275391,2026-08-22T16:35:16.346Z
sensor.air_quality_monitor_temperature_scd41,25.709228515625,2026-08-22T16:35:26.348Z
sensor.air_quality_monitor_temperature_scd41,25.6798553466797,2026-08-22T16:35:36.353Z
sensor.air_quality_monitor_temperature_scd41,25.709228515625,2026-08-22T16:35:46.357Z
sensor.air_quality_monitor_temperature_scd41,25.6798553466797,2026-08-22T16:35:56.362Z
sensor.air_quality_monitor_temperature_scd41,25.6905364990234,2026-08-22T16:36:06.366Z
sensor.air_quality_monitor_temperature_scd41,25.6745147705078,2026-08-22T16:36:16.370Z
sensor.air_quality_monitor_temperature_scd41,25.6905364990234,2026-08-22T16:36:26.371Z
sensor.air_quality_monitor_temperature_scd41,25.6638336181641,2026-08-22T16:36:36.370Z
sensor.air_quality_monitor_temperature_scd41,25.6745147705078,2026-08-22T16:36:46.375Z
sensor.air_quality_monitor_temperature_scd41,25.6851959228516,2026-08-22T16:36:56.377Z
sensor.air_quality_monitor_temperature_scd41,25.6558227539062,2026-08-22T16:37:06.382Z
sensor.air_quality_monitor_temperature_scd41,25.66650390625,2026-08-22T16:37:16.387Z
sensor.air_quality_monitor_temperature_scd41,25.6398010253906,2026-08-22T16:37:26.389Z
sensor.air_quality_monitor_temperature_scd41,25.6504821777344,2026-08-22T16:37:36.392Z
sensor.air_quality_monitor_temperature_scd41,25.6371307373047,2026-08-22T16:37:46.397Z
sensor.air_quality_monitor_temperature_scd41,25.6317901611328,2026-08-22T16:37:56.397Z
sensor.air_quality_monitor_temperature_scd41,25.6291198730469,2026-08-22T16:38:06.400Z
sensor.air_quality_monitor_temperature_scd41,25.6264495849609,2026-08-22T16:38:16.404Z
sensor.air_quality_monitor_temperature_scd41,25.6211090087891,2026-08-22T16:38:26.405Z
sensor.air_quality_monitor_temperature_scd41,25.6344604492188,2026-08-22T16:38:36.407Z
sensor.air_quality_monitor_temperature_scd41,25.6291198730469,2026-08-22T16:38:46.406Z
sensor.air_quality_monitor_temperature_scd41,25.6130981445312,2026-08-22T16:38:56.411Z
sensor.air_quality_monitor_temperature_scd41,25.5917358398438,2026-08-22T16:39:06.421Z
sensor.air_quality_monitor_temperature_scd41,25.5863952636719,2026-08-22T16:39:16.423Z
sensor.air_quality_monitor_temperature_scd41,25.5997467041016,2026-08-22T16:39:26.425Z
sensor.air_quality_monitor_temperature_scd41,25.5890655517578,2026-08-22T16:39:36.429Z
sensor.air_quality_monitor_temperature_scd41,25.6050872802734,2026-08-22T16:39:46.419Z
sensor.air_quality_monitor_temperature_scd41,25.5783843994141,2026-08-22T16:39:56.436Z
sensor.air_quality_monitor_temperature_scd41,25.5650329589844,2026-08-22T16:40:06.436Z
sensor.air_quality_monitor_temperature_scd41,25.5463409423828,2026-08-22T16:40:16.439Z
sensor.air_quality_monitor_temperature_scd41,25.5650329589844,2026-08-22T16:40:26.440Z
sensor.air_quality_monitor_temperature_scd41,25.5677032470703,2026-08-22T16:40:36.442Z
sensor.air_quality_monitor_temperature_scd41,25.5623626708984,2026-08-22T16:40:46.442Z
sensor.air_quality_monitor_temperature_scd41,25.5463409423828,2026-08-22T16:40:56.448Z
sensor.air_quality_monitor_temperature_scd41,25.5570220947266,2026-08-22T16:41:06.457Z
sensor.air_quality_monitor_temperature_scd41,25.5356597900391,2026-08-22T16:41:16.458Z
sensor.air_quality_monitor_temperature_scd41,25.5463409423828,2026-08-22T16:41:26.463Z
sensor.air_quality_monitor_temperature_scd41,25.5303192138672,2026-08-22T16:41:36.463Z
sensor.air_quality_monitor_temperature_scd41,25.538330078125,2026-08-22T16:41:46.464Z
sensor.air_quality_monitor_temperature_scd41,25.5062866210938,2026-08-22T16:41:56.464Z
sensor.air_quality_monitor_temperature_scd41,25.5436706542969,2026-08-22T16:42:06.473Z
sensor.air_quality_monitor_temperature_scd41,25.5303192138672,2026-08-22T16:42:16.476Z
sensor.air_quality_monitor_temperature_scd41,25.4982757568359,2026-08-22T16:42:26.476Z
sensor.air_quality_monitor_temperature_scd41,25.5142974853516,2026-08-22T16:42:36.477Z
sensor.air_quality_monitor_temperature_scd41,25.4849243164062,2026-08-22T16:42:46.480Z
sensor.air_quality_monitor_temperature_scd41,25.5089569091797,2026-08-22T16:42:56.486Z
sensor.air_quality_monitor_temperature_scd41,25.5303192138672,2026-08-22T16:43:06.488Z
sensor.air_quality_monitor_temperature_scd41,25.5009460449219,2026-08-22T16:43:16.490Z
sensor.air_quality_monitor_temperature_scd41,25.5116271972656,2026-08-22T16:43:26.493Z
sensor.air_quality_monitor_temperature_scd41,25.4902648925781,2026-08-22T16:43:36.495Z
sensor.air_quality_monitor_temperature_scd41,25.4742431640625,2026-08-22T16:43:46.496Z
sensor.air_quality_monitor_temperature_scd41,25.4929351806641,2026-08-22T16:44:06.507Z
sensor.air_quality_monitor_temperature_scd41,25.4875946044922,2026-08-22T16:44:16.512Z
sensor.air_quality_monitor_temperature_scd41,25.4769134521484,2026-08-22T16:44:26.511Z
sensor.air_quality_monitor_temperature_scd41,25.4662322998047,2026-08-22T16:44:36.514Z
sensor.air_quality_monitor_temperature_scd41,25.5009460449219,2026-08-22T16:44:46.513Z
sensor.air_quality_monitor_temperature_scd41,25.4715728759766,2026-08-22T16:44:56.519Z
sensor.air_quality_monitor_temperature_scd41,25.4635620117188,2026-08-22T16:45:06.524Z
sensor.air_quality_monitor_temperature_scd41,25.4662322998047,2026-08-22T16:45:16.528Z
sensor.air_quality_monitor_temperature_scd41,25.4715728759766,2026-08-22T16:45:26.533Z
sensor.air_quality_monitor_temperature_scd41,25.4662322998047,2026-08-22T16:45:36.538Z
sensor.air_quality_monitor_temperature_scd41,25.4502105712891,2026-08-22T16:45:56.542Z
sensor.air_quality_monitor_temperature_scd41,25.4608917236328,2026-08-22T16:46:06.544Z
sensor.air_quality_monitor_temperature_scd41,25.4448699951172,2026-08-22T16:46:16.547Z
sensor.air_quality_monitor_temperature_scd41,25.4582214355469,2026-08-22T16:46:26.547Z
sensor.air_quality_monitor_temperature_scd41,25.4502105712891,2026-08-22T16:46:46.551Z
sensor.air_quality_monitor_temperature_scd41,25.4555511474609,2026-08-22T16:46:56.552Z
sensor.air_quality_monitor_temperature_scd41,25.4502105712891,2026-08-22T16:47:06.558Z
sensor.air_quality_monitor_temperature_scd41,25.4341888427734,2026-08-22T16:47:16.563Z
sensor.air_quality_monitor_temperature_scd41,25.4368591308594,2026-08-22T16:47:26.564Z
sensor.air_quality_monitor_temperature_scd41,25.4448699951172,2026-08-22T16:47:36.567Z
sensor.air_quality_monitor_temperature_scd41,25.4395294189453,2026-08-22T16:47:46.577Z
sensor.air_quality_monitor_temperature_scd41,25.4421997070312,2026-08-22T16:47:56.577Z
sensor.air_quality_monitor_temperature_scd41,25.4261779785156,2026-08-22T16:48:06.579Z
sensor.air_quality_monitor_temperature_scd41,25.4154968261719,2026-08-22T16:48:16.584Z
sensor.air_quality_monitor_temperature_scd41,25.4208374023438,2026-08-22T16:48:26.585Z
sensor.air_quality_monitor_temperature_scd41,25.4261779785156,2026-08-22T16:48:36.585Z
sensor.air_quality_monitor_temperature_scd41,25.4288482666016,2026-08-22T16:48:46.591Z
sensor.air_quality_monitor_temperature_scd41,25.4261779785156,2026-08-22T16:48:56.599Z
sensor.air_quality_monitor_temperature_scd41,25.3968048095703,2026-08-22T16:49:06.603Z
sensor.air_quality_monitor_temperature_scd41,25.4074859619141,2026-08-22T16:49:16.607Z
sensor.air_quality_monitor_temperature_scd41,25.4208374023438,2026-08-22T16:49:26.611Z
sensor.air_quality_monitor_temperature_scd41,25.3968048095703,2026-08-22T16:49:36.615Z
sensor.air_quality_monitor_temperature_scd41,25.3887939453125,2026-08-22T16:49:46.616Z
sensor.air_quality_monitor_temperature_scd41,25.3968048095703,2026-08-22T16:49:56.621Z
sensor.air_quality_monitor_temperature_scd41,25.3941345214844,2026-08-22T16:50:06.624Z
sensor.air_quality_monitor_temperature_scd41,25.4021453857422,2026-08-22T16:50:16.630Z
sensor.air_quality_monitor_temperature_scd41,25.3914642333984,2026-08-22T16:50:26.629Z
sensor.air_quality_monitor_temperature_scd41,25.3861236572266,2026-08-22T16:50:36.630Z
sensor.air_quality_monitor_temperature_scd41,25.3968048095703,2026-08-22T16:50:46.632Z
sensor.air_quality_monitor_temperature_scd41,25.3807830810547,2026-08-22T16:50:56.637Z
sensor.air_quality_monitor_temperature_scd41,25.3781127929688,2026-08-22T16:51:06.650Z
sensor.air_quality_monitor_temperature_scd41,25.3727722167969,2026-08-22T16:51:16.653Z
sensor.air_quality_monitor_temperature_scd41,25.3861236572266,2026-08-22T16:51:26.655Z
sensor.air_quality_monitor_temperature_scd41,25.3594207763672,2026-08-22T16:51:36.656Z
sensor.air_quality_monitor_temperature_scd41,25.3861236572266,2026-08-22T16:51:46.657Z
sensor.air_quality_monitor_temperature_scd41,25.3781127929688,2026-08-22T16:52:06.662Z
sensor.air_quality_monitor_temperature_scd41,25.3754425048828,2026-08-22T16:52:16.667Z
sensor.air_quality_monitor_temperature_scd41,25.3807830810547,2026-08-22T16:52:26.667Z
sensor.air_quality_monitor_temperature_scd41,25.367431640625,2026-08-22T16:52:36.667Z
sensor.air_quality_monitor_temperature_scd41,25.3620910644531,2026-08-22T16:52:46.672Z
sensor.air_quality_monitor_temperature_scd41,25.3460693359375,2026-08-22T16:52:56.677Z
sensor.air_quality_monitor_temperature_scd41,25.3407287597656,2026-08-22T16:53:06.688Z
sensor.air_quality_monitor_temperature_scd41,25.3620910644531,2026-08-22T16:53:16.688Z
sensor.air_quality_monitor_temperature_scd41,25.3433990478516,2026-08-22T16:53:26.688Z
sensor.air_quality_monitor_temperature_scd41,25.3353881835938,2026-08-22T16:53:36.694Z
sensor.air_quality_monitor_temperature_scd41,25.3433990478516,2026-08-22T16:53:46.700Z
sensor.air_quality_monitor_temperature_scd41,25.3380584716797,2026-08-22T16:53:56.697Z
sensor.air_quality_monitor_temperature_scd41,25.3460693359375,2026-08-22T16:54:06.703Z
sensor.air_quality_monitor_temperature_scd41,25.3380584716797,2026-08-22T16:54:16.707Z
sensor.air_quality_monitor_temperature_scd41,25.3193664550781,2026-08-22T16:54:26.713Z
sensor.air_quality_monitor_temperature_scd41,25.3033447265625,2026-08-22T16:54:36.714Z
sensor.air_quality_monitor_temperature_scd41,25.3300476074219,2026-08-22T16:54:46.716Z
sensor.air_quality_monitor_temperature_scd41,25.3166961669922,2026-08-22T16:54:56.717Z
sensor.air_quality_monitor_temperature_scd41,25.3060150146484,2026-08-22T16:55:06.725Z
sensor.air_quality_monitor_temperature_scd41,25.3113555908203,2026-08-22T16:55:16.729Z
sensor.air_quality_monitor_temperature_scd41,25.3060150146484,2026-08-22T16:55:26.731Z
sensor.air_quality_monitor_temperature_scd41,25.3273773193359,2026-08-22T16:55:36.737Z
sensor.air_quality_monitor_temperature_scd41,25.3006744384766,2026-08-22T16:55:46.742Z
sensor.air_quality_monitor_temperature_scd41,25.2980041503906,2026-08-22T16:55:56.741Z
sensor.air_quality_monitor_temperature_scd41,25.2846527099609,2026-08-22T16:56:06.748Z
sensor.air_quality_monitor_temperature_scd41,25.2793121337891,2026-08-22T16:56:16.748Z
sensor.air_quality_monitor_temperature_scd41,25.2686309814453,2026-08-22T16:56:46.754Z
sensor.air_quality_monitor_temperature_scd41,25.2632904052734,2026-08-22T16:56:56.759Z
sensor.air_quality_monitor_temperature_scd41,25.2659606933594,2026-08-22T16:57:16.766Z
sensor.air_quality_monitor_temperature_scd41,25.2499389648438,2026-08-22T16:57:26.768Z
sensor.air_quality_monitor_temperature_scd41,25.2339172363281,2026-08-22T16:57:36.773Z
sensor.air_quality_monitor_temperature_scd41,25.2659606933594,2026-08-22T16:57:46.772Z
sensor.air_quality_monitor_temperature_scd41,25.2632904052734,2026-08-22T16:57:56.775Z
sensor.air_quality_monitor_temperature_scd41,25.2312469482422,2026-08-22T16:58:06.778Z
sensor.air_quality_monitor_temperature_scd41,25.2285766601562,2026-08-22T16:58:16.786Z
sensor.air_quality_monitor_temperature_scd41,25.2419281005859,2026-08-22T16:58:26.788Z
sensor.air_quality_monitor_temperature_scd41,25.2312469482422,2026-08-22T16:58:36.787Z
sensor.air_quality_monitor_temperature_scd41,25.2018737792969,2026-08-22T16:58:46.788Z
sensor.air_quality_monitor_temperature_scd41,25.2205657958984,2026-08-22T16:58:56.790Z
sensor.air_quality_monitor_temperature_scd41,25.2125549316406,2026-08-22T16:59:06.802Z
sensor.air_quality_monitor_temperature_scd41,25.1885223388672,2026-08-22T16:59:36.809Z
sensor.air_quality_monitor_temperature_scd41,25.1671600341797,2026-08-22T16:59:46.813Z
sensor.air_quality_monitor_temperature_scd41,25.1725006103516,2026-08-22T16:59:56.812Z
sensor.air_quality_monitor_temperature_scd41,25.1778411865234,2026-08-22T17:00:06.816Z
sensor.air_quality_monitor_temperature_scd41,25.1911926269531,2026-08-22T17:00:16.817Z
sensor.air_quality_monitor_temperature_scd41,25.1725006103516,2026-08-22T17:00:26.817Z
sensor.air_quality_monitor_temperature_scd41,25.1698303222656,2026-08-22T17:00:36.818Z
sensor.air_quality_monitor_temperature_scd41,25.1671600341797,2026-08-22T17:00:46.820Z
sensor.air_quality_monitor_temperature_scd41,25.1564788818359,2026-08-22T17:01:16.830Z
sensor.air_quality_monitor_temperature_scd41,25.1618194580078,2026-08-22T17:01:26.834Z
sensor.air_quality_monitor_temperature_scd41,25.1457977294922,2026-08-22T17:01:36.839Z
sensor.air_quality_monitor_temperature_scd41,25.1671600341797,2026-08-22T17:01:46.840Z
sensor.air_quality_monitor_temperature_scd41,25.1591491699219,2026-08-22T17:01:56.842Z
sensor.air_quality_monitor_temperature_scd41,25.1431274414062,2026-08-22T17:02:06.845Z
sensor.air_quality_monitor_temperature_scd41,25.15380859375,2026-08-22T17:02:16.852Z
sensor.air_quality_monitor_temperature_scd41,25.1404571533203,2026-08-22T17:02:26.857Z
sensor.air_quality_monitor_temperature_scd41,25.1351165771484,2026-08-22T17:02:36.857Z
sensor.air_quality_monitor_temperature_scd41,25.1137542724609,2026-08-22T17:02:46.859Z
sensor.air_quality_monitor_temperature_scd41,25.1217651367188,2026-08-22T17:02:56.866Z
sensor.air_quality_monitor_temperature_scd41,25.1297760009766,2026-08-22T17:03:06.873Z
sensor.air_quality_monitor_temperature_scd41,25.1190948486328,2026-08-22T17:03:16.877Z
sensor.air_quality_monitor_temperature_scd41,25.111083984375,2026-08-22T17:03:26.879Z
sensor.air_quality_monitor_temperature_scd41,25.1057434082031,2026-08-22T17:03:36.882Z
sensor.air_quality_monitor_temperature_scd41,25.1271057128906,2026-08-22T17:03:46.889Z
sensor.air_quality_monitor_temperature_scd41,25.0843811035156,2026-08-22T17:03:56.887Z
sensor.air_quality_monitor_temperature_scd41,25.0950622558594,2026-08-22T17:04:06.891Z
sensor.air_quality_monitor_temperature_scd41,25.0710296630859,2026-08-22T17:04:16.896Z
sensor.air_quality_monitor_temperature_scd41,25.0870513916016,2026-08-22T17:04:26.898Z
sensor.air_quality_monitor_temperature_scd41,25.0977325439453,2026-08-22T17:04:36.911Z
sensor.air_quality_monitor_temperature_scd41,25.0870513916016,2026-08-22T17:04:46.908Z
sensor.air_quality_monitor_temperature_scd41,25.1057434082031,2026-08-22T17:04:56.898Z
sensor.air_quality_monitor_temperature_scd41,25.0817108154297,2026-08-22T17:05:06.911Z
sensor.air_quality_monitor_temperature_scd41,25.0950622558594,2026-08-22T17:05:16.903Z
sensor.air_quality_monitor_temperature_scd41,25.0603485107422,2026-08-22T17:05:26.903Z
sensor.air_quality_monitor_temperature_scd41,25.0763702392578,2026-08-22T17:05:36.914Z
sensor.air_quality_monitor_temperature_scd41,25.0710296630859,2026-08-22T17:05:46.904Z
sensor.air_quality_monitor_temperature_scd41,25.0550079345703,2026-08-22T17:05:56.905Z
sensor.air_quality_monitor_temperature_scd41,25.0603485107422,2026-08-22T17:06:06.918Z
sensor.air_quality_monitor_temperature_scd41,25.0496673583984,2026-08-22T17:06:16.909Z
sensor.air_quality_monitor_temperature_scd41,25.0710296630859,2026-08-22T17:06:26.910Z
sensor.air_quality_monitor_temperature_scd41,25.0576782226562,2026-08-22T17:06:36.926Z
sensor.air_quality_monitor_temperature_scd41,25.0523376464844,2026-08-22T17:06:46.910Z
sensor.air_quality_monitor_temperature_scd41,25.0443267822266,2026-08-22T17:06:56.910Z
sensor.air_quality_monitor_temperature_scd41,25.0336456298828,2026-08-22T17:07:06.924Z
sensor.air_quality_monitor_temperature_scd41,25.0443267822266,2026-08-22T17:07:16.915Z
sensor.air_quality_monitor_temperature_scd41,25.0389862060547,2026-08-22T17:07:26.917Z
sensor.air_quality_monitor_temperature_scd41,25.0309753417969,2026-08-22T17:07:36.929Z
sensor.air_quality_monitor_temperature_scd41,25.0336456298828,2026-08-22T17:07:46.917Z
sensor.air_quality_monitor_temperature_scd41,25.0016021728516,2026-08-22T17:07:56.920Z
sensor.air_quality_monitor_temperature_scd41,25.0363159179688,2026-08-22T17:08:06.927Z
sensor.air_quality_monitor_temperature_scd41,24.9935913085938,2026-08-22T17:08:16.929Z
sensor.air_quality_monitor_temperature_scd41,25.0096130371094,2026-08-22T17:08:26.932Z
sensor.air_quality_monitor_temperature_scd41,25.0042724609375,2026-08-22T17:08:36.939Z
sensor.air_quality_monitor_temperature_scd41,25.0149536132812,2026-08-22T17:08:46.939Z
sensor.air_quality_monitor_temperature_scd41,25.0122833251953,2026-08-22T17:08:56.947Z
sensor.air_quality_monitor_temperature_scd41,24.9962615966797,2026-08-22T17:09:06.957Z
sensor.air_quality_monitor_temperature_scd41,24.9909210205078,2026-08-22T17:09:16.957Z
sensor.air_quality_monitor_temperature_scd41,25.0229644775391,2026-08-22T17:09:26.963Z
sensor.air_quality_monitor_temperature_scd41,24.9935913085938,2026-08-22T17:09:36.964Z
sensor.air_quality_monitor_temperature_scd41,24.9909210205078,2026-08-22T17:09:46.971Z
sensor.air_quality_monitor_temperature_scd41,25.0042724609375,2026-08-22T17:09:56.973Z
sensor.air_quality_monitor_temperature_scd41,25.0122833251953,2026-08-22T17:10:06.981Z
sensor.air_quality_monitor_temperature_scd41,25.0176239013672,2026-08-22T17:10:16.981Z
sensor.air_quality_monitor_temperature_scd41,24.9802398681641,2026-08-22T17:10:26.983Z
sensor.air_quality_monitor_temperature_scd41,24.9962615966797,2026-08-22T17:10:36.989Z
sensor.air_quality_monitor_temperature_scd41,25.0176239013672,2026-08-22T17:10:46.991Z
sensor.air_quality_monitor_temperature_scd41,24.9962615966797,2026-08-22T17:10:56.996Z
sensor.air_quality_monitor_temperature_scd41,25.0069427490234,2026-08-22T17:11:07.004Z
sensor.air_quality_monitor_temperature_scd41,25.0042724609375,2026-08-22T17:11:17.008Z
sensor.air_quality_monitor_temperature_scd41,25.0149536132812,2026-08-22T17:11:27.011Z
sensor.air_quality_monitor_temperature_scd41,25.0176239013672,2026-08-22T17:11:37.017Z
sensor.air_quality_monitor_temperature_scd41,25.0122833251953,2026-08-22T17:11:47.022Z
sensor.air_quality_monitor_temperature_scd41,25.0283050537109,2026-08-22T17:11:57.019Z
sensor.air_quality_monitor_temperature_scd41,25.0016021728516,2026-08-22T17:12:07.022Z
sensor.air_quality_monitor_temperature_scd41,24.9935913085938,2026-08-22T17:12:17.026Z
sensor.air_quality_monitor_temperature_scd41,25.0016021728516,2026-08-22T17:12:27.026Z
sensor.air_quality_monitor_temperature_scd41,24.9909210205078,2026-08-22T17:12:37.028Z
sensor.air_quality_monitor_temperature_scd41,25.0096130371094,2026-08-22T17:12:47.030Z
sensor.air_quality_monitor_temperature_scd41,24.9989318847656,2026-08-22T17:12:57.041Z
sensor.air_quality_monitor_temperature_scd41,25.0042724609375,2026-08-22T17:13:07.040Z
sensor.air_quality_monitor_temperature_scd41,25.0096130371094,2026-08-22T17:13:17.044Z
sensor.air_quality_monitor_temperature_scd41,24.9989318847656,2026-08-22T17:13:27.047Z
sensor.air_quality_monitor_temperature_scd41,24.9855804443359,2026-08-22T17:13:37.051Z
sensor.air_quality_monitor_temperature_scd41,24.9935913085938,2026-08-22T17:13:47.055Z
sensor.air_quality_monitor_temperature_scd41,25.0016021728516,2026-08-22T17:13:57.056Z
sensor.air_quality_monitor_temperature_scd41,24.9909210205078,2026-08-22T17:14:07.057Z
sensor.air_quality_monitor_temperature_scd41,24.98291015625,2026-08-22T17:14:17.060Z
sensor.air_quality_monitor_temperature_scd41,24.9909210205078,2026-08-22T17:14:27.060Z
sensor.air_quality_monitor_temperature_scd41,24.9935913085938,2026-08-22T17:14:37.062Z
sensor.air_quality_monitor_temperature_scd41,24.9909210205078,2026-08-22T17:14:47.063Z
sensor.air_quality_monitor_temperature_scd41,25.0042724609375,2026-08-22T17:14:57.067Z
sensor.air_quality_monitor_temperature_scd41,24.9855804443359,2026-08-22T17:15:07.077Z
sensor.air_quality_monitor_temperature_scd41,24.9695587158203,2026-08-22T17:15:17.077Z
sensor.air_quality_monitor_temperature_scd41,24.9748992919922,2026-08-22T17:15:27.081Z
sensor.air_quality_monitor_temperature_scd41,24.9802398681641,2026-08-22T17:15:47.086Z
sensor.air_quality_monitor_temperature_scd41,24.9642181396484,2026-08-22T17:15:57.088Z
sensor.air_quality_monitor_temperature_scd41,24.98291015625,2026-08-22T17:16:07.092Z
sensor.air_quality_monitor_temperature_scd41,24.9642181396484,2026-08-22T17:16:17.096Z
sensor.air_quality_monitor_temperature_scd41,24.9748992919922,2026-08-22T17:16:27.099Z
sensor.air_quality_monitor_temperature_scd41,24.9535369873047,2026-08-22T17:16:37.099Z
sensor.air_quality_monitor_temperature_scd41,24.9695587158203,2026-08-22T17:16:47.106Z
sensor.air_quality_monitor_temperature_scd41,24.940185546875,2026-08-22T17:16:57.114Z
sensor.air_quality_monitor_temperature_scd41,24.9481964111328,2026-08-22T17:17:07.120Z
sensor.air_quality_monitor_temperature_scd41,24.9562072753906,2026-08-22T17:17:27.135Z
sensor.air_quality_monitor_temperature_scd41,24.98291015625,2026-08-22T17:17:37.132Z
sensor.air_quality_monitor_temperature_scd41,24.9615478515625,2026-08-22T17:17:47.138Z
sensor.air_quality_monitor_temperature_scd41,24.9722290039062,2026-08-22T17:17:57.136Z
sensor.air_quality_monitor_temperature_scd41,24.9508666992188,2026-08-22T17:18:07.151Z
sensor.air_quality_monitor_temperature_scd41,24.9695587158203,2026-08-22T17:18:17.148Z
sensor.air_quality_monitor_temperature_scd41,24.9508666992188,2026-08-22T17:18:27.163Z
sensor.air_quality_monitor_temperature_scd41,24.9748992919922,2026-08-22T17:18:37.147Z
sensor.air_quality_monitor_temperature_scd41,24.9642181396484,2026-08-22T17:18:47.153Z
sensor.air_quality_monitor_temperature_scd41,24.9668884277344,2026-08-22T17:18:57.152Z
sensor.air_quality_monitor_temperature_scd41,24.9909210205078,2026-08-22T17:19:07.162Z
sensor.air_quality_monitor_temperature_scd41,24.9989318847656,2026-08-22T17:19:17.162Z
sensor.air_quality_monitor_temperature_scd41,24.9775695800781,2026-08-22T17:19:27.167Z
sensor.air_quality_monitor_temperature_scd41,24.9989318847656,2026-08-22T17:19:37.175Z
sensor.air_quality_monitor_temperature_scd41,25.0016021728516,2026-08-22T17:19:47.178Z
sensor.air_quality_monitor_temperature_scd41,25.0122833251953,2026-08-22T17:19:57.179Z
sensor.air_quality_monitor_temperature_scd41,24.9909210205078,2026-08-22T17:20:07.178Z
sensor.air_quality_monitor_temperature_scd41,24.9722290039062,2026-08-22T17:20:27.188Z
sensor.air_quality_monitor_temperature_scd41,25.0016021728516,2026-08-22T17:20:37.188Z
sensor.air_quality_monitor_temperature_scd41,24.9935913085938,2026-08-22T17:20:47.195Z
sensor.air_quality_monitor_temperature_scd41,24.9802398681641,2026-08-22T17:20:57.201Z
sensor.air_quality_monitor_temperature_scd41,25.0016021728516,2026-08-22T17:21:07.207Z
sensor.air_quality_monitor_temperature_scd41,24.9748992919922,2026-08-22T17:21:17.212Z
sensor.air_quality_monitor_temperature_scd41,24.9962615966797,2026-08-22T17:21:27.216Z
sensor.air_quality_monitor_temperature_scd41,25.0016021728516,2026-08-22T17:21:37.216Z
sensor.air_quality_monitor_temperature_scd41,24.9802398681641,2026-08-22T17:21:47.216Z
sensor.air_quality_monitor_temperature_scd41,24.9855804443359,2026-08-22T17:21:57.217Z
sensor.air_quality_monitor_temperature_scd41,24.9935913085938,2026-08-22T17:22:07.218Z
sensor.air_quality_monitor_temperature_scd41,24.9882507324219,2026-08-22T17:22:17.225Z
sensor.air_quality_monitor_temperature_scd41,24.9935913085938,2026-08-22T17:22:27.223Z
sensor.air_quality_monitor_temperature_scd41,25.0042724609375,2026-08-22T17:22:37.224Z
sensor.air_quality_monitor_temperature_scd41,24.9642181396484,2026-08-22T17:22:47.231Z
sensor.air_quality_monitor_temperature_scd41,24.9855804443359,2026-08-22T17:22:57.237Z
sensor.air_quality_monitor_temperature_scd41,24.9882507324219,2026-08-22T17:23:07.245Z
sensor.air_quality_monitor_temperature_scd41,25.0016021728516,2026-08-22T17:23:17.250Z
sensor.air_quality_monitor_temperature_scd41,24.9748992919922,2026-08-22T17:23:27.254Z
sensor.air_quality_monitor_temperature_scd41,24.9775695800781,2026-08-22T17:23:37.258Z
sensor.air_quality_monitor_temperature_scd41,24.9855804443359,2026-08-22T17:23:47.258Z
sensor.air_quality_monitor_temperature_scd41,24.9935913085938,2026-08-22T17:23:57.259Z
sensor.air_quality_monitor_temperature_scd41,24.9722290039062,2026-08-22T17:24:17.262Z
sensor.air_quality_monitor_temperature_scd41,24.9695587158203,2026-08-22T17:24:27.262Z
sensor.air_quality_monitor_temperature_scd41,24.9748992919922,2026-08-22T17:24:47.268Z
sensor.air_quality_monitor_temperature_scd41,24.9855804443359,2026-08-22T17:24:57.273Z
sensor.air_quality_monitor_temperature_scd41,24.9935913085938,2026-08-22T17:25:07.288Z
sensor.air_quality_monitor_temperature_scd41,24.9855804443359,2026-08-22T17:25:17.290Z
sensor.air_quality_monitor_temperature_scd41,24.9935913085938,2026-08-22T17:25:27.294Z
sensor.air_quality_monitor_temperature_scd41,25.0016021728516,2026-08-22T17:25:37.294Z
sensor.air_quality_monitor_temperature_scd41,24.9909210205078,2026-08-22T17:25:47.302Z
sensor.air_quality_monitor_temperature_scd41,25.0016021728516,2026-08-22T17:26:07.303Z
sensor.air_quality_monitor_temperature_scd41,25.0069427490234,2026-08-22T17:26:17.309Z
sensor.air_quality_monitor_temperature_scd41,25.0016021728516,2026-08-22T17:26:27.310Z
sensor.air_quality_monitor_temperature_scd41,25.0122833251953,2026-08-22T17:26:37.311Z
sensor.air_quality_monitor_temperature_scd41,25.0096130371094,2026-08-22T17:26:47.317Z
sensor.air_quality_monitor_temperature_scd41,25.0042724609375,2026-08-22T17:26:57.322Z
sensor.air_quality_monitor_temperature_scd41,24.9989318847656,2026-08-22T17:27:07.333Z
sensor.air_quality_monitor_temperature_scd41,25.0016021728516,2026-08-22T17:27:17.334Z
sensor.air_quality_monitor_temperature_scd41,24.9909210205078,2026-08-22T17:27:27.339Z
sensor.air_quality_monitor_temperature_scd41,25.0122833251953,2026-08-22T17:27:37.340Z
sensor.air_quality_monitor_temperature_scd41,24.9989318847656,2026-08-22T17:27:47.345Z
sensor.air_quality_monitor_temperature_scd41,25.0016021728516,2026-08-22T17:27:57.348Z
sensor.air_quality_monitor_temperature_scd41,25.0176239013672,2026-08-22T17:28:07.351Z
sensor.air_quality_monitor_temperature_scd41,25.0149536132812,2026-08-22T17:28:17.353Z
sensor.air_quality_monitor_temperature_scd41,25.0042724609375,2026-08-22T17:28:27.352Z
sensor.air_quality_monitor_temperature_scd41,25.0149536132812,2026-08-22T17:28:47.353Z
sensor.air_quality_monitor_temperature_scd41,25.025634765625,2026-08-22T17:28:57.355Z
sensor.air_quality_monitor_temperature_scd41,25.0069427490234,2026-08-22T17:29:07.362Z
sensor.air_quality_monitor_temperature_scd41,24.9962615966797,2026-08-22T17:29:17.368Z
sensor.air_quality_monitor_temperature_scd41,25.0122833251953,2026-08-22T17:29:27.372Z
sensor.air_quality_monitor_temperature_scd41,24.9989318847656,2026-08-22T17:29:47.377Z
sensor.air_quality_monitor_temperature_scd41,25.0229644775391,2026-08-22T17:29:57.382Z
sensor.air_quality_monitor_temperature_scd41,25.0202941894531,2026-08-22T17:30:07.378Z
sensor.air_quality_monitor_temperature_scd41,24.9962615966797,2026-08-22T17:30:17.380Z
sensor.air_quality_monitor_temperature_scd41,25.0069427490234,2026-08-22T17:30:27.381Z
sensor.air_quality_monitor_temperature_scd41,25.0283050537109,2026-08-22T17:30:37.380Z
sensor.air_quality_monitor_temperature_scd41,25.0229644775391,2026-08-22T17:30:47.380Z
sensor.air_quality_monitor_temperature_scd41,25.0016021728516,2026-08-22T17:30:57.388Z
sensor.air_quality_monitor_temperature_scd41,25.0283050537109,2026-08-22T17:31:07.396Z
sensor.air_quality_monitor_temperature_scd41,25.0176239013672,2026-08-22T17:31:17.397Z
sensor.air_quality_monitor_temperature_scd41,25.0096130371094,2026-08-22T17:31:27.401Z
sensor.air_quality_monitor_temperature_scd41,25.0149536132812,2026-08-22T17:31:37.400Z
sensor.air_quality_monitor_temperature_scd41,24.9909210205078,2026-08-22T17:31:47.406Z
sensor.air_quality_monitor_temperature_scd41,25.0229644775391,2026-08-22T17:32:07.413Z
sensor.air_quality_monitor_temperature_scd41,25.0283050537109,2026-08-22T17:32:17.413Z
sensor.air_quality_monitor_temperature_scd41,25.0149536132812,2026-08-22T17:32:27.414Z
sensor.air_quality_monitor_temperature_scd41,24.9962615966797,2026-08-22T17:32:37.413Z
sensor.air_quality_monitor_temperature_scd41,25.0016021728516,2026-08-22T17:32:47.416Z
sensor.air_quality_monitor_temperature_scd41,25.0202941894531,2026-08-22T17:32:57.420Z
sensor.air_quality_monitor_temperature_scd41,25.0149536132812,2026-08-22T17:33:17.422Z
sensor.air_quality_monitor_temperature_scd41,25.0363159179688,2026-08-22T17:33:27.424Z
sensor.air_quality_monitor_temperature_scd41,25.0309753417969,2026-08-22T17:33:37.423Z
sensor.air_quality_monitor_temperature_scd41,25.0016021728516,2026-08-22T17:33:47.425Z
sensor.air_quality_monitor_temperature_scd41,25.0149536132812,2026-08-22T17:33:57.427Z
sensor.air_quality_monitor_temperature_scd41,25.0122833251953,2026-08-22T17:34:07.429Z
sensor.air_quality_monitor_temperature_scd41,25.0042724609375,2026-08-22T17:34:27.440Z
sensor.air_quality_monitor_temperature_scd41,25.0229644775391,2026-08-22T17:34:37.439Z
sensor.air_quality_monitor_temperature_scd41,25.0149536132812,2026-08-22T17:34:47.441Z
sensor.air_quality_monitor_temperature_scd41,25.0122833251953,2026-08-22T17:34:57.443Z
sensor.air_quality_monitor_temperature_scd41,24.9935913085938,2026-08-22T17:35:07.451Z
sensor.air_quality_monitor_temperature_scd41,25.0122833251953,2026-08-22T17:35:17.454Z
sensor.air_quality_monitor_temperature_scd41,25.0069427490234,2026-08-22T17:35:37.458Z
sensor.air_quality_monitor_temperature_scd41,25.0283050537109,2026-08-22T17:35:47.464Z
sensor.air_quality_monitor_temperature_scd41,25.0176239013672,2026-08-22T17:35:57.465Z
sensor.air_quality_monitor_temperature_scd41,25.0416564941406,2026-08-22T17:36:07.470Z
sensor.air_quality_monitor_temperature_scd41,25.0309753417969,2026-08-22T17:36:17.477Z
sensor.air_quality_monitor_temperature_scd41,25.0016021728516,2026-08-22T17:36:27.476Z
sensor.air_quality_monitor_temperature_scd41,25.0176239013672,2026-08-22T17:36:57.482Z
sensor.air_quality_monitor_temperature_scd41,25.025634765625,2026-08-22T17:37:07.491Z
sensor.air_quality_monitor_temperature_scd41,25.0283050537109,2026-08-22T17:37:17.491Z
sensor.air_quality_monitor_temperature_scd41,25.0069427490234,2026-08-22T17:37:27.493Z
sensor.air_quality_monitor_temperature_scd41,25.0309753417969,2026-08-22T17:37:37.494Z
sensor.air_quality_monitor_temperature_scd41,24.9882507324219,2026-08-22T17:37:47.495Z
sensor.air_quality_monitor_temperature_scd41,25.0149536132812,2026-08-22T17:37:57.497Z
sensor.air_quality_monitor_temperature_scd41,25.0096130371094,2026-08-22T17:38:07.504Z
sensor.air_quality_monitor_temperature_scd41,25.0363159179688,2026-08-22T17:38:17.509Z
sensor.air_quality_monitor_temperature_scd41,25.0069427490234,2026-08-22T17:38:27.509Z
sensor.air_quality_monitor_temperature_scd41,25.0096130371094,2026-08-22T17:38:37.509Z
sensor.air_quality_monitor_temperature_scd41,25.0069427490234,2026-08-22T17:38:47.517Z
sensor.air_quality_monitor_temperature_scd41,24.9909210205078,2026-08-22T17:38:57.526Z
sensor.air_quality_monitor_temperature_scd41,25.0202941894531,2026-08-22T17:39:07.529Z
sensor.air_quality_monitor_temperature_scd41,25.0122833251953,2026-08-22T17:39:17.532Z
sensor.air_quality_monitor_temperature_scd41,24.9935913085938,2026-08-22T17:39:27.538Z
sensor.air_quality_monitor_temperature_scd41,25.0149536132812,2026-08-22T17:39:47.543Z
sensor.air_quality_monitor_temperature_scd41,24.9909210205078,2026-08-22T17:39:57.544Z
sensor.air_quality_monitor_temperature_scd41,25.0016021728516,2026-08-22T17:40:37.548Z
sensor.air_quality_monitor_temperature_scd41,24.9748992919922,2026-08-22T17:40:47.552Z
sensor.air_quality_monitor_temperature_scd41,24.9882507324219,2026-08-22T17:40:57.557Z
sensor.air_quality_monitor_temperature_scd41,24.9909210205078,2026-08-22T17:41:07.561Z
sensor.air_quality_monitor_temperature_scd41,24.9695587158203,2026-08-22T17:41:17.572Z
sensor.air_quality_monitor_temperature_scd41,24.9909210205078,2026-08-22T17:41:27.575Z
sensor.air_quality_monitor_temperature_scd41,25.0016021728516,2026-08-22T17:41:37.583Z
sensor.air_quality_monitor_temperature_scd41,24.98291015625,2026-08-22T17:41:47.581Z
sensor.air_quality_monitor_temperature_scd41,25.0016021728516,2026-08-22T17:41:57.584Z
sensor.air_quality_monitor_temperature_scd41,24.9909210205078,2026-08-22T17:42:07.596Z
sensor.air_quality_monitor_temperature_scd41,24.9935913085938,2026-08-22T17:42:17.596Z
sensor.air_quality_monitor_temperature_scd41,24.9775695800781,2026-08-22T17:42:27.598Z
sensor.air_quality_monitor_temperature_scd41,24.9935913085938,2026-08-22T17:42:37.598Z
sensor.air_quality_monitor_temperature_scd41,24.9882507324219,2026-08-22T17:42:47.603Z
sensor.air_quality_monitor_temperature_scd41,24.9962615966797,2026-08-22T17:42:57.607Z
sensor.air_quality_monitor_temperature_scd41,25.0122833251953,2026-08-22T17:43:07.618Z
sensor.air_quality_monitor_temperature_scd41,24.98291015625,2026-08-22T17:43:17.625Z
sensor.air_quality_monitor_temperature_scd41,24.9909210205078,2026-08-22T17:43:27.627Z
sensor.air_quality_monitor_temperature_scd41,24.9855804443359,2026-08-22T17:43:37.633Z
sensor.air_quality_monitor_temperature_scd41,24.9935913085938,2026-08-22T17:43:47.636Z
sensor.air_quality_monitor_temperature_scd41,24.9855804443359,2026-08-22T17:43:57.638Z
sensor.air_quality_monitor_temperature_scd41,25.0149536132812,2026-08-22T17:44:07.643Z
sensor.air_quality_monitor_temperature_scd41,24.9775695800781,2026-08-22T17:44:17.647Z
sensor.air_quality_monitor_temperature_scd41,25.0042724609375,2026-08-22T17:44:27.647Z
sensor.air_quality_monitor_temperature_scd41,24.9642181396484,2026-08-22T17:44:37.648Z
sensor.air_quality_monitor_temperature_scd41,24.9909210205078,2026-08-22T17:44:47.652Z
sensor.air_quality_monitor_temperature_scd41,24.9802398681641,2026-08-22T17:44:57.656Z
sensor.air_quality_monitor_temperature_scd41,25.0016021728516,2026-08-22T17:45:07.666Z
sensor.air_quality_monitor_temperature_scd41,24.9882507324219,2026-08-22T17:45:17.670Z
sensor.air_quality_monitor_temperature_scd41,24.9909210205078,2026-08-22T17:45:27.675Z
sensor.air_quality_monitor_temperature_scd41,24.9775695800781,2026-08-22T17:45:37.679Z
sensor.air_quality_monitor_temperature_scd41,24.9802398681641,2026-08-22T17:45:47.684Z
sensor.air_quality_monitor_temperature_scd41,24.9909210205078,2026-08-22T17:45:57.684Z
sensor.air_quality_monitor_temperature_scd41,24.9642181396484,2026-08-22T17:46:07.687Z
sensor.air_quality_monitor_temperature_scd41,24.9855804443359,2026-08-22T17:46:17.691Z
sensor.air_quality_monitor_temperature_scd41,24.9962615966797,2026-08-22T17:46:27.694Z
sensor.air_quality_monitor_temperature_scd41,24.9748992919922,2026-08-22T17:46:47.695Z
sensor.air_quality_monitor_temperature_scd41,24.9775695800781,2026-08-22T17:46:57.698Z
sensor.air_quality_monitor_temperature_scd41,24.9668884277344,2026-08-22T17:47:07.707Z
sensor.air_quality_monitor_temperature_scd41,24.9775695800781,2026-08-22T17:47:17.711Z
sensor.air_quality_monitor_temperature_scd41,24.9695587158203,2026-08-22T17:47:27.715Z
sensor.air_quality_monitor_temperature_scd41,24.9855804443359,2026-08-22T17:47:47.720Z
sensor.air_quality_monitor_temperature_scd41,24.9508666992188,2026-08-22T17:47:57.720Z
sensor.air_quality_monitor_temperature_scd41,24.9748992919922,2026-08-22T17:48:07.723Z
sensor.air_quality_monitor_temperature_scd41,24.9642181396484,2026-08-22T17:48:17.727Z
sensor.air_quality_monitor_temperature_scd41,24.9668884277344,2026-08-22T17:48:27.728Z
sensor.air_quality_monitor_temperature_scd41,24.9722290039062,2026-08-22T17:48:47.731Z
sensor.air_quality_monitor_temperature_scd41,24.9615478515625,2026-08-22T17:48:57.739Z
sensor.air_quality_monitor_temperature_scd41,24.9775695800781,2026-08-22T17:49:07.744Z
sensor.air_quality_monitor_temperature_scd41,24.9375152587891,2026-08-22T17:49:17.744Z
sensor.air_quality_monitor_temperature_scd41,24.9588775634766,2026-08-22T17:49:27.750Z
sensor.air_quality_monitor_temperature_scd41,24.9268341064453,2026-08-22T17:49:37.756Z
sensor.air_quality_monitor_temperature_scd41,24.9642181396484,2026-08-22T17:49:47.759Z
sensor.air_quality_monitor_temperature_scd41,24.9508666992188,2026-08-22T17:49:57.762Z
sensor.air_quality_monitor_temperature_scd41,24.9428558349609,2026-08-22T17:50:07.764Z
sensor.air_quality_monitor_temperature_scd41,24.9295043945312,2026-08-22T17:50:17.772Z
sensor.air_quality_monitor_temperature_scd41,24.9268341064453,2026-08-22T17:50:27.771Z
sensor.air_quality_monitor_temperature_scd41,24.9161529541016,2026-08-22T17:50:37.771Z
sensor.air_quality_monitor_temperature_scd41,24.9268341064453,2026-08-22T17:50:47.773Z
sensor.air_quality_monitor_temperature_scd41,24.9375152587891,2026-08-22T17:50:57.781Z
sensor.air_quality_monitor_temperature_scd41,24.9001312255859,2026-08-22T17:51:07.792Z
sensor.air_quality_monitor_temperature_scd41,24.9108123779297,2026-08-22T17:51:17.794Z
sensor.air_quality_monitor_temperature_scd41,24.9001312255859,2026-08-22T17:51:27.797Z
sensor.air_quality_monitor_temperature_scd41,24.8974609375,2026-08-22T17:51:37.803Z
sensor.air_quality_monitor_temperature_scd41,24.9188232421875,2026-08-22T17:51:47.806Z
sensor.air_quality_monitor_temperature_scd41,24.8947906494141,2026-08-22T17:51:57.805Z
sensor.air_quality_monitor_temperature_scd41,24.8894500732422,2026-08-22T17:52:07.811Z
sensor.air_quality_monitor_temperature_scd41,24.9001312255859,2026-08-22T17:52:17.814Z
sensor.air_quality_monitor_temperature_scd41,24.8894500732422,2026-08-22T17:52:27.813Z
sensor.air_quality_monitor_temperature_scd41,24.9295043945312,2026-08-22T17:52:37.814Z
sensor.air_quality_monitor_temperature_scd41,24.9108123779297,2026-08-22T17:52:47.819Z
sensor.air_quality_monitor_temperature_scd41,24.8787689208984,2026-08-22T17:52:57.823Z
sensor.air_quality_monitor_temperature_scd41,24.8921203613281,2026-08-22T17:53:07.833Z
sensor.air_quality_monitor_temperature_scd41,24.8814392089844,2026-08-22T17:53:17.837Z
sensor.air_quality_monitor_temperature_scd41,24.8760986328125,2026-08-22T17:53:27.844Z
sensor.air_quality_monitor_temperature_scd41,24.8921203613281,2026-08-22T17:53:37.848Z
sensor.air_quality_monitor_temperature_scd41,24.8707580566406,2026-08-22T17:53:47.854Z
sensor.air_quality_monitor_temperature_scd41,24.8787689208984,2026-08-22T17:53:57.853Z
sensor.air_quality_monitor_temperature_scd41,24.8520660400391,2026-08-22T17:54:07.858Z
sensor.air_quality_monitor_temperature_scd41,24.8734283447266,2026-08-22T17:54:17.869Z
sensor.air_quality_monitor_temperature_scd41,24.8413848876953,2026-08-22T17:54:27.870Z
sensor.air_quality_monitor_temperature_scd41,24.8654174804688,2026-08-22T17:54:37.871Z
sensor.air_quality_monitor_temperature_scd41,24.8574066162109,2026-08-22T17:54:47.870Z
sensor.air_quality_monitor_temperature_scd41,24.8387145996094,2026-08-22T17:54:57.873Z
sensor.air_quality_monitor_temperature_scd41,24.8627471923828,2026-08-22T17:55:07.884Z
sensor.air_quality_monitor_temperature_scd41,24.8467254638672,2026-08-22T17:55:17.889Z
sensor.air_quality_monitor_temperature_scd41,24.8520660400391,2026-08-22T17:55:27.890Z
sensor.air_quality_monitor_temperature_scd41,24.8360443115234,2026-08-22T17:55:37.895Z
sensor.air_quality_monitor_temperature_scd41,24.8520660400391,2026-08-22T17:55:47.901Z
sensor.air_quality_monitor_temperature_scd41,24.8360443115234,2026-08-22T17:55:57.902Z
sensor.air_quality_monitor_temperature_scd41,24.8307037353516,2026-08-22T17:56:07.904Z
sensor.air_quality_monitor_temperature_scd41,24.8654174804688,2026-08-22T17:56:17.904Z
sensor.air_quality_monitor_temperature_scd41,24.8387145996094,2026-08-22T17:56:27.905Z
sensor.air_quality_monitor_temperature_scd41,24.8360443115234,2026-08-22T17:56:37.907Z
sensor.air_quality_monitor_temperature_scd41,24.8467254638672,2026-08-22T17:56:47.914Z
sensor.air_quality_monitor_temperature_scd41,24.8360443115234,2026-08-22T17:56:57.909Z
sensor.air_quality_monitor_temperature_scd41,24.8413848876953,2026-08-22T17:57:07.913Z
sensor.air_quality_monitor_temperature_scd41,24.8440551757812,2026-08-22T17:57:17.921Z
sensor.air_quality_monitor_temperature_scd41,24.8520660400391,2026-08-22T17:57:27.923Z
sensor.air_quality_monitor_temperature_scd41,24.8413848876953,2026-08-22T17:57:37.929Z
sensor.air_quality_monitor_temperature_scd41,24.8387145996094,2026-08-22T17:57:47.932Z
sensor.air_quality_monitor_temperature_scd41,24.8280334472656,2026-08-22T17:57:57.934Z
sensor.air_quality_monitor_temperature_scd41,24.854736328125,2026-08-22T17:58:17.947Z
sensor.air_quality_monitor_temperature_scd41,24.8387145996094,2026-08-22T17:58:27.940Z
sensor.air_quality_monitor_temperature_scd41,24.8253631591797,2026-08-22T17:58:37.941Z
sensor.air_quality_monitor_temperature_scd41,24.8387145996094,2026-08-22T17:58:47.945Z
sensor.air_quality_monitor_temperature_scd41,24.8307037353516,2026-08-22T17:58:57.946Z
sensor.air_quality_monitor_temperature_scd41,24.854736328125,2026-08-22T17:59:17.960Z
sensor.air_quality_monitor_temperature_scd41,24.8520660400391,2026-08-22T17:59:27.964Z
sensor.air_quality_monitor_temperature_scd41,24.8387145996094,2026-08-22T17:59:37.968Z
sensor.air_quality_monitor_temperature_scd41,24.8146820068359,2026-08-22T17:59:47.969Z
sensor.air_quality_monitor_temperature_scd41,24.8440551757812,2026-08-22T17:59:57.969Z
sensor.air_quality_monitor_temperature_scd41,24.8253631591797,2026-08-22T18:00:07.973Z
sensor.air_quality_monitor_temperature_scd41,24.8467254638672,2026-08-22T18:00:27.977Z
sensor.air_quality_monitor_temperature_scd41,24.8413848876953,2026-08-22T18:00:37.978Z
sensor.air_quality_monitor_temperature_scd41,24.8200225830078,2026-08-22T18:00:47.979Z
sensor.air_quality_monitor_temperature_scd41,24.8387145996094,2026-08-22T18:00:57.985Z
sensor.air_quality_monitor_temperature_scd41,24.8200225830078,2026-08-22T18:01:17.994Z
sensor.air_quality_monitor_temperature_scd41,24.8253631591797,2026-08-22T18:01:28.000Z
sensor.air_quality_monitor_temperature_scd41,24.8146820068359,2026-08-22T18:01:38.000Z
sensor.air_quality_monitor_temperature_scd41,24.8360443115234,2026-08-22T18:01:48.007Z
sensor.air_quality_monitor_temperature_scd41,24.8493957519531,2026-08-22T18:01:58.010Z
sensor.air_quality_monitor_temperature_scd41,24.8307037353516,2026-08-22T18:02:08.013Z
sensor.air_quality_monitor_temperature_scd41,24.8146820068359,2026-08-22T18:02:18.020Z
sensor.air_quality_monitor_temperature_scd41,24.8440551757812,2026-08-22T18:02:28.021Z
sensor.air_quality_monitor_temperature_scd41,24.8387145996094,2026-08-22T18:02:38.019Z
sensor.air_quality_monitor_temperature_scd41,24.8173522949219,2026-08-22T18:02:48.021Z
sensor.air_quality_monitor_temperature_scd41,24.8280334472656,2026-08-22T18:02:58.025Z
sensor.air_quality_monitor_temperature_scd41,24.8173522949219,2026-08-22T18:03:08.041Z
sensor.air_quality_monitor_temperature_scd41,24.8627471923828,2026-08-22T18:03:18.042Z
sensor.air_quality_monitor_temperature_scd41,24.8226928710938,2026-08-22T18:03:28.043Z
sensor.air_quality_monitor_temperature_scd41,24.8253631591797,2026-08-22T18:03:38.048Z
sensor.air_quality_monitor_temperature_scd41,24.8360443115234,2026-08-22T18:03:48.053Z
sensor.air_quality_monitor_temperature_scd41,24.8387145996094,2026-08-22T18:03:58.054Z
sensor.air_quality_monitor_temperature_scd41,24.8413848876953,2026-08-22T18:04:08.061Z
sensor.air_quality_monitor_temperature_scd41,24.8066711425781,2026-08-22T18:04:18.063Z
sensor.air_quality_monitor_temperature_scd41,24.8333740234375,2026-08-22T18:04:28.067Z
sensor.air_quality_monitor_temperature_scd41,24.8226928710938,2026-08-22T18:04:38.066Z
sensor.air_quality_monitor_temperature_scd41,24.8253631591797,2026-08-22T18:04:48.069Z
sensor.air_quality_monitor_temperature_scd41,24.8360443115234,2026-08-22T18:04:58.074Z
sensor.air_quality_monitor_temperature_scd41,24.8520660400391,2026-08-22T18:05:08.084Z
sensor.air_quality_monitor_temperature_scd41,24.8413848876953,2026-08-22T18:05:18.085Z
sensor.air_quality_monitor_temperature_scd41,24.8253631591797,2026-08-22T18:05:28.089Z
sensor.air_quality_monitor_temperature_scd41,24.8360443115234,2026-08-22T18:05:38.093Z
sensor.air_quality_monitor_temperature_scd41,24.8280334472656,2026-08-22T18:05:48.098Z
sensor.air_quality_monitor_temperature_scd41,24.8200225830078,2026-08-22T18:05:58.097Z
sensor.air_quality_monitor_temperature_scd41,24.8253631591797,2026-08-22T18:06:08.100Z
sensor.air_quality_monitor_temperature_scd41,24.8146820068359,2026-08-22T18:06:18.104Z
sensor.air_quality_monitor_temperature_scd41,24.8253631591797,2026-08-22T18:06:28.105Z
sensor.air_quality_monitor_temperature_scd41,24.8307037353516,2026-08-22T18:06:38.107Z
sensor.air_quality_monitor_temperature_scd41,24.8040008544922,2026-08-22T18:06:58.117Z
sensor.air_quality_monitor_temperature_scd41,24.8280334472656,2026-08-22T18:07:08.126Z
sensor.air_quality_monitor_temperature_scd41,24.8013305664062,2026-08-22T18:07:18.132Z
sensor.air_quality_monitor_temperature_scd41,24.8280334472656,2026-08-22T18:07:28.140Z
sensor.air_quality_monitor_temperature_scd41,24.8173522949219,2026-08-22T18:07:38.142Z
sensor.air_quality_monitor_temperature_scd41,24.8200225830078,2026-08-22T18:07:48.149Z
sensor.air_quality_monitor_temperature_scd41,24.8253631591797,2026-08-22T18:07:58.151Z
sensor.air_quality_monitor_temperature_scd41,24.8173522949219,2026-08-22T18:08:08.154Z
sensor.air_quality_monitor_temperature_scd41,24.8200225830078,2026-08-22T18:08:18.157Z
sensor.air_quality_monitor_temperature_scd41,24.8146820068359,2026-08-22T18:08:28.159Z
sensor.air_quality_monitor_temperature_scd41,24.8173522949219,2026-08-22T18:08:38.160Z
sensor.air_quality_monitor_temperature_scd41,24.8360443115234,2026-08-22T18:08:48.167Z
sensor.air_quality_monitor_temperature_scd41,24.8066711425781,2026-08-22T18:08:58.169Z
sensor.air_quality_monitor_temperature_scd41,24.8226928710938,2026-08-22T18:09:08.179Z
sensor.air_quality_monitor_temperature_scd41,24.8387145996094,2026-08-22T18:09:18.181Z
sensor.air_quality_monitor_temperature_scd41,24.8200225830078,2026-08-22T18:09:28.184Z
sensor.air_quality_monitor_temperature_scd41,24.8307037353516,2026-08-22T18:09:38.187Z
sensor.air_quality_monitor_temperature_scd41,24.8253631591797,2026-08-22T18:09:48.190Z
sensor.air_quality_monitor_temperature_scd41,24.8387145996094,2026-08-22T18:10:08.194Z
sensor.air_quality_monitor_temperature_scd41,24.8146820068359,2026-08-22T18:10:18.186Z
sensor.air_quality_monitor_temperature_scd41,24.8440551757812,2026-08-22T18:10:28.201Z
sensor.air_quality_monitor_temperature_scd41,24.8360443115234,2026-08-22T18:10:38.207Z
sensor.air_quality_monitor_temperature_scd41,24.8520660400391,2026-08-22T18:10:48.207Z
sensor.air_quality_monitor_temperature_scd41,24.8627471923828,2026-08-22T18:10:58.208Z
sensor.air_quality_monitor_temperature_scd41,24.8467254638672,2026-08-22T18:11:08.214Z
sensor.air_quality_monitor_temperature_scd41,24.8627471923828,2026-08-22T18:11:18.218Z
sensor.air_quality_monitor_temperature_scd41,24.8680877685547,2026-08-22T18:11:28.220Z
sensor.air_quality_monitor_temperature_scd41,24.8654174804688,2026-08-22T18:11:48.224Z
sensor.air_quality_monitor_temperature_scd41,24.8493957519531,2026-08-22T18:11:58.227Z
sensor.air_quality_monitor_temperature_scd41,24.8680877685547,2026-08-22T18:12:18.231Z
sensor.air_quality_monitor_temperature_scd41,24.8787689208984,2026-08-22T18:12:38.233Z
sensor.air_quality_monitor_temperature_scd41,24.8760986328125,2026-08-22T18:12:48.237Z
sensor.air_quality_monitor_temperature_scd41,24.8787689208984,2026-08-22T18:12:58.243Z
sensor.air_quality_monitor_temperature_scd41,24.8627471923828,2026-08-22T18:13:08.253Z
sensor.air_quality_monitor_temperature_scd41,24.8814392089844,2026-08-22T18:13:18.260Z
sensor.air_quality_monitor_temperature_scd41,24.854736328125,2026-08-22T18:13:28.258Z
sensor.air_quality_monitor_temperature_scd41,24.8600769042969,2026-08-22T18:13:38.262Z
sensor.air_quality_monitor_temperature_scd41,24.8654174804688,2026-08-22T18:13:48.265Z
sensor.air_quality_monitor_temperature_scd41,24.8760986328125,2026-08-22T18:13:58.263Z
sensor.air_quality_monitor_temperature_scd41,24.8520660400391,2026-08-22T18:14:08.266Z
sensor.air_quality_monitor_temperature_scd41,24.8734283447266,2026-08-22T18:14:18.252Z
sensor.air_quality_monitor_temperature_scd41,24.8627471923828,2026-08-22T18:14:28.267Z
sensor.air_quality_monitor_temperature_scd41,24.8734283447266,2026-08-22T18:14:38.267Z
sensor.air_quality_monitor_temperature_scd41,24.8654174804688,2026-08-22T18:14:48.272Z
sensor.air_quality_monitor_temperature_scd41,24.8787689208984,2026-08-22T18:14:58.273Z
sensor.air_quality_monitor_temperature_scd41,24.8707580566406,2026-08-22T18:15:08.283Z
sensor.air_quality_monitor_temperature_scd41,24.8627471923828,2026-08-22T18:15:18.287Z
sensor.air_quality_monitor_temperature_scd41,24.8574066162109,2026-08-22T18:15:38.289Z
sensor.air_quality_monitor_temperature_scd41,24.8467254638672,2026-08-22T18:15:48.290Z
sensor.air_quality_monitor_temperature_scd41,24.8627471923828,2026-08-22T18:15:58.290Z
sensor.air_quality_monitor_temperature_scd41,24.8307037353516,2026-08-22T18:16:08.293Z
sensor.air_quality_monitor_temperature_scd41,24.8360443115234,2026-08-22T18:16:18.300Z
sensor.air_quality_monitor_temperature_scd41,24.854736328125,2026-08-22T18:16:28.307Z
sensor.air_quality_monitor_temperature_scd41,24.8600769042969,2026-08-22T18:16:38.308Z
sensor.air_quality_monitor_temperature_scd41,24.8200225830078,2026-08-22T18:16:48.309Z
sensor.air_quality_monitor_temperature_scd41,24.8467254638672,2026-08-22T18:16:58.312Z
sensor.air_quality_monitor_temperature_scd41,24.8360443115234,2026-08-22T18:17:08.321Z
sensor.air_quality_monitor_temperature_scd41,24.8467254638672,2026-08-22T18:17:18.325Z
sensor.air_quality_monitor_temperature_scd41,24.8440551757812,2026-08-22T18:17:28.329Z
sensor.air_quality_monitor_temperature_scd41,24.8360443115234,2026-08-22T18:17:38.334Z
sensor.air_quality_monitor_temperature_scd41,24.8307037353516,2026-08-22T18:17:48.335Z
sensor.air_quality_monitor_temperature_scd41,24.8173522949219,2026-08-22T18:17:58.337Z
sensor.air_quality_monitor_temperature_scd41,24.81201171875,2026-08-22T18:18:08.339Z
sensor.air_quality_monitor_temperature_scd41,24.8280334472656,2026-08-22T18:18:18.344Z
sensor.air_quality_monitor_temperature_scd41,24.8387145996094,2026-08-22T18:18:28.345Z
sensor.air_quality_monitor_temperature_scd41,24.8173522949219,2026-08-22T18:18:38.345Z
sensor.air_quality_monitor_temperature_scd41,24.8146820068359,2026-08-22T18:18:48.346Z
sensor.air_quality_monitor_temperature_scd41,24.8253631591797,2026-08-22T18:18:58.348Z
sensor.air_quality_monitor_temperature_scd41,24.8360443115234,2026-08-22T18:19:18.359Z
sensor.air_quality_monitor_temperature_scd41,24.8387145996094,2026-08-22T18:19:28.362Z
sensor.air_quality_monitor_temperature_scd41,24.8467254638672,2026-08-22T18:19:38.372Z
sensor.air_quality_monitor_temperature_scd41,24.854736328125,2026-08-22T18:19:48.376Z
sensor.air_quality_monitor_temperature_scd41,24.8253631591797,2026-08-22T18:19:58.379Z
sensor.air_quality_monitor_temperature_scd41,24.8654174804688,2026-08-22T18:20:08.367Z
sensor.air_quality_monitor_temperature_scd41,24.8253631591797,2026-08-22T18:20:18.385Z
sensor.air_quality_monitor_temperature_scd41,24.8520660400391,2026-08-22T18:20:28.385Z
binary_sensor.air_quality_monitor_charging,off,2026-08-22T14:15:00.000Z
binary_sensor.air_quality_monitor_charging,on,2026-08-22T14:25:55.333Z
binary_sensor.air_quality_monitor_charging,off,2026-08-22T17:25:58.293Z
